runs/online-c1-core-audit-20261008/canary-focused-build-v1.log:719: trailing whitespace.
+  
runs/online-c1-core-audit-20261008/canary-focused-build-v1.log:721: trailing whitespace.
+    
runs/online-c1-core-audit-20261008/canary-focused-build-v1.log:726: trailing whitespace.
+  
runs/online-c1-core-audit-20261008/canary-focused-build-v1.log:728: trailing whitespace.
+    
runs/online-c1-core-audit-20261008/canary-focused-build-v1.log:889: trailing whitespace.
+  
runs/online-c1-core-audit-20261008/canary-focused-build-v1.log:891: trailing whitespace.
+    
runs/online-c1-core-audit-20261008/canary-focused-build-v1.log:1040: trailing whitespace.
+  
runs/online-c1-core-audit-20261008/canary-focused-build-v1.log:1042: trailing whitespace.
+    
runs/online-c1-core-audit-20261008/canary-focused-build-v1.log:1211: trailing whitespace.
+  
runs/online-c1-core-audit-20261008/canary-focused-build-v1.log:1213: trailing whitespace.
+    
runs/online-c1-core-audit-20261008/canary-focused-build-v1.log:1253: trailing whitespace.
+  
runs/online-c1-core-audit-20261008/canary-focused-build-v1.log:1255: trailing whitespace.
+    
runs/online-c1-core-audit-20261008/canary-focused-build-v1.log:1748: trailing whitespace.
+  
runs/online-c1-core-audit-20261008/canary-focused-build-v1.log:1750: trailing whitespace.
+    
runs/online-c1-core-audit-20261008/canary-focused-build-v1.log:1799: trailing whitespace.
+  
runs/online-c1-core-audit-20261008/canary-focused-build-v1.log:1801: trailing whitespace.
+    
runs/online-c1-core-audit-20261008/canary-focused-build-v2.log:719: trailing whitespace.
+  
runs/online-c1-core-audit-20261008/canary-focused-build-v2.log:721: trailing whitespace.
+    
runs/online-c1-core-audit-20261008/canary-focused-build-v2.log:726: trailing whitespace.
+  
runs/online-c1-core-audit-20261008/canary-focused-build-v2.log:728: trailing whitespace.
+    
runs/online-c1-core-audit-20261008/canary-focused-build-v2.log:889: trailing whitespace.
+  
runs/online-c1-core-audit-20261008/canary-focused-build-v2.log:891: trailing whitespace.
+    
runs/online-c1-core-audit-20261008/canary-focused-build-v2.log:1040: trailing whitespace.
+  
runs/online-c1-core-audit-20261008/canary-focused-build-v2.log:1042: trailing whitespace.
+    
runs/online-c1-core-audit-20261008/canary-focused-build-v2.log:1211: trailing whitespace.
+  
runs/online-c1-core-audit-20261008/canary-focused-build-v2.log:1213: trailing whitespace.
+    
runs/online-c1-core-audit-20261008/canary-focused-build-v2.log:1253: trailing whitespace.
+  
runs/online-c1-core-audit-20261008/canary-focused-build-v2.log:1255: trailing whitespace.
+    
runs/online-c1-core-audit-20261008/canary-focused-build-v2.log:1748: trailing whitespace.
+  
runs/online-c1-core-audit-20261008/canary-focused-build-v2.log:1750: trailing whitespace.
+    
runs/online-c1-core-audit-20261008/canary-focused-build-v2.log:1799: trailing whitespace.
+  
runs/online-c1-core-audit-20261008/canary-focused-build-v2.log:1801: trailing whitespace.
+    
runs/online-c1-core-audit-20261008/canary-focused-build-v3.log:719: trailing whitespace.
+  
runs/online-c1-core-audit-20261008/canary-focused-build-v3.log:721: trailing whitespace.
+    
runs/online-c1-core-audit-20261008/canary-focused-build-v3.log:726: trailing whitespace.
+  
runs/online-c1-core-audit-20261008/canary-focused-build-v3.log:728: trailing whitespace.
+    
runs/online-c1-core-audit-20261008/canary-focused-build-v3.log:889: trailing whitespace.
+  
runs/online-c1-core-audit-20261008/canary-focused-build-v3.log:891: trailing whitespace.
+    
runs/online-c1-core-audit-20261008/canary-focused-build-v3.log:1040: trailing whitespace.
+  
runs/online-c1-core-audit-20261008/canary-focused-build-v3.log:1042: trailing whitespace.
+    
runs/online-c1-core-audit-20261008/canary-focused-build-v3.log:1211: trailing whitespace.
+  
runs/online-c1-core-audit-20261008/canary-focused-build-v3.log:1213: trailing whitespace.
+    
runs/online-c1-core-audit-20261008/canary-focused-build-v3.log:1253: trailing whitespace.
+  
runs/online-c1-core-audit-20261008/canary-focused-build-v3.log:1255: trailing whitespace.
+    
runs/online-c1-core-audit-20261008/canary-focused-build-v3.log:1748: trailing whitespace.
+  
runs/online-c1-core-audit-20261008/canary-focused-build-v3.log:1750: trailing whitespace.
+    
runs/online-c1-core-audit-20261008/canary-focused-build-v3.log:1799: trailing whitespace.
+  
runs/online-c1-core-audit-20261008/canary-focused-build-v3.log:1801: trailing whitespace.
+    
runs/online-c1-core-audit-20261008/combined-Tests-build-v1.log:1310: trailing whitespace.
+  
runs/online-c1-core-audit-20261008/combined-Tests-build-v1.log:1312: trailing whitespace.
+    
runs/online-c1-core-audit-20261008/combined-Tests-build-v1.log:1317: trailing whitespace.
+  
runs/online-c1-core-audit-20261008/combined-Tests-build-v1.log:1319: trailing whitespace.
+    
runs/online-c1-core-audit-20261008/combined-Tests-build-v1.log:1480: trailing whitespace.
+  
runs/online-c1-core-audit-20261008/combined-Tests-build-v1.log:1482: trailing whitespace.
+    
runs/online-c1-core-audit-20261008/combined-Tests-build-v1.log:1631: trailing whitespace.
+  
runs/online-c1-core-audit-20261008/combined-Tests-build-v1.log:1633: trailing whitespace.
+    
runs/online-c1-core-audit-20261008/combined-Tests-build-v1.log:1802: trailing whitespace.
+  
runs/online-c1-core-audit-20261008/combined-Tests-build-v1.log:1804: trailing whitespace.
+    
runs/online-c1-core-audit-20261008/combined-Tests-build-v1.log:1844: trailing whitespace.
+  
runs/online-c1-core-audit-20261008/combined-Tests-build-v1.log:1846: trailing whitespace.
+    
runs/online-c1-core-audit-20261008/combined-Tests-build-v1.log:2339: trailing whitespace.
+  
runs/online-c1-core-audit-20261008/combined-Tests-build-v1.log:2341: trailing whitespace.
+    
runs/online-c1-core-audit-20261008/combined-Tests-build-v1.log:2390: trailing whitespace.
+  
runs/online-c1-core-audit-20261008/combined-Tests-build-v1.log:2392: trailing whitespace.
+    
runs/online-c1-core-audit-20261008/combined-Tests-build-v1.log:6820: trailing whitespace.
+  
runs/online-c1-core-audit-20261008/combined-Tests-build-v1.log:6822: trailing whitespace.
+    
runs/online-c1-core-audit-20261008/combined-full-harness-v1.log:777: trailing whitespace.
+  
runs/online-c1-core-audit-20261008/combined-full-harness-v1.log:779: trailing whitespace.
+    
runs/online-c1-core-audit-20261008/combined-full-harness-v1.log:928: trailing whitespace.
+  
runs/online-c1-core-audit-20261008/combined-full-harness-v1.log:930: trailing whitespace.
+    
runs/online-c1-core-audit-20261008/combined-full-harness-v1.log:1099: trailing whitespace.
+  
runs/online-c1-core-audit-20261008/combined-full-harness-v1.log:1101: trailing whitespace.
+    
runs/online-c1-core-audit-20261008/combined-full-harness-v1.log:1141: trailing whitespace.
+  
runs/online-c1-core-audit-20261008/combined-full-harness-v1.log:1143: trailing whitespace.
+    
runs/online-c1-core-audit-20261008/combined-full-harness-v1.log:1270: trailing whitespace.
+  
runs/online-c1-core-audit-20261008/combined-full-harness-v1.log:1272: trailing whitespace.
+    
runs/online-c1-core-audit-20261008/combined-full-harness-v1.log:1277: trailing whitespace.
+  
runs/online-c1-core-audit-20261008/combined-full-harness-v1.log:1279: trailing whitespace.
+    
runs/online-c1-core-audit-20261008/combined-full-harness-v1.log:1749: trailing whitespace.
+  
runs/online-c1-core-audit-20261008/combined-full-harness-v1.log:1751: trailing whitespace.
+    
runs/online-c1-core-audit-20261008/combined-full-harness-v1.log:1800: trailing whitespace.
+  
runs/online-c1-core-audit-20261008/combined-full-harness-v1.log:1802: trailing whitespace.
+    
runs/online-c1-core-audit-20261008/combined-full-harness-v1.log:3662: trailing whitespace.
+  
runs/online-c1-core-audit-20261008/combined-full-harness-v1.log:3664: trailing whitespace.
+    
runs/online-c1-core-audit-20261008/combined-full-harness-v1.log:3669: trailing whitespace.
+  
runs/online-c1-core-audit-20261008/combined-full-harness-v1.log:3671: trailing whitespace.
+    
runs/online-c1-core-audit-20261008/combined-full-harness-v1.log:3832: trailing whitespace.
+  
runs/online-c1-core-audit-20261008/combined-full-harness-v1.log:3834: trailing whitespace.
+    
runs/online-c1-core-audit-20261008/combined-full-harness-v1.log:3983: trailing whitespace.
+  
runs/online-c1-core-audit-20261008/combined-full-harness-v1.log:3985: trailing whitespace.
+    
runs/online-c1-core-audit-20261008/combined-full-harness-v1.log:4154: trailing whitespace.
+  
runs/online-c1-core-audit-20261008/combined-full-harness-v1.log:4156: trailing whitespace.
+    
runs/online-c1-core-audit-20261008/combined-full-harness-v1.log:4196: trailing whitespace.
+  
runs/online-c1-core-audit-20261008/combined-full-harness-v1.log:4198: trailing whitespace.
+    
runs/online-c1-core-audit-20261008/combined-full-harness-v1.log:4691: trailing whitespace.
+  
runs/online-c1-core-audit-20261008/combined-full-harness-v1.log:4693: trailing whitespace.
+    
runs/online-c1-core-audit-20261008/combined-full-harness-v1.log:4742: trailing whitespace.
+  
runs/online-c1-core-audit-20261008/combined-full-harness-v1.log:4744: trailing whitespace.
+    
runs/online-c1-core-audit-20261008/combined-full-harness-v1.log:9172: trailing whitespace.
+  
runs/online-c1-core-audit-20261008/combined-full-harness-v1.log:9174: trailing whitespace.
+    
runs/online-c1-core-audit-20261008/combined-full-harness-v2.log:720: trailing whitespace.
+  
runs/online-c1-core-audit-20261008/combined-full-harness-v2.log:722: trailing whitespace.
+    
runs/online-c1-core-audit-20261008/combined-full-harness-v2.log:727: trailing whitespace.
+  
runs/online-c1-core-audit-20261008/combined-full-harness-v2.log:729: trailing whitespace.
+    
runs/online-c1-core-audit-20261008/combined-full-harness-v2.log:890: trailing whitespace.
+  
runs/online-c1-core-audit-20261008/combined-full-harness-v2.log:892: trailing whitespace.
+    
runs/online-c1-core-audit-20261008/combined-full-harness-v2.log:1041: trailing whitespace.
+  
runs/online-c1-core-audit-20261008/combined-full-harness-v2.log:1043: trailing whitespace.
+    
runs/online-c1-core-audit-20261008/combined-full-harness-v2.log:1212: trailing whitespace.
+  
runs/online-c1-core-audit-20261008/combined-full-harness-v2.log:1214: trailing whitespace.
+    
runs/online-c1-core-audit-20261008/combined-full-harness-v2.log:1254: trailing whitespace.
+  
runs/online-c1-core-audit-20261008/combined-full-harness-v2.log:1256: trailing whitespace.
+    
runs/online-c1-core-audit-20261008/combined-full-harness-v2.log:1749: trailing whitespace.
+  
runs/online-c1-core-audit-20261008/combined-full-harness-v2.log:1751: trailing whitespace.
+    
runs/online-c1-core-audit-20261008/combined-full-harness-v2.log:1800: trailing whitespace.
+  
runs/online-c1-core-audit-20261008/combined-full-harness-v2.log:1802: trailing whitespace.
+    
runs/online-c1-core-audit-20261008/combined-full-harness-v2.log:3662: trailing whitespace.
+  
runs/online-c1-core-audit-20261008/combined-full-harness-v2.log:3664: trailing whitespace.
+    
runs/online-c1-core-audit-20261008/combined-full-harness-v2.log:3669: trailing whitespace.
+  
runs/online-c1-core-audit-20261008/combined-full-harness-v2.log:3671: trailing whitespace.
+    
runs/online-c1-core-audit-20261008/combined-full-harness-v2.log:3832: trailing whitespace.
+  
runs/online-c1-core-audit-20261008/combined-full-harness-v2.log:3834: trailing whitespace.
+    
runs/online-c1-core-audit-20261008/combined-full-harness-v2.log:3983: trailing whitespace.
+  
runs/online-c1-core-audit-20261008/combined-full-harness-v2.log:3985: trailing whitespace.
+    
runs/online-c1-core-audit-20261008/combined-full-harness-v2.log:4154: trailing whitespace.
+  
runs/online-c1-core-audit-20261008/combined-full-harness-v2.log:4156: trailing whitespace.
+    
runs/online-c1-core-audit-20261008/combined-full-harness-v2.log:4196: trailing whitespace.
+  
runs/online-c1-core-audit-20261008/combined-full-harness-v2.log:4198: trailing whitespace.
+    
runs/online-c1-core-audit-20261008/combined-full-harness-v2.log:4691: trailing whitespace.
+  
runs/online-c1-core-audit-20261008/combined-full-harness-v2.log:4693: trailing whitespace.
+    
runs/online-c1-core-audit-20261008/combined-full-harness-v2.log:4742: trailing whitespace.
+  
runs/online-c1-core-audit-20261008/combined-full-harness-v2.log:4744: trailing whitespace.
+    
runs/online-c1-core-audit-20261008/combined-full-harness-v2.log:9172: trailing whitespace.
+  
runs/online-c1-core-audit-20261008/combined-full-harness-v2.log:9174: trailing whitespace.
+    
runs/online-c1-core-audit-20261008/combined-root-build-v1.log:686: trailing whitespace.
+  
runs/online-c1-core-audit-20261008/combined-root-build-v1.log:688: trailing whitespace.
+    
runs/online-c1-core-audit-20261008/combined-root-build-v1.log:837: trailing whitespace.
+  
runs/online-c1-core-audit-20261008/combined-root-build-v1.log:839: trailing whitespace.
+    
runs/online-c1-core-audit-20261008/combined-root-build-v1.log:1098: trailing whitespace.
+  
runs/online-c1-core-audit-20261008/combined-root-build-v1.log:1100: trailing whitespace.
+    
runs/online-c1-core-audit-20261008/combined-root-build-v1.log:1140: trailing whitespace.
+  
runs/online-c1-core-audit-20261008/combined-root-build-v1.log:1142: trailing whitespace.
+    
runs/online-c1-core-audit-20261008/combined-root-build-v1.log:1706: trailing whitespace.
+  
runs/online-c1-core-audit-20261008/combined-root-build-v1.log:1708: trailing whitespace.
+    
runs/online-c1-core-audit-20261008/combined-root-build-v1.log:1713: trailing whitespace.
+  
runs/online-c1-core-audit-20261008/combined-root-build-v1.log:1715: trailing whitespace.
+    
runs/online-c1-core-audit-20261008/combined-root-build-v1.log:1748: trailing whitespace.
+  
runs/online-c1-core-audit-20261008/combined-root-build-v1.log:1750: trailing whitespace.
+    
runs/online-c1-core-audit-20261008/combined-root-build-v1.log:1799: trailing whitespace.
+  
runs/online-c1-core-audit-20261008/combined-root-build-v1.log:1801: trailing whitespace.
+    
runs/online-c1-core-audit-20261008/snapshots/common-proving-pre-python38-v1.py.raw:41: new blank line at EOF.
runs/online-c1-core-audit-20261008/snapshots/integrated-guard-before-legacy-duplicates-v1.py.raw:60: new blank line at EOF.
runs/online-c1-core-audit-20261008/source-full-diff-v1.log:2: trailing whitespace.
++  
runs/online-c1-core-audit-20261008/source-full-diff-v1.log:4: trailing whitespace.
++    
runs/online-c1-core-audit-20261008/source-full-diff-v1.log:6: trailing whitespace.
++  
runs/online-c1-core-audit-20261008/source-full-diff-v1.log:8: trailing whitespace.
++    
runs/online-c1-core-audit-20261008/source-full-diff-v1.log:10: trailing whitespace.
++  
runs/online-c1-core-audit-20261008/source-full-diff-v1.log:12: trailing whitespace.
++    
runs/online-c1-core-audit-20261008/source-full-diff-v1.log:14: trailing whitespace.
++  
runs/online-c1-core-audit-20261008/source-full-diff-v1.log:16: trailing whitespace.
++    
runs/online-c1-core-audit-20261008/source-full-diff-v1.log:18: trailing whitespace.
++  
runs/online-c1-core-audit-20261008/source-full-diff-v1.log:20: trailing whitespace.
++    
runs/online-c1-core-audit-20261008/source-full-diff-v1.log:22: trailing whitespace.
++  
runs/online-c1-core-audit-20261008/source-full-diff-v1.log:24: trailing whitespace.
++    
runs/online-c1-core-audit-20261008/source-full-diff-v1.log:26: trailing whitespace.
++  
runs/online-c1-core-audit-20261008/source-full-diff-v1.log:28: trailing whitespace.
++    
runs/online-c1-core-audit-20261008/source-full-diff-v1.log:30: trailing whitespace.
++  
runs/online-c1-core-audit-20261008/source-full-diff-v1.log:32: trailing whitespace.
++    
runs/online-c1-core-audit-20261008/source-full-diff-v1.log:34: trailing whitespace.
++  
runs/online-c1-core-audit-20261008/source-full-diff-v1.log:36: trailing whitespace.
++    
runs/online-c1-core-audit-20261008/source-full-diff-v1.log:38: trailing whitespace.
++  
runs/online-c1-core-audit-20261008/source-full-diff-v1.log:40: trailing whitespace.
++    
runs/online-c1-core-audit-20261008/source-full-diff-v1.log:42: trailing whitespace.
++  
runs/online-c1-core-audit-20261008/source-full-diff-v1.log:44: trailing whitespace.
++    
runs/online-c1-core-audit-20261008/source-full-diff-v1.log:46: trailing whitespace.
++  
runs/online-c1-core-audit-20261008/source-full-diff-v1.log:48: trailing whitespace.
++    
runs/online-c1-core-audit-20261008/source-full-diff-v1.log:50: trailing whitespace.
++  
runs/online-c1-core-audit-20261008/source-full-diff-v1.log:52: trailing whitespace.
++    
runs/online-c1-core-audit-20261008/source-full-diff-v1.log:54: trailing whitespace.
++  
runs/online-c1-core-audit-20261008/source-full-diff-v1.log:56: trailing whitespace.
++    
runs/online-c1-core-audit-20261008/source-full-diff-v1.log:58: trailing whitespace.
++  
runs/online-c1-core-audit-20261008/source-full-diff-v1.log:60: trailing whitespace.
++    
runs/online-c1-core-audit-20261008/source-full-diff-v1.log:62: trailing whitespace.
++  
runs/online-c1-core-audit-20261008/source-full-diff-v1.log:64: trailing whitespace.
++    
runs/online-c1-core-audit-20261008/source-full-diff-v1.log:66: trailing whitespace.
++  
runs/online-c1-core-audit-20261008/source-full-diff-v1.log:68: trailing whitespace.
++    
runs/online-c1-core-audit-20261008/source-full-diff-v1.log:70: trailing whitespace.
++  
runs/online-c1-core-audit-20261008/source-full-diff-v1.log:72: trailing whitespace.
++    
runs/online-c1-core-audit-20261008/source-full-diff-v1.log:74: trailing whitespace.
++  
runs/online-c1-core-audit-20261008/source-full-diff-v1.log:76: trailing whitespace.
++    
runs/online-c1-core-audit-20261008/source-full-diff-v1.log:78: trailing whitespace.
++  
runs/online-c1-core-audit-20261008/source-full-diff-v1.log:80: trailing whitespace.
++    
runs/online-c1-core-audit-20261008/source-full-diff-v1.log:82: trailing whitespace.
++  
runs/online-c1-core-audit-20261008/source-full-diff-v1.log:84: trailing whitespace.
++    
runs/online-c1-core-audit-20261008/source-full-diff-v1.log:86: trailing whitespace.
++  
runs/online-c1-core-audit-20261008/source-full-diff-v1.log:88: trailing whitespace.
++    
runs/online-c1-core-audit-20261008/source-full-diff-v1.log:90: trailing whitespace.
++  
runs/online-c1-core-audit-20261008/source-full-diff-v1.log:92: trailing whitespace.
++    
runs/online-c1-core-audit-20261008/source-full-diff-v1.log:94: trailing whitespace.
++  
runs/online-c1-core-audit-20261008/source-full-diff-v1.log:96: trailing whitespace.
++    
runs/online-c1-core-audit-20261008/source-full-diff-v1.log:98: trailing whitespace.
++  
runs/online-c1-core-audit-20261008/source-full-diff-v1.log:100: trailing whitespace.
++    
runs/online-c1-core-audit-20261008/source-full-diff-v1.log:102: trailing whitespace.
++  
runs/online-c1-core-audit-20261008/source-full-diff-v1.log:104: trailing whitespace.
++    
runs/online-c1-core-audit-20261008/source-full-diff-v1.log:106: trailing whitespace.
++  
runs/online-c1-core-audit-20261008/source-full-diff-v1.log:108: trailing whitespace.
++    
runs/online-c1-core-audit-20261008/source-full-diff-v1.log:110: trailing whitespace.
++  
runs/online-c1-core-audit-20261008/source-full-diff-v1.log:112: trailing whitespace.
++    
runs/online-c1-core-audit-20261008/source-full-diff-v1.log:114: trailing whitespace.
++  
runs/online-c1-core-audit-20261008/source-full-diff-v1.log:116: trailing whitespace.
++    
runs/online-c1-core-audit-20261008/source-full-diff-v1.log:118: trailing whitespace.
++  
runs/online-c1-core-audit-20261008/source-full-diff-v1.log:120: trailing whitespace.
++    
runs/online-c1-core-audit-20261008/source-full-diff-v1.log:122: trailing whitespace.
++  
runs/online-c1-core-audit-20261008/source-full-diff-v1.log:124: trailing whitespace.
++    
runs/online-c1-core-audit-20261008/source-full-diff-v1.log:126: trailing whitespace.
++  
runs/online-c1-core-audit-20261008/source-full-diff-v1.log:128: trailing whitespace.
++    
runs/online-c1-core-audit-20261008/source-full-diff-v1.log:130: trailing whitespace.
++  
runs/online-c1-core-audit-20261008/source-full-diff-v1.log:132: trailing whitespace.
++    
runs/online-c1-core-audit-20261008/source-full-diff-v1.log:134: trailing whitespace.
++  
runs/online-c1-core-audit-20261008/source-full-diff-v1.log:136: trailing whitespace.
++    
runs/online-c1-core-audit-20261008/source-full-diff-v1.log:138: trailing whitespace.
++  
runs/online-c1-core-audit-20261008/source-full-diff-v1.log:140: trailing whitespace.
++    
runs/online-c1-core-audit-20261008/source-full-diff-v1.log:142: trailing whitespace.
++  
runs/online-c1-core-audit-20261008/source-full-diff-v1.log:144: trailing whitespace.
++    
runs/online-c1-core-audit-20261008/source-full-diff-v1.log:146: trailing whitespace.
++  
runs/online-c1-core-audit-20261008/source-full-diff-v1.log:148: trailing whitespace.
++    
runs/online-c1-core-audit-20261008/source-full-diff-v1.log:150: trailing whitespace.
++  
runs/online-c1-core-audit-20261008/source-full-diff-v1.log:152: trailing whitespace.
++    
runs/online-c1-core-audit-20261008/source-full-diff-v1.log:154: trailing whitespace.
++  
runs/online-c1-core-audit-20261008/source-full-diff-v1.log:156: trailing whitespace.
++    
runs/online-c1-core-audit-20261008/source-full-diff-v1.log:158: trailing whitespace.
++  
runs/online-c1-core-audit-20261008/source-full-diff-v1.log:160: trailing whitespace.
++    
runs/online-c1-core-audit-20261008/source-full-diff-v1.log:162: trailing whitespace.
++  
runs/online-c1-core-audit-20261008/source-full-diff-v1.log:164: trailing whitespace.
++    
runs/online-c1-core-audit-20261008/source-full-diff-v1.log:166: trailing whitespace.
++  
runs/online-c1-core-audit-20261008/source-full-diff-v1.log:168: trailing whitespace.
++    
runs/online-c1-core-audit-20261008/source-full-diff-v1.log:170: trailing whitespace.
++  
runs/online-c1-core-audit-20261008/source-full-diff-v1.log:172: trailing whitespace.
++    
runs/online-c1-core-audit-20261008/source-full-diff-v1.log:174: trailing whitespace.
++  
runs/online-c1-core-audit-20261008/source-full-diff-v1.log:176: trailing whitespace.
++    
runs/online-c1-core-audit-20261008/source-full-diff-v1.log:178: trailing whitespace.
++  
runs/online-c1-core-audit-20261008/source-full-diff-v1.log:180: trailing whitespace.
++    
runs/online-c1-core-audit-20261008/source-full-diff-v1.log:182: trailing whitespace.
++  
runs/online-c1-core-audit-20261008/source-full-diff-v1.log:184: trailing whitespace.
++    
runs/online-c1-core-audit-20261008/source-full-diff-v1.log:186: trailing whitespace.
++  
runs/online-c1-core-audit-20261008/source-full-diff-v1.log:188: trailing whitespace.
++    
runs/online-c1-core-audit-20261008/source-full-diff-v1.log:190: trailing whitespace.
++  
runs/online-c1-core-audit-20261008/source-full-diff-v1.log:192: trailing whitespace.
++    
runs/online-c1-core-audit-20261008/source-full-diff-v1.log:194: trailing whitespace.
++  
runs/online-c1-core-audit-20261008/source-full-diff-v1.log:196: trailing whitespace.
++    
runs/online-c1-core-audit-20261008/source-full-diff-v1.log:198: trailing whitespace.
++  
runs/online-c1-core-audit-20261008/source-full-diff-v1.log:200: trailing whitespace.
++    
runs/online-c1-core-audit-20261008/source-full-diff-v1.log:202: trailing whitespace.
++  
runs/online-c1-core-audit-20261008/source-full-diff-v1.log:204: trailing whitespace.
++    
runs/online-c1-core-audit-20261008/source-full-diff-v1.log:206: trailing whitespace.
++  
runs/online-c1-core-audit-20261008/source-full-diff-v1.log:208: trailing whitespace.
++    
runs/online-c1-core-audit-20261008/source-full-diff-v1.log:210: trailing whitespace.
++  
runs/online-c1-core-audit-20261008/source-full-diff-v1.log:212: trailing whitespace.
++    
runs/online-c1-core-audit-20261008/source-full-diff-v1.log:214: trailing whitespace.
++  
runs/online-c1-core-audit-20261008/source-full-diff-v1.log:216: trailing whitespace.
++    
runs/online-c1-core-audit-20261008/source-full-diff-v1.log:218: trailing whitespace.
++  
runs/online-c1-core-audit-20261008/source-full-diff-v1.log:220: trailing whitespace.
++    
runs/online-c1-core-audit-20261008/source-full-diff-v1.log:222: trailing whitespace.
++  
runs/online-c1-core-audit-20261008/source-full-diff-v1.log:224: trailing whitespace.
++    
runs/online-c1-core-audit-20261008/source-full-diff-v1.log:226: trailing whitespace.
++  
runs/online-c1-core-audit-20261008/source-full-diff-v1.log:228: trailing whitespace.
++    
runs/online-c1-core-audit-20261008/source-full-diff-v1.log:230: trailing whitespace.
++  
runs/online-c1-core-audit-20261008/source-full-diff-v1.log:232: trailing whitespace.
++    
runs/online-c1-core-audit-20261008/source-full-diff-v1.log:234: trailing whitespace.
++  
runs/online-c1-core-audit-20261008/source-full-diff-v1.log:236: trailing whitespace.
++    
runs/online-c1-core-audit-20261008/source-full-diff-v1.log:238: trailing whitespace.
++  
runs/online-c1-core-audit-20261008/source-full-diff-v1.log:240: trailing whitespace.
++    
runs/online-c1-core-audit-20261008/source-full-diff-v1.log:242: trailing whitespace.
++  
runs/online-c1-core-audit-20261008/source-full-diff-v1.log:244: trailing whitespace.
++    
runs/online-c1-core-audit-20261008/source-full-diff-v1.log:246: trailing whitespace.
++  
runs/online-c1-core-audit-20261008/source-full-diff-v1.log:248: trailing whitespace.
++    
runs/online-c1-core-audit-20261008/source-full-diff-v1.log:250: trailing whitespace.
++  
runs/online-c1-core-audit-20261008/source-full-diff-v1.log:252: trailing whitespace.
++    
runs/online-c1-core-audit-20261008/source-full-diff-v1.log:254: trailing whitespace.
++  
runs/online-c1-core-audit-20261008/source-full-diff-v1.log:256: trailing whitespace.
++    
runs/online-c1-core-audit-20261008/source-full-diff-v1.log:258: trailing whitespace.
++  
runs/online-c1-core-audit-20261008/source-full-diff-v1.log:260: trailing whitespace.
++    
runs/online-c1-core-audit-20261008/source-full-diff-v1.log:262: trailing whitespace.
++  
runs/online-c1-core-audit-20261008/source-full-diff-v1.log:264: trailing whitespace.
++    
runs/online-c1-core-audit-20261008/source-full-diff-v1.log:266: trailing whitespace.
++  
runs/online-c1-core-audit-20261008/source-full-diff-v1.log:268: trailing whitespace.
++    
runs/online-c1-core-audit-20261008/source-full-diff-v1.log:270: trailing whitespace.
++  
runs/online-c1-core-audit-20261008/source-full-diff-v1.log:272: trailing whitespace.
++    
runs/online-c1-core-audit-20261008/source-full-diff-v1.log:274: trailing whitespace.
++  
runs/online-c1-core-audit-20261008/source-full-diff-v1.log:276: trailing whitespace.
++    
runs/online-c1-core-audit-20261008/source-full-diff-v1.log:278: trailing whitespace.
++  
runs/online-c1-core-audit-20261008/source-full-diff-v1.log:280: trailing whitespace.
++    
runs/online-c1-core-audit-20261008/source-full-diff-v1.log:282: trailing whitespace.
++  
runs/online-c1-core-audit-20261008/source-full-diff-v1.log:284: trailing whitespace.
++    
runs/online-c1-core-audit-20261008/source-full-diff-v1.log:286: trailing whitespace.
++  
runs/online-c1-core-audit-20261008/source-full-diff-v1.log:288: trailing whitespace.
++    
runs/online-c1-core-audit-20261008/source-full-diff-v1.log:290: trailing whitespace.
++  
runs/online-c1-core-audit-20261008/source-full-diff-v1.log:292: trailing whitespace.
++    
runs/online-c1-core-audit-20261008/source-full-diff-v1.log:294: trailing whitespace.
++  
runs/online-c1-core-audit-20261008/source-full-diff-v1.log:296: trailing whitespace.
++    
runs/online-c1-core-audit-20261008/source-full-diff-v1.log:298: trailing whitespace.
++  
runs/online-c1-core-audit-20261008/source-full-diff-v1.log:300: trailing whitespace.
++    
runs/online-c1-core-audit-20261008/source-full-diff-v2.log:2: trailing whitespace.
++  
runs/online-c1-core-audit-20261008/source-full-diff-v2.log:4: trailing whitespace.
++    
runs/online-c1-core-audit-20261008/source-full-diff-v2.log:6: trailing whitespace.
++  
runs/online-c1-core-audit-20261008/source-full-diff-v2.log:8: trailing whitespace.
++    
runs/online-c1-core-audit-20261008/source-full-diff-v2.log:10: trailing whitespace.
++  
runs/online-c1-core-audit-20261008/source-full-diff-v2.log:12: trailing whitespace.
++    
runs/online-c1-core-audit-20261008/source-full-diff-v2.log:14: trailing whitespace.
++  
runs/online-c1-core-audit-20261008/source-full-diff-v2.log:16: trailing whitespace.
++    
runs/online-c1-core-audit-20261008/source-full-diff-v2.log:18: trailing whitespace.
++  
runs/online-c1-core-audit-20261008/source-full-diff-v2.log:20: trailing whitespace.
++    
runs/online-c1-core-audit-20261008/source-full-diff-v2.log:22: trailing whitespace.
++  
runs/online-c1-core-audit-20261008/source-full-diff-v2.log:24: trailing whitespace.
++    
runs/online-c1-core-audit-20261008/source-full-diff-v2.log:26: trailing whitespace.
++  
runs/online-c1-core-audit-20261008/source-full-diff-v2.log:28: trailing whitespace.
++    
runs/online-c1-core-audit-20261008/source-full-diff-v2.log:30: trailing whitespace.
++  
runs/online-c1-core-audit-20261008/source-full-diff-v2.log:32: trailing whitespace.
++    
runs/online-c1-core-audit-20261008/source-full-diff-v2.log:34: trailing whitespace.
++  
runs/online-c1-core-audit-20261008/source-full-diff-v2.log:36: trailing whitespace.
++    
runs/online-c1-core-audit-20261008/source-full-diff-v2.log:38: trailing whitespace.
++  
runs/online-c1-core-audit-20261008/source-full-diff-v2.log:40: trailing whitespace.
++    
runs/online-c1-core-audit-20261008/source-full-diff-v2.log:42: trailing whitespace.
++  
runs/online-c1-core-audit-20261008/source-full-diff-v2.log:44: trailing whitespace.
++    
runs/online-c1-core-audit-20261008/source-full-diff-v2.log:46: trailing whitespace.
++  
runs/online-c1-core-audit-20261008/source-full-diff-v2.log:48: trailing whitespace.
++    
runs/online-c1-core-audit-20261008/source-full-diff-v2.log:50: trailing whitespace.
++  
runs/online-c1-core-audit-20261008/source-full-diff-v2.log:52: trailing whitespace.
++    
runs/online-c1-core-audit-20261008/source-full-diff-v2.log:54: trailing whitespace.
++  
runs/online-c1-core-audit-20261008/source-full-diff-v2.log:56: trailing whitespace.
++    
runs/online-c1-core-audit-20261008/source-full-diff-v2.log:58: trailing whitespace.
++  
runs/online-c1-core-audit-20261008/source-full-diff-v2.log:60: trailing whitespace.
++    
runs/online-c1-core-audit-20261008/source-full-diff-v2.log:62: trailing whitespace.
++  
runs/online-c1-core-audit-20261008/source-full-diff-v2.log:64: trailing whitespace.
++    
runs/online-c1-core-audit-20261008/source-full-diff-v2.log:66: trailing whitespace.
++  
runs/online-c1-core-audit-20261008/source-full-diff-v2.log:68: trailing whitespace.
++    
runs/online-c1-core-audit-20261008/source-full-diff-v2.log:70: trailing whitespace.
++  
runs/online-c1-core-audit-20261008/source-full-diff-v2.log:72: trailing whitespace.
++    
runs/online-c1-core-audit-20261008/source-full-diff-v2.log:74: trailing whitespace.
++  
runs/online-c1-core-audit-20261008/source-full-diff-v2.log:76: trailing whitespace.
++    
runs/online-c1-core-audit-20261008/source-full-diff-v2.log:78: trailing whitespace.
++  
runs/online-c1-core-audit-20261008/source-full-diff-v2.log:80: trailing whitespace.
++    
runs/online-c1-core-audit-20261008/source-full-diff-v2.log:82: trailing whitespace.
++  
runs/online-c1-core-audit-20261008/source-full-diff-v2.log:84: trailing whitespace.
++    
runs/online-c1-core-audit-20261008/source-full-diff-v2.log:86: trailing whitespace.
++  
runs/online-c1-core-audit-20261008/source-full-diff-v2.log:88: trailing whitespace.
++    
runs/online-c1-core-audit-20261008/source-full-diff-v2.log:90: trailing whitespace.
++  
runs/online-c1-core-audit-20261008/source-full-diff-v2.log:92: trailing whitespace.
++    
runs/online-c1-core-audit-20261008/source-full-diff-v2.log:94: trailing whitespace.
++  
runs/online-c1-core-audit-20261008/source-full-diff-v2.log:96: trailing whitespace.
++    
runs/online-c1-core-audit-20261008/source-full-diff-v2.log:98: trailing whitespace.
++  
runs/online-c1-core-audit-20261008/source-full-diff-v2.log:100: trailing whitespace.
++    
runs/online-c1-core-audit-20261008/source-full-diff-v2.log:102: trailing whitespace.
++  
runs/online-c1-core-audit-20261008/source-full-diff-v2.log:104: trailing whitespace.
++    
runs/online-c1-core-audit-20261008/source-full-diff-v2.log:106: trailing whitespace.
++  
runs/online-c1-core-audit-20261008/source-full-diff-v2.log:108: trailing whitespace.
++    
runs/online-c1-core-audit-20261008/source-full-diff-v2.log:110: trailing whitespace.
++  
runs/online-c1-core-audit-20261008/source-full-diff-v2.log:112: trailing whitespace.
++    
runs/online-c1-core-audit-20261008/source-full-diff-v2.log:114: trailing whitespace.
++  
runs/online-c1-core-audit-20261008/source-full-diff-v2.log:116: trailing whitespace.
++    
runs/online-c1-core-audit-20261008/source-full-diff-v2.log:118: trailing whitespace.
++  
runs/online-c1-core-audit-20261008/source-full-diff-v2.log:120: trailing whitespace.
++    
runs/online-c1-core-audit-20261008/source-full-diff-v2.log:122: trailing whitespace.
++  
runs/online-c1-core-audit-20261008/source-full-diff-v2.log:124: trailing whitespace.
++    
runs/online-c1-core-audit-20261008/source-full-diff-v2.log:126: trailing whitespace.
++  
runs/online-c1-core-audit-20261008/source-full-diff-v2.log:128: trailing whitespace.
++    
runs/online-c1-core-audit-20261008/source-full-diff-v2.log:130: trailing whitespace.
++  
runs/online-c1-core-audit-20261008/source-full-diff-v2.log:132: trailing whitespace.
++    
runs/online-c1-core-audit-20261008/source-full-diff-v2.log:134: trailing whitespace.
++  
runs/online-c1-core-audit-20261008/source-full-diff-v2.log:136: trailing whitespace.
++    
runs/online-c1-core-audit-20261008/source-full-diff-v2.log:138: trailing whitespace.
++  
runs/online-c1-core-audit-20261008/source-full-diff-v2.log:140: trailing whitespace.
++    
runs/online-c1-core-audit-20261008/source-full-diff-v2.log:142: trailing whitespace.
++  
runs/online-c1-core-audit-20261008/source-full-diff-v2.log:144: trailing whitespace.
++    
runs/online-c1-core-audit-20261008/source-full-diff-v2.log:146: trailing whitespace.
++  
runs/online-c1-core-audit-20261008/source-full-diff-v2.log:148: trailing whitespace.
++    
runs/online-c1-core-audit-20261008/source-full-diff-v2.log:150: trailing whitespace.
++  
runs/online-c1-core-audit-20261008/source-full-diff-v2.log:152: trailing whitespace.
++    
runs/online-c1-core-audit-20261008/source-full-diff-v2.log:154: trailing whitespace.
++  
runs/online-c1-core-audit-20261008/source-full-diff-v2.log:156: trailing whitespace.
++    
runs/online-c1-core-audit-20261008/source-full-diff-v2.log:158: trailing whitespace.
++  
runs/online-c1-core-audit-20261008/source-full-diff-v2.log:160: trailing whitespace.
++    
runs/online-c1-core-audit-20261008/source-full-diff-v2.log:162: trailing whitespace.
++  
runs/online-c1-core-audit-20261008/source-full-diff-v2.log:164: trailing whitespace.
++    
runs/online-c1-core-audit-20261008/source-full-diff-v2.log:166: trailing whitespace.
++  
runs/online-c1-core-audit-20261008/source-full-diff-v2.log:168: trailing whitespace.
++    
runs/online-c1-core-audit-20261008/source-full-diff-v2.log:170: trailing whitespace.
++  
runs/online-c1-core-audit-20261008/source-full-diff-v2.log:172: trailing whitespace.
++    
runs/online-c1-core-audit-20261008/source-full-diff-v2.log:174: trailing whitespace.
++  
runs/online-c1-core-audit-20261008/source-full-diff-v2.log:176: trailing whitespace.
++    
runs/online-c1-core-audit-20261008/source-full-diff-v2.log:178: trailing whitespace.
++  
runs/online-c1-core-audit-20261008/source-full-diff-v2.log:180: trailing whitespace.
++    
runs/online-c1-core-audit-20261008/source-full-diff-v2.log:182: trailing whitespace.
++  
runs/online-c1-core-audit-20261008/source-full-diff-v2.log:184: trailing whitespace.
++    
runs/online-c1-core-audit-20261008/source-full-diff-v2.log:186: trailing whitespace.
++  
runs/online-c1-core-audit-20261008/source-full-diff-v2.log:188: trailing whitespace.
++    
runs/online-c1-core-audit-20261008/source-full-diff-v2.log:190: trailing whitespace.
++  
runs/online-c1-core-audit-20261008/source-full-diff-v2.log:192: trailing whitespace.
++    
runs/online-c1-core-audit-20261008/source-full-diff-v2.log:194: trailing whitespace.
++  
runs/online-c1-core-audit-20261008/source-full-diff-v2.log:196: trailing whitespace.
++    
runs/online-c1-core-audit-20261008/source-full-diff-v2.log:198: trailing whitespace.
++  
runs/online-c1-core-audit-20261008/source-full-diff-v2.log:200: trailing whitespace.
++    
runs/online-c1-core-audit-20261008/source-full-diff-v2.log:202: trailing whitespace.
++  
runs/online-c1-core-audit-20261008/source-full-diff-v2.log:204: trailing whitespace.
++    
runs/online-c1-core-audit-20261008/source-full-diff-v2.log:206: trailing whitespace.
++  
runs/online-c1-core-audit-20261008/source-full-diff-v2.log:208: trailing whitespace.
++    
runs/online-c1-core-audit-20261008/source-full-diff-v2.log:210: trailing whitespace.
++  
runs/online-c1-core-audit-20261008/source-full-diff-v2.log:212: trailing whitespace.
++    
runs/online-c1-core-audit-20261008/source-full-diff-v2.log:214: trailing whitespace.
++  
runs/online-c1-core-audit-20261008/source-full-diff-v2.log:216: trailing whitespace.
++    
runs/online-c1-core-audit-20261008/source-full-diff-v2.log:218: trailing whitespace.
++  
runs/online-c1-core-audit-20261008/source-full-diff-v2.log:220: trailing whitespace.
++    
runs/online-c1-core-audit-20261008/source-full-diff-v2.log:222: trailing whitespace.
++  
runs/online-c1-core-audit-20261008/source-full-diff-v2.log:224: trailing whitespace.
++    
runs/online-c1-core-audit-20261008/source-full-diff-v2.log:226: trailing whitespace.
++  
runs/online-c1-core-audit-20261008/source-full-diff-v2.log:228: trailing whitespace.
++    
runs/online-c1-core-audit-20261008/source-full-diff-v2.log:230: trailing whitespace.
++  
runs/online-c1-core-audit-20261008/source-full-diff-v2.log:232: trailing whitespace.
++    
runs/online-c1-core-audit-20261008/source-full-diff-v2.log:234: trailing whitespace.
++  
runs/online-c1-core-audit-20261008/source-full-diff-v2.log:236: trailing whitespace.
++    
runs/online-c1-core-audit-20261008/source-full-diff-v2.log:238: trailing whitespace.
++  
runs/online-c1-core-audit-20261008/source-full-diff-v2.log:240: trailing whitespace.
++    
runs/online-c1-core-audit-20261008/source-full-diff-v2.log:242: trailing whitespace.
++  
runs/online-c1-core-audit-20261008/source-full-diff-v2.log:244: trailing whitespace.
++    
runs/online-c1-core-audit-20261008/source-full-diff-v2.log:246: trailing whitespace.
++  
runs/online-c1-core-audit-20261008/source-full-diff-v2.log:248: trailing whitespace.
++    
runs/online-c1-core-audit-20261008/source-full-diff-v2.log:250: trailing whitespace.
++  
runs/online-c1-core-audit-20261008/source-full-diff-v2.log:252: trailing whitespace.
++    
runs/online-c1-core-audit-20261008/source-full-diff-v2.log:254: trailing whitespace.
++  
runs/online-c1-core-audit-20261008/source-full-diff-v2.log:256: trailing whitespace.
++    
runs/online-c1-core-audit-20261008/source-full-diff-v2.log:258: trailing whitespace.
++  
runs/online-c1-core-audit-20261008/source-full-diff-v2.log:260: trailing whitespace.
++    
runs/online-c1-core-audit-20261008/source-full-diff-v2.log:262: trailing whitespace.
++  
runs/online-c1-core-audit-20261008/source-full-diff-v2.log:264: trailing whitespace.
++    
runs/online-c1-core-audit-20261008/source-full-diff-v2.log:266: trailing whitespace.
++  
runs/online-c1-core-audit-20261008/source-full-diff-v2.log:268: trailing whitespace.
++    
runs/online-c1-core-audit-20261008/source-full-diff-v2.log:270: trailing whitespace.
++  
runs/online-c1-core-audit-20261008/source-full-diff-v2.log:272: trailing whitespace.
++    
runs/online-c1-core-audit-20261008/source-full-diff-v2.log:274: trailing whitespace.
++  
runs/online-c1-core-audit-20261008/source-full-diff-v2.log:276: trailing whitespace.
++    
runs/online-c1-core-audit-20261008/source-full-diff-v2.log:278: trailing whitespace.
++  
runs/online-c1-core-audit-20261008/source-full-diff-v2.log:280: trailing whitespace.
++    
runs/online-c1-core-audit-20261008/source-full-diff-v2.log:282: trailing whitespace.
++  
runs/online-c1-core-audit-20261008/source-full-diff-v2.log:284: trailing whitespace.
++    
runs/online-c1-core-audit-20261008/source-full-diff-v2.log:286: trailing whitespace.
++  
runs/online-c1-core-audit-20261008/source-full-diff-v2.log:288: trailing whitespace.
++    
runs/online-c1-core-audit-20261008/source-full-diff-v2.log:290: trailing whitespace.
++  
runs/online-c1-core-audit-20261008/source-full-diff-v2.log:292: trailing whitespace.
++    
runs/online-c1-core-audit-20261008/source-full-diff-v2.log:294: trailing whitespace.
++  
runs/online-c1-core-audit-20261008/source-full-diff-v2.log:296: trailing whitespace.
++    
runs/online-c1-core-audit-20261008/source-full-diff-v2.log:298: trailing whitespace.
++  
runs/online-c1-core-audit-20261008/source-full-diff-v2.log:300: trailing whitespace.
++    
runs/online-c1-core-audit-20261008/source-full-diff-v2.log:304: trailing whitespace.
+++  
runs/online-c1-core-audit-20261008/source-full-diff-v2.log:306: trailing whitespace.
+++    
runs/online-c1-core-audit-20261008/source-full-diff-v2.log:308: trailing whitespace.
+++  
runs/online-c1-core-audit-20261008/source-full-diff-v2.log:310: trailing whitespace.
+++    
runs/online-c1-core-audit-20261008/source-full-diff-v2.log:312: trailing whitespace.
+++  
runs/online-c1-core-audit-20261008/source-full-diff-v2.log:314: trailing whitespace.
+++    
runs/online-c1-core-audit-20261008/source-full-diff-v2.log:316: trailing whitespace.
+++  
runs/online-c1-core-audit-20261008/source-full-diff-v2.log:318: trailing whitespace.
+++    
runs/online-c1-core-audit-20261008/source-full-diff-v2.log:320: trailing whitespace.
+++  
runs/online-c1-core-audit-20261008/source-full-diff-v2.log:322: trailing whitespace.
+++    
runs/online-c1-core-audit-20261008/source-full-diff-v2.log:324: trailing whitespace.
+++  
runs/online-c1-core-audit-20261008/source-full-diff-v2.log:326: trailing whitespace.
+++    
runs/online-c1-core-audit-20261008/source-full-diff-v2.log:328: trailing whitespace.
+++  
runs/online-c1-core-audit-20261008/source-full-diff-v2.log:330: trailing whitespace.
+++    
runs/online-c1-core-audit-20261008/source-full-diff-v2.log:332: trailing whitespace.
+++  
runs/online-c1-core-audit-20261008/source-full-diff-v2.log:334: trailing whitespace.
+++    
runs/online-c1-core-audit-20261008/source-full-diff-v2.log:336: trailing whitespace.
+++  
runs/online-c1-core-audit-20261008/source-full-diff-v2.log:338: trailing whitespace.
+++    
runs/online-c1-core-audit-20261008/source-full-diff-v2.log:340: trailing whitespace.
+++  
runs/online-c1-core-audit-20261008/source-full-diff-v2.log:342: trailing whitespace.
+++    
runs/online-c1-core-audit-20261008/source-full-diff-v2.log:344: trailing whitespace.
+++  
runs/online-c1-core-audit-20261008/source-full-diff-v2.log:346: trailing whitespace.
+++    
runs/online-c1-core-audit-20261008/source-full-diff-v2.log:348: trailing whitespace.
+++  
runs/online-c1-core-audit-20261008/source-full-diff-v2.log:350: trailing whitespace.
+++    
runs/online-c1-core-audit-20261008/source-full-diff-v2.log:352: trailing whitespace.
+++  
runs/online-c1-core-audit-20261008/source-full-diff-v2.log:354: trailing whitespace.
+++    
runs/online-c1-core-audit-20261008/source-full-diff-v2.log:356: trailing whitespace.
+++  
runs/online-c1-core-audit-20261008/source-full-diff-v2.log:358: trailing whitespace.
+++    
runs/online-c1-core-audit-20261008/source-full-diff-v2.log:360: trailing whitespace.
+++  
runs/online-c1-core-audit-20261008/source-full-diff-v2.log:362: trailing whitespace.
+++    
runs/online-c1-core-audit-20261008/source-full-diff-v2.log:364: trailing whitespace.
+++  
runs/online-c1-core-audit-20261008/source-full-diff-v2.log:366: trailing whitespace.
+++    
runs/online-c1-core-audit-20261008/source-full-diff-v2.log:368: trailing whitespace.
+++  
runs/online-c1-core-audit-20261008/source-full-diff-v2.log:370: trailing whitespace.
+++    
runs/online-c1-core-audit-20261008/source-full-diff-v2.log:372: trailing whitespace.
+++  
runs/online-c1-core-audit-20261008/source-full-diff-v2.log:374: trailing whitespace.
+++    
runs/online-c1-core-audit-20261008/source-full-diff-v2.log:376: trailing whitespace.
+++  
runs/online-c1-core-audit-20261008/source-full-diff-v2.log:378: trailing whitespace.
+++    
runs/online-c1-core-audit-20261008/source-full-diff-v2.log:380: trailing whitespace.
+++  
runs/online-c1-core-audit-20261008/source-full-diff-v2.log:382: trailing whitespace.
+++    
runs/online-c1-core-audit-20261008/source-full-diff-v2.log:384: trailing whitespace.
+++  
runs/online-c1-core-audit-20261008/source-full-diff-v2.log:386: trailing whitespace.
+++    
runs/online-c1-core-audit-20261008/source-full-diff-v2.log:388: trailing whitespace.
+++  
runs/online-c1-core-audit-20261008/source-full-diff-v2.log:390: trailing whitespace.
+++    
runs/online-c1-core-audit-20261008/source-full-diff-v2.log:392: trailing whitespace.
+++  
runs/online-c1-core-audit-20261008/source-full-diff-v2.log:394: trailing whitespace.
+++    
runs/online-c1-core-audit-20261008/source-full-diff-v2.log:396: trailing whitespace.
+++  
runs/online-c1-core-audit-20261008/source-full-diff-v2.log:398: trailing whitespace.
+++    
runs/online-c1-core-audit-20261008/source-full-diff-v2.log:400: trailing whitespace.
+++  
runs/online-c1-core-audit-20261008/source-full-diff-v2.log:402: trailing whitespace.
+++    
runs/online-c1-core-audit-20261008/source-full-diff-v2.log:404: trailing whitespace.
+++  
runs/online-c1-core-audit-20261008/source-full-diff-v2.log:406: trailing whitespace.
+++    
runs/online-c1-core-audit-20261008/source-full-diff-v2.log:408: trailing whitespace.
+++  
runs/online-c1-core-audit-20261008/source-full-diff-v2.log:410: trailing whitespace.
+++    
runs/online-c1-core-audit-20261008/source-full-diff-v2.log:412: trailing whitespace.
+++  
runs/online-c1-core-audit-20261008/source-full-diff-v2.log:414: trailing whitespace.
+++    
runs/online-c1-core-audit-20261008/source-full-diff-v2.log:416: trailing whitespace.
+++  
runs/online-c1-core-audit-20261008/source-full-diff-v2.log:418: trailing whitespace.
+++    
runs/online-c1-core-audit-20261008/source-full-diff-v2.log:420: trailing whitespace.
+++  
runs/online-c1-core-audit-20261008/source-full-diff-v2.log:422: trailing whitespace.
+++    
runs/online-c1-core-audit-20261008/source-full-diff-v2.log:424: trailing whitespace.
+++  
runs/online-c1-core-audit-20261008/source-full-diff-v2.log:426: trailing whitespace.
+++    
runs/online-c1-core-audit-20261008/source-full-diff-v2.log:428: trailing whitespace.
+++  
runs/online-c1-core-audit-20261008/source-full-diff-v2.log:430: trailing whitespace.
+++    
runs/online-c1-core-audit-20261008/source-full-diff-v2.log:432: trailing whitespace.
+++  
runs/online-c1-core-audit-20261008/source-full-diff-v2.log:434: trailing whitespace.
+++    
runs/online-c1-core-audit-20261008/source-full-diff-v2.log:436: trailing whitespace.
+++  
runs/online-c1-core-audit-20261008/source-full-diff-v2.log:438: trailing whitespace.
+++    
runs/online-c1-core-audit-20261008/source-full-diff-v2.log:440: trailing whitespace.
+++  
runs/online-c1-core-audit-20261008/source-full-diff-v2.log:442: trailing whitespace.
+++    
runs/online-c1-core-audit-20261008/source-full-diff-v2.log:444: trailing whitespace.
+++  
runs/online-c1-core-audit-20261008/source-full-diff-v2.log:446: trailing whitespace.
+++    
runs/online-c1-core-audit-20261008/source-full-diff-v2.log:448: trailing whitespace.
+++  
runs/online-c1-core-audit-20261008/source-full-diff-v2.log:450: trailing whitespace.
+++    
runs/online-c1-core-audit-20261008/source-full-diff-v2.log:452: trailing whitespace.
+++  
runs/online-c1-core-audit-20261008/source-full-diff-v2.log:454: trailing whitespace.
+++    
runs/online-c1-core-audit-20261008/source-full-diff-v2.log:456: trailing whitespace.
+++  
runs/online-c1-core-audit-20261008/source-full-diff-v2.log:458: trailing whitespace.
+++    
runs/online-c1-core-audit-20261008/source-full-diff-v2.log:460: trailing whitespace.
+++  
runs/online-c1-core-audit-20261008/source-full-diff-v2.log:462: trailing whitespace.
+++    
runs/online-c1-core-audit-20261008/source-full-diff-v2.log:464: trailing whitespace.
+++  
runs/online-c1-core-audit-20261008/source-full-diff-v2.log:466: trailing whitespace.
+++    
runs/online-c1-core-audit-20261008/source-full-diff-v2.log:468: trailing whitespace.
+++  
runs/online-c1-core-audit-20261008/source-full-diff-v2.log:470: trailing whitespace.
+++    
runs/online-c1-core-audit-20261008/source-full-diff-v2.log:472: trailing whitespace.
+++  
runs/online-c1-core-audit-20261008/source-full-diff-v2.log:474: trailing whitespace.
+++    
runs/online-c1-core-audit-20261008/source-full-diff-v2.log:476: trailing whitespace.
+++  
runs/online-c1-core-audit-20261008/source-full-diff-v2.log:478: trailing whitespace.
+++    
runs/online-c1-core-audit-20261008/source-full-diff-v2.log:480: trailing whitespace.
+++  
runs/online-c1-core-audit-20261008/source-full-diff-v2.log:482: trailing whitespace.
+++    
runs/online-c1-core-audit-20261008/source-full-diff-v2.log:484: trailing whitespace.
+++  
runs/online-c1-core-audit-20261008/source-full-diff-v2.log:486: trailing whitespace.
+++    
runs/online-c1-core-audit-20261008/source-full-diff-v2.log:488: trailing whitespace.
+++  
runs/online-c1-core-audit-20261008/source-full-diff-v2.log:490: trailing whitespace.
+++    
runs/online-c1-core-audit-20261008/source-full-diff-v2.log:492: trailing whitespace.
+++  
runs/online-c1-core-audit-20261008/source-full-diff-v2.log:494: trailing whitespace.
+++    
runs/online-c1-core-audit-20261008/source-full-diff-v2.log:496: trailing whitespace.
+++  
runs/online-c1-core-audit-20261008/source-full-diff-v2.log:498: trailing whitespace.
+++    
runs/online-c1-core-audit-20261008/source-full-diff-v2.log:500: trailing whitespace.
+++  
runs/online-c1-core-audit-20261008/source-full-diff-v2.log:502: trailing whitespace.
+++    
runs/online-c1-core-audit-20261008/source-full-diff-v2.log:504: trailing whitespace.
+++  
runs/online-c1-core-audit-20261008/source-full-diff-v2.log:506: trailing whitespace.
+++    
runs/online-c1-core-audit-20261008/source-full-diff-v2.log:508: trailing whitespace.
+++  
runs/online-c1-core-audit-20261008/source-full-diff-v2.log:510: trailing whitespace.
+++    
runs/online-c1-core-audit-20261008/source-full-diff-v2.log:512: trailing whitespace.
+++  
runs/online-c1-core-audit-20261008/source-full-diff-v2.log:514: trailing whitespace.
+++    
runs/online-c1-core-audit-20261008/source-full-diff-v2.log:516: trailing whitespace.
+++  
runs/online-c1-core-audit-20261008/source-full-diff-v2.log:518: trailing whitespace.
+++    
runs/online-c1-core-audit-20261008/source-full-diff-v2.log:520: trailing whitespace.
+++  
runs/online-c1-core-audit-20261008/source-full-diff-v2.log:522: trailing whitespace.
+++    
runs/online-c1-core-audit-20261008/source-full-diff-v2.log:524: trailing whitespace.
+++  
runs/online-c1-core-audit-20261008/source-full-diff-v2.log:526: trailing whitespace.
+++    
runs/online-c1-core-audit-20261008/source-full-diff-v2.log:528: trailing whitespace.
+++  
runs/online-c1-core-audit-20261008/source-full-diff-v2.log:530: trailing whitespace.
+++    
runs/online-c1-core-audit-20261008/source-full-diff-v2.log:532: trailing whitespace.
+++  
runs/online-c1-core-audit-20261008/source-full-diff-v2.log:534: trailing whitespace.
+++    
runs/online-c1-core-audit-20261008/source-full-diff-v2.log:536: trailing whitespace.
+++  
runs/online-c1-core-audit-20261008/source-full-diff-v2.log:538: trailing whitespace.
+++    
runs/online-c1-core-audit-20261008/source-full-diff-v2.log:540: trailing whitespace.
+++  
runs/online-c1-core-audit-20261008/source-full-diff-v2.log:542: trailing whitespace.
+++    
runs/online-c1-core-audit-20261008/source-full-diff-v2.log:544: trailing whitespace.
+++  
runs/online-c1-core-audit-20261008/source-full-diff-v2.log:546: trailing whitespace.
+++    
runs/online-c1-core-audit-20261008/source-full-diff-v2.log:548: trailing whitespace.
+++  
runs/online-c1-core-audit-20261008/source-full-diff-v2.log:550: trailing whitespace.
+++    
runs/online-c1-core-audit-20261008/source-full-diff-v2.log:552: trailing whitespace.
+++  
runs/online-c1-core-audit-20261008/source-full-diff-v2.log:554: trailing whitespace.
+++    
runs/online-c1-core-audit-20261008/source-full-diff-v2.log:556: trailing whitespace.
+++  
runs/online-c1-core-audit-20261008/source-full-diff-v2.log:558: trailing whitespace.
+++    
runs/online-c1-core-audit-20261008/source-full-diff-v2.log:560: trailing whitespace.
+++  
runs/online-c1-core-audit-20261008/source-full-diff-v2.log:562: trailing whitespace.
+++    
runs/online-c1-core-audit-20261008/source-full-diff-v2.log:564: trailing whitespace.
+++  
runs/online-c1-core-audit-20261008/source-full-diff-v2.log:566: trailing whitespace.
+++    
runs/online-c1-core-audit-20261008/source-full-diff-v2.log:568: trailing whitespace.
+++  
runs/online-c1-core-audit-20261008/source-full-diff-v2.log:570: trailing whitespace.
+++    
runs/online-c1-core-audit-20261008/source-full-diff-v2.log:572: trailing whitespace.
+++  
runs/online-c1-core-audit-20261008/source-full-diff-v2.log:574: trailing whitespace.
+++    
runs/online-c1-core-audit-20261008/source-full-diff-v2.log:576: trailing whitespace.
+++  
runs/online-c1-core-audit-20261008/source-full-diff-v2.log:578: trailing whitespace.
+++    
runs/online-c1-core-audit-20261008/source-full-diff-v2.log:580: trailing whitespace.
+++  
runs/online-c1-core-audit-20261008/source-full-diff-v2.log:582: trailing whitespace.
+++    
runs/online-c1-core-audit-20261008/source-full-diff-v2.log:584: trailing whitespace.
+++  
runs/online-c1-core-audit-20261008/source-full-diff-v2.log:586: trailing whitespace.
+++    
runs/online-c1-core-audit-20261008/source-full-diff-v2.log:588: trailing whitespace.
+++  
runs/online-c1-core-audit-20261008/source-full-diff-v2.log:590: trailing whitespace.
+++    
runs/online-c1-core-audit-20261008/source-full-diff-v2.log:592: trailing whitespace.
+++  
runs/online-c1-core-audit-20261008/source-full-diff-v2.log:594: trailing whitespace.
+++    
runs/online-c1-core-audit-20261008/source-full-diff-v2.log:596: trailing whitespace.
+++  
runs/online-c1-core-audit-20261008/source-full-diff-v2.log:598: trailing whitespace.
+++    
runs/online-c1-core-audit-20261008/source-full-diff-v2.log:600: trailing whitespace.
+++  
runs/online-c1-core-audit-20261008/source-full-diff-v2.log:602: trailing whitespace.
+++    
runs/online-c1-core-audit-20261008/source-full-diff-v3.log:2: trailing whitespace.
++  
runs/online-c1-core-audit-20261008/source-full-diff-v3.log:4: trailing whitespace.
++    
runs/online-c1-core-audit-20261008/source-full-diff-v3.log:6: trailing whitespace.
++  
runs/online-c1-core-audit-20261008/source-full-diff-v3.log:8: trailing whitespace.
++    
runs/online-c1-core-audit-20261008/source-full-diff-v3.log:10: trailing whitespace.
++  
runs/online-c1-core-audit-20261008/source-full-diff-v3.log:12: trailing whitespace.
++    
runs/online-c1-core-audit-20261008/source-full-diff-v3.log:14: trailing whitespace.
++  
runs/online-c1-core-audit-20261008/source-full-diff-v3.log:16: trailing whitespace.
++    
runs/online-c1-core-audit-20261008/source-full-diff-v3.log:18: trailing whitespace.
++  
runs/online-c1-core-audit-20261008/source-full-diff-v3.log:20: trailing whitespace.
++    
runs/online-c1-core-audit-20261008/source-full-diff-v3.log:22: trailing whitespace.
++  
runs/online-c1-core-audit-20261008/source-full-diff-v3.log:24: trailing whitespace.
++    
runs/online-c1-core-audit-20261008/source-full-diff-v3.log:26: trailing whitespace.
++  
runs/online-c1-core-audit-20261008/source-full-diff-v3.log:28: trailing whitespace.
++    
runs/online-c1-core-audit-20261008/source-full-diff-v3.log:30: trailing whitespace.
++  
runs/online-c1-core-audit-20261008/source-full-diff-v3.log:32: trailing whitespace.
++    
runs/online-c1-core-audit-20261008/source-full-diff-v3.log:34: trailing whitespace.
++  
runs/online-c1-core-audit-20261008/source-full-diff-v3.log:36: trailing whitespace.
++    
runs/online-c1-core-audit-20261008/source-full-diff-v3.log:38: trailing whitespace.
++  
runs/online-c1-core-audit-20261008/source-full-diff-v3.log:40: trailing whitespace.
++    
runs/online-c1-core-audit-20261008/source-full-diff-v3.log:42: trailing whitespace.
++  
runs/online-c1-core-audit-20261008/source-full-diff-v3.log:44: trailing whitespace.
++    
runs/online-c1-core-audit-20261008/source-full-diff-v3.log:46: trailing whitespace.
++  
runs/online-c1-core-audit-20261008/source-full-diff-v3.log:48: trailing whitespace.
++    
runs/online-c1-core-audit-20261008/source-full-diff-v3.log:50: trailing whitespace.
++  
runs/online-c1-core-audit-20261008/source-full-diff-v3.log:52: trailing whitespace.
++    
runs/online-c1-core-audit-20261008/source-full-diff-v3.log:54: trailing whitespace.
++  
runs/online-c1-core-audit-20261008/source-full-diff-v3.log:56: trailing whitespace.
++    
runs/online-c1-core-audit-20261008/source-full-diff-v3.log:58: trailing whitespace.
++  
runs/online-c1-core-audit-20261008/source-full-diff-v3.log:60: trailing whitespace.
++    
runs/online-c1-core-audit-20261008/source-full-diff-v3.log:62: trailing whitespace.
++  
runs/online-c1-core-audit-20261008/source-full-diff-v3.log:64: trailing whitespace.
++    
runs/online-c1-core-audit-20261008/source-full-diff-v3.log:66: trailing whitespace.
++  
runs/online-c1-core-audit-20261008/source-full-diff-v3.log:68: trailing whitespace.
++    
runs/online-c1-core-audit-20261008/source-full-diff-v3.log:70: trailing whitespace.
++  
runs/online-c1-core-audit-20261008/source-full-diff-v3.log:72: trailing whitespace.
++    
runs/online-c1-core-audit-20261008/source-full-diff-v3.log:74: trailing whitespace.
++  
runs/online-c1-core-audit-20261008/source-full-diff-v3.log:76: trailing whitespace.
++    
runs/online-c1-core-audit-20261008/source-full-diff-v3.log:78: trailing whitespace.
++  
runs/online-c1-core-audit-20261008/source-full-diff-v3.log:80: trailing whitespace.
++    
runs/online-c1-core-audit-20261008/source-full-diff-v3.log:82: trailing whitespace.
++  
runs/online-c1-core-audit-20261008/source-full-diff-v3.log:84: trailing whitespace.
++    
runs/online-c1-core-audit-20261008/source-full-diff-v3.log:86: trailing whitespace.
++  
runs/online-c1-core-audit-20261008/source-full-diff-v3.log:88: trailing whitespace.
++    
runs/online-c1-core-audit-20261008/source-full-diff-v3.log:90: trailing whitespace.
++  
runs/online-c1-core-audit-20261008/source-full-diff-v3.log:92: trailing whitespace.
++    
runs/online-c1-core-audit-20261008/source-full-diff-v3.log:94: trailing whitespace.
++  
runs/online-c1-core-audit-20261008/source-full-diff-v3.log:96: trailing whitespace.
++    
runs/online-c1-core-audit-20261008/source-full-diff-v3.log:98: trailing whitespace.
++  
runs/online-c1-core-audit-20261008/source-full-diff-v3.log:100: trailing whitespace.
++    
runs/online-c1-core-audit-20261008/source-full-diff-v3.log:102: trailing whitespace.
++  
runs/online-c1-core-audit-20261008/source-full-diff-v3.log:104: trailing whitespace.
++    
runs/online-c1-core-audit-20261008/source-full-diff-v3.log:106: trailing whitespace.
++  
runs/online-c1-core-audit-20261008/source-full-diff-v3.log:108: trailing whitespace.
++    
runs/online-c1-core-audit-20261008/source-full-diff-v3.log:110: trailing whitespace.
++  
runs/online-c1-core-audit-20261008/source-full-diff-v3.log:112: trailing whitespace.
++    
runs/online-c1-core-audit-20261008/source-full-diff-v3.log:114: trailing whitespace.
++  
runs/online-c1-core-audit-20261008/source-full-diff-v3.log:116: trailing whitespace.
++    
runs/online-c1-core-audit-20261008/source-full-diff-v3.log:118: trailing whitespace.
++  
runs/online-c1-core-audit-20261008/source-full-diff-v3.log:120: trailing whitespace.
++    
runs/online-c1-core-audit-20261008/source-full-diff-v3.log:122: trailing whitespace.
++  
runs/online-c1-core-audit-20261008/source-full-diff-v3.log:124: trailing whitespace.
++    
runs/online-c1-core-audit-20261008/source-full-diff-v3.log:126: trailing whitespace.
++  
runs/online-c1-core-audit-20261008/source-full-diff-v3.log:128: trailing whitespace.
++    
runs/online-c1-core-audit-20261008/source-full-diff-v3.log:130: trailing whitespace.
++  
runs/online-c1-core-audit-20261008/source-full-diff-v3.log:132: trailing whitespace.
++    
runs/online-c1-core-audit-20261008/source-full-diff-v3.log:134: trailing whitespace.
++  
runs/online-c1-core-audit-20261008/source-full-diff-v3.log:136: trailing whitespace.
++    
runs/online-c1-core-audit-20261008/source-full-diff-v3.log:138: trailing whitespace.
++  
runs/online-c1-core-audit-20261008/source-full-diff-v3.log:140: trailing whitespace.
++    
runs/online-c1-core-audit-20261008/source-full-diff-v3.log:142: trailing whitespace.
++  
runs/online-c1-core-audit-20261008/source-full-diff-v3.log:144: trailing whitespace.
++    
runs/online-c1-core-audit-20261008/source-full-diff-v3.log:146: trailing whitespace.
++  
runs/online-c1-core-audit-20261008/source-full-diff-v3.log:148: trailing whitespace.
++    
runs/online-c1-core-audit-20261008/source-full-diff-v3.log:150: trailing whitespace.
++  
runs/online-c1-core-audit-20261008/source-full-diff-v3.log:152: trailing whitespace.
++    
runs/online-c1-core-audit-20261008/source-full-diff-v3.log:154: trailing whitespace.
++  
runs/online-c1-core-audit-20261008/source-full-diff-v3.log:156: trailing whitespace.
++    
runs/online-c1-core-audit-20261008/source-full-diff-v3.log:158: trailing whitespace.
++  
runs/online-c1-core-audit-20261008/source-full-diff-v3.log:160: trailing whitespace.
++    
runs/online-c1-core-audit-20261008/source-full-diff-v3.log:162: trailing whitespace.
++  
runs/online-c1-core-audit-20261008/source-full-diff-v3.log:164: trailing whitespace.
++    
runs/online-c1-core-audit-20261008/source-full-diff-v3.log:166: trailing whitespace.
++  
runs/online-c1-core-audit-20261008/source-full-diff-v3.log:168: trailing whitespace.
++    
runs/online-c1-core-audit-20261008/source-full-diff-v3.log:170: trailing whitespace.
++  
runs/online-c1-core-audit-20261008/source-full-diff-v3.log:172: trailing whitespace.
++    
runs/online-c1-core-audit-20261008/source-full-diff-v3.log:174: trailing whitespace.
++  
runs/online-c1-core-audit-20261008/source-full-diff-v3.log:176: trailing whitespace.
++    
runs/online-c1-core-audit-20261008/source-full-diff-v3.log:178: trailing whitespace.
++  
runs/online-c1-core-audit-20261008/source-full-diff-v3.log:180: trailing whitespace.
++    
runs/online-c1-core-audit-20261008/source-full-diff-v3.log:182: trailing whitespace.
++  
runs/online-c1-core-audit-20261008/source-full-diff-v3.log:184: trailing whitespace.
++    
runs/online-c1-core-audit-20261008/source-full-diff-v3.log:186: trailing whitespace.
++  
runs/online-c1-core-audit-20261008/source-full-diff-v3.log:188: trailing whitespace.
++    
runs/online-c1-core-audit-20261008/source-full-diff-v3.log:190: trailing whitespace.
++  
runs/online-c1-core-audit-20261008/source-full-diff-v3.log:192: trailing whitespace.
++    
runs/online-c1-core-audit-20261008/source-full-diff-v3.log:194: trailing whitespace.
++  
runs/online-c1-core-audit-20261008/source-full-diff-v3.log:196: trailing whitespace.
++    
runs/online-c1-core-audit-20261008/source-full-diff-v3.log:198: trailing whitespace.
++  
runs/online-c1-core-audit-20261008/source-full-diff-v3.log:200: trailing whitespace.
++    
runs/online-c1-core-audit-20261008/source-full-diff-v3.log:202: trailing whitespace.
++  
runs/online-c1-core-audit-20261008/source-full-diff-v3.log:204: trailing whitespace.
++    
runs/online-c1-core-audit-20261008/source-full-diff-v3.log:206: trailing whitespace.
++  
runs/online-c1-core-audit-20261008/source-full-diff-v3.log:208: trailing whitespace.
++    
runs/online-c1-core-audit-20261008/source-full-diff-v3.log:210: trailing whitespace.
++  
runs/online-c1-core-audit-20261008/source-full-diff-v3.log:212: trailing whitespace.
++    
runs/online-c1-core-audit-20261008/source-full-diff-v3.log:214: trailing whitespace.
++  
runs/online-c1-core-audit-20261008/source-full-diff-v3.log:216: trailing whitespace.
++    
runs/online-c1-core-audit-20261008/source-full-diff-v3.log:218: trailing whitespace.
++  
runs/online-c1-core-audit-20261008/source-full-diff-v3.log:220: trailing whitespace.
++    
runs/online-c1-core-audit-20261008/source-full-diff-v3.log:222: trailing whitespace.
++  
runs/online-c1-core-audit-20261008/source-full-diff-v3.log:224: trailing whitespace.
++    
runs/online-c1-core-audit-20261008/source-full-diff-v3.log:226: trailing whitespace.
++  
runs/online-c1-core-audit-20261008/source-full-diff-v3.log:228: trailing whitespace.
++    
runs/online-c1-core-audit-20261008/source-full-diff-v3.log:230: trailing whitespace.
++  
runs/online-c1-core-audit-20261008/source-full-diff-v3.log:232: trailing whitespace.
++    
runs/online-c1-core-audit-20261008/source-full-diff-v3.log:234: trailing whitespace.
++  
runs/online-c1-core-audit-20261008/source-full-diff-v3.log:236: trailing whitespace.
++    
runs/online-c1-core-audit-20261008/source-full-diff-v3.log:238: trailing whitespace.
++  
runs/online-c1-core-audit-20261008/source-full-diff-v3.log:240: trailing whitespace.
++    
runs/online-c1-core-audit-20261008/source-full-diff-v3.log:242: trailing whitespace.
++  
runs/online-c1-core-audit-20261008/source-full-diff-v3.log:244: trailing whitespace.
++    
runs/online-c1-core-audit-20261008/source-full-diff-v3.log:246: trailing whitespace.
++  
runs/online-c1-core-audit-20261008/source-full-diff-v3.log:248: trailing whitespace.
++    
runs/online-c1-core-audit-20261008/source-full-diff-v3.log:250: trailing whitespace.
++  
runs/online-c1-core-audit-20261008/source-full-diff-v3.log:252: trailing whitespace.
++    
runs/online-c1-core-audit-20261008/source-full-diff-v3.log:254: trailing whitespace.
++  
runs/online-c1-core-audit-20261008/source-full-diff-v3.log:256: trailing whitespace.
++    
runs/online-c1-core-audit-20261008/source-full-diff-v3.log:258: trailing whitespace.
++  
runs/online-c1-core-audit-20261008/source-full-diff-v3.log:260: trailing whitespace.
++    
runs/online-c1-core-audit-20261008/source-full-diff-v3.log:262: trailing whitespace.
++  
runs/online-c1-core-audit-20261008/source-full-diff-v3.log:264: trailing whitespace.
++    
runs/online-c1-core-audit-20261008/source-full-diff-v3.log:266: trailing whitespace.
++  
runs/online-c1-core-audit-20261008/source-full-diff-v3.log:268: trailing whitespace.
++    
runs/online-c1-core-audit-20261008/source-full-diff-v3.log:270: trailing whitespace.
++  
runs/online-c1-core-audit-20261008/source-full-diff-v3.log:272: trailing whitespace.
++    
runs/online-c1-core-audit-20261008/source-full-diff-v3.log:274: trailing whitespace.
++  
runs/online-c1-core-audit-20261008/source-full-diff-v3.log:276: trailing whitespace.
++    
runs/online-c1-core-audit-20261008/source-full-diff-v3.log:278: trailing whitespace.
++  
runs/online-c1-core-audit-20261008/source-full-diff-v3.log:280: trailing whitespace.
++    
runs/online-c1-core-audit-20261008/source-full-diff-v3.log:282: trailing whitespace.
++  
runs/online-c1-core-audit-20261008/source-full-diff-v3.log:284: trailing whitespace.
++    
runs/online-c1-core-audit-20261008/source-full-diff-v3.log:286: trailing whitespace.
++  
runs/online-c1-core-audit-20261008/source-full-diff-v3.log:288: trailing whitespace.
++    
runs/online-c1-core-audit-20261008/source-full-diff-v3.log:290: trailing whitespace.
++  
runs/online-c1-core-audit-20261008/source-full-diff-v3.log:292: trailing whitespace.
++    
runs/online-c1-core-audit-20261008/source-full-diff-v3.log:294: trailing whitespace.
++  
runs/online-c1-core-audit-20261008/source-full-diff-v3.log:296: trailing whitespace.
++    
runs/online-c1-core-audit-20261008/source-full-diff-v3.log:298: trailing whitespace.
++  
runs/online-c1-core-audit-20261008/source-full-diff-v3.log:300: trailing whitespace.
++    
runs/online-c1-core-audit-20261008/source-full-diff-v3.log:304: trailing whitespace.
+++  
runs/online-c1-core-audit-20261008/source-full-diff-v3.log:306: trailing whitespace.
+++    
runs/online-c1-core-audit-20261008/source-full-diff-v3.log:308: trailing whitespace.
+++  
runs/online-c1-core-audit-20261008/source-full-diff-v3.log:310: trailing whitespace.
+++    
runs/online-c1-core-audit-20261008/source-full-diff-v3.log:312: trailing whitespace.
+++  
runs/online-c1-core-audit-20261008/source-full-diff-v3.log:314: trailing whitespace.
+++    
runs/online-c1-core-audit-20261008/source-full-diff-v3.log:316: trailing whitespace.
+++  
runs/online-c1-core-audit-20261008/source-full-diff-v3.log:318: trailing whitespace.
+++    
runs/online-c1-core-audit-20261008/source-full-diff-v3.log:320: trailing whitespace.
+++  
runs/online-c1-core-audit-20261008/source-full-diff-v3.log:322: trailing whitespace.
+++    
runs/online-c1-core-audit-20261008/source-full-diff-v3.log:324: trailing whitespace.
+++  
runs/online-c1-core-audit-20261008/source-full-diff-v3.log:326: trailing whitespace.
+++    
runs/online-c1-core-audit-20261008/source-full-diff-v3.log:328: trailing whitespace.
+++  
runs/online-c1-core-audit-20261008/source-full-diff-v3.log:330: trailing whitespace.
+++    
runs/online-c1-core-audit-20261008/source-full-diff-v3.log:332: trailing whitespace.
+++  
runs/online-c1-core-audit-20261008/source-full-diff-v3.log:334: trailing whitespace.
+++    
runs/online-c1-core-audit-20261008/source-full-diff-v3.log:336: trailing whitespace.
+++  
runs/online-c1-core-audit-20261008/source-full-diff-v3.log:338: trailing whitespace.
+++    
runs/online-c1-core-audit-20261008/source-full-diff-v3.log:340: trailing whitespace.
+++  
runs/online-c1-core-audit-20261008/source-full-diff-v3.log:342: trailing whitespace.
+++    
runs/online-c1-core-audit-20261008/source-full-diff-v3.log:344: trailing whitespace.
+++  
runs/online-c1-core-audit-20261008/source-full-diff-v3.log:346: trailing whitespace.
+++    
runs/online-c1-core-audit-20261008/source-full-diff-v3.log:348: trailing whitespace.
+++  
runs/online-c1-core-audit-20261008/source-full-diff-v3.log:350: trailing whitespace.
+++    
runs/online-c1-core-audit-20261008/source-full-diff-v3.log:352: trailing whitespace.
+++  
runs/online-c1-core-audit-20261008/source-full-diff-v3.log:354: trailing whitespace.
+++    
runs/online-c1-core-audit-20261008/source-full-diff-v3.log:356: trailing whitespace.
+++  
runs/online-c1-core-audit-20261008/source-full-diff-v3.log:358: trailing whitespace.
+++    
runs/online-c1-core-audit-20261008/source-full-diff-v3.log:360: trailing whitespace.
+++  
runs/online-c1-core-audit-20261008/source-full-diff-v3.log:362: trailing whitespace.
+++    
runs/online-c1-core-audit-20261008/source-full-diff-v3.log:364: trailing whitespace.
+++  
runs/online-c1-core-audit-20261008/source-full-diff-v3.log:366: trailing whitespace.
+++    
runs/online-c1-core-audit-20261008/source-full-diff-v3.log:368: trailing whitespace.
+++  
runs/online-c1-core-audit-20261008/source-full-diff-v3.log:370: trailing whitespace.
+++    
runs/online-c1-core-audit-20261008/source-full-diff-v3.log:372: trailing whitespace.
+++  
runs/online-c1-core-audit-20261008/source-full-diff-v3.log:374: trailing whitespace.
+++    
runs/online-c1-core-audit-20261008/source-full-diff-v3.log:376: trailing whitespace.
+++  
runs/online-c1-core-audit-20261008/source-full-diff-v3.log:378: trailing whitespace.
+++    
runs/online-c1-core-audit-20261008/source-full-diff-v3.log:380: trailing whitespace.
+++  
runs/online-c1-core-audit-20261008/source-full-diff-v3.log:382: trailing whitespace.
+++    
runs/online-c1-core-audit-20261008/source-full-diff-v3.log:384: trailing whitespace.
+++  
runs/online-c1-core-audit-20261008/source-full-diff-v3.log:386: trailing whitespace.
+++    
runs/online-c1-core-audit-20261008/source-full-diff-v3.log:388: trailing whitespace.
+++  
runs/online-c1-core-audit-20261008/source-full-diff-v3.log:390: trailing whitespace.
+++    
runs/online-c1-core-audit-20261008/source-full-diff-v3.log:392: trailing whitespace.
+++  
runs/online-c1-core-audit-20261008/source-full-diff-v3.log:394: trailing whitespace.
+++    
runs/online-c1-core-audit-20261008/source-full-diff-v3.log:396: trailing whitespace.
+++  
runs/online-c1-core-audit-20261008/source-full-diff-v3.log:398: trailing whitespace.
+++    
runs/online-c1-core-audit-20261008/source-full-diff-v3.log:400: trailing whitespace.
+++  
runs/online-c1-core-audit-20261008/source-full-diff-v3.log:402: trailing whitespace.
+++    
runs/online-c1-core-audit-20261008/source-full-diff-v3.log:404: trailing whitespace.
+++  
runs/online-c1-core-audit-20261008/source-full-diff-v3.log:406: trailing whitespace.
+++    
runs/online-c1-core-audit-20261008/source-full-diff-v3.log:408: trailing whitespace.
+++  
runs/online-c1-core-audit-20261008/source-full-diff-v3.log:410: trailing whitespace.
+++    
runs/online-c1-core-audit-20261008/source-full-diff-v3.log:412: trailing whitespace.
+++  
runs/online-c1-core-audit-20261008/source-full-diff-v3.log:414: trailing whitespace.
+++    
runs/online-c1-core-audit-20261008/source-full-diff-v3.log:416: trailing whitespace.
+++  
runs/online-c1-core-audit-20261008/source-full-diff-v3.log:418: trailing whitespace.
+++    
runs/online-c1-core-audit-20261008/source-full-diff-v3.log:420: trailing whitespace.
+++  
runs/online-c1-core-audit-20261008/source-full-diff-v3.log:422: trailing whitespace.
+++    
runs/online-c1-core-audit-20261008/source-full-diff-v3.log:424: trailing whitespace.
+++  
runs/online-c1-core-audit-20261008/source-full-diff-v3.log:426: trailing whitespace.
+++    
runs/online-c1-core-audit-20261008/source-full-diff-v3.log:428: trailing whitespace.
+++  
runs/online-c1-core-audit-20261008/source-full-diff-v3.log:430: trailing whitespace.
+++    
runs/online-c1-core-audit-20261008/source-full-diff-v3.log:432: trailing whitespace.
+++  
runs/online-c1-core-audit-20261008/source-full-diff-v3.log:434: trailing whitespace.
+++    
runs/online-c1-core-audit-20261008/source-full-diff-v3.log:436: trailing whitespace.
+++  
runs/online-c1-core-audit-20261008/source-full-diff-v3.log:438: trailing whitespace.
+++    
runs/online-c1-core-audit-20261008/source-full-diff-v3.log:440: trailing whitespace.
+++  
runs/online-c1-core-audit-20261008/source-full-diff-v3.log:442: trailing whitespace.
+++    
runs/online-c1-core-audit-20261008/source-full-diff-v3.log:444: trailing whitespace.
+++  
runs/online-c1-core-audit-20261008/source-full-diff-v3.log:446: trailing whitespace.
+++    
runs/online-c1-core-audit-20261008/source-full-diff-v3.log:448: trailing whitespace.
+++  
runs/online-c1-core-audit-20261008/source-full-diff-v3.log:450: trailing whitespace.
+++    
runs/online-c1-core-audit-20261008/source-full-diff-v3.log:452: trailing whitespace.
+++  
runs/online-c1-core-audit-20261008/source-full-diff-v3.log:454: trailing whitespace.
+++    
runs/online-c1-core-audit-20261008/source-full-diff-v3.log:456: trailing whitespace.
+++  
runs/online-c1-core-audit-20261008/source-full-diff-v3.log:458: trailing whitespace.
+++    
runs/online-c1-core-audit-20261008/source-full-diff-v3.log:460: trailing whitespace.
+++  
runs/online-c1-core-audit-20261008/source-full-diff-v3.log:462: trailing whitespace.
+++    
runs/online-c1-core-audit-20261008/source-full-diff-v3.log:464: trailing whitespace.
+++  
runs/online-c1-core-audit-20261008/source-full-diff-v3.log:466: trailing whitespace.
+++    
runs/online-c1-core-audit-20261008/source-full-diff-v3.log:468: trailing whitespace.
+++  
runs/online-c1-core-audit-20261008/source-full-diff-v3.log:470: trailing whitespace.
+++    
runs/online-c1-core-audit-20261008/source-full-diff-v3.log:472: trailing whitespace.
+++  
runs/online-c1-core-audit-20261008/source-full-diff-v3.log:474: trailing whitespace.
+++    
runs/online-c1-core-audit-20261008/source-full-diff-v3.log:476: trailing whitespace.
+++  
runs/online-c1-core-audit-20261008/source-full-diff-v3.log:478: trailing whitespace.
+++    
runs/online-c1-core-audit-20261008/source-full-diff-v3.log:480: trailing whitespace.
+++  
runs/online-c1-core-audit-20261008/source-full-diff-v3.log:482: trailing whitespace.
+++    
runs/online-c1-core-audit-20261008/source-full-diff-v3.log:484: trailing whitespace.
+++  
runs/online-c1-core-audit-20261008/source-full-diff-v3.log:486: trailing whitespace.
+++    
runs/online-c1-core-audit-20261008/source-full-diff-v3.log:488: trailing whitespace.
+++  
runs/online-c1-core-audit-20261008/source-full-diff-v3.log:490: trailing whitespace.
+++    
runs/online-c1-core-audit-20261008/source-full-diff-v3.log:492: trailing whitespace.
+++  
runs/online-c1-core-audit-20261008/source-full-diff-v3.log:494: trailing whitespace.
+++    
runs/online-c1-core-audit-20261008/source-full-diff-v3.log:496: trailing whitespace.
+++  
runs/online-c1-core-audit-20261008/source-full-diff-v3.log:498: trailing whitespace.
+++    
runs/online-c1-core-audit-20261008/source-full-diff-v3.log:500: trailing whitespace.
+++  
runs/online-c1-core-audit-20261008/source-full-diff-v3.log:502: trailing whitespace.
+++    
runs/online-c1-core-audit-20261008/source-full-diff-v3.log:504: trailing whitespace.
+++  
runs/online-c1-core-audit-20261008/source-full-diff-v3.log:506: trailing whitespace.
+++    
runs/online-c1-core-audit-20261008/source-full-diff-v3.log:508: trailing whitespace.
+++  
runs/online-c1-core-audit-20261008/source-full-diff-v3.log:510: trailing whitespace.
+++    
runs/online-c1-core-audit-20261008/source-full-diff-v3.log:512: trailing whitespace.
+++  
runs/online-c1-core-audit-20261008/source-full-diff-v3.log:514: trailing whitespace.
+++    
runs/online-c1-core-audit-20261008/source-full-diff-v3.log:516: trailing whitespace.
+++  
runs/online-c1-core-audit-20261008/source-full-diff-v3.log:518: trailing whitespace.
+++    
runs/online-c1-core-audit-20261008/source-full-diff-v3.log:520: trailing whitespace.
+++  
runs/online-c1-core-audit-20261008/source-full-diff-v3.log:522: trailing whitespace.
+++    
runs/online-c1-core-audit-20261008/source-full-diff-v3.log:524: trailing whitespace.
+++  
runs/online-c1-core-audit-20261008/source-full-diff-v3.log:526: trailing whitespace.
+++    
runs/online-c1-core-audit-20261008/source-full-diff-v3.log:528: trailing whitespace.
+++  
runs/online-c1-core-audit-20261008/source-full-diff-v3.log:530: trailing whitespace.
+++    
runs/online-c1-core-audit-20261008/source-full-diff-v3.log:532: trailing whitespace.
+++  
runs/online-c1-core-audit-20261008/source-full-diff-v3.log:534: trailing whitespace.
+++    
runs/online-c1-core-audit-20261008/source-full-diff-v3.log:536: trailing whitespace.
+++  
runs/online-c1-core-audit-20261008/source-full-diff-v3.log:538: trailing whitespace.
+++    
runs/online-c1-core-audit-20261008/source-full-diff-v3.log:540: trailing whitespace.
+++  
runs/online-c1-core-audit-20261008/source-full-diff-v3.log:542: trailing whitespace.
+++    
runs/online-c1-core-audit-20261008/source-full-diff-v3.log:544: trailing whitespace.
+++  
runs/online-c1-core-audit-20261008/source-full-diff-v3.log:546: trailing whitespace.
+++    
runs/online-c1-core-audit-20261008/source-full-diff-v3.log:548: trailing whitespace.
+++  
runs/online-c1-core-audit-20261008/source-full-diff-v3.log:550: trailing whitespace.
+++    
runs/online-c1-core-audit-20261008/source-full-diff-v3.log:552: trailing whitespace.
+++  
runs/online-c1-core-audit-20261008/source-full-diff-v3.log:554: trailing whitespace.
+++    
runs/online-c1-core-audit-20261008/source-full-diff-v3.log:556: trailing whitespace.
+++  
runs/online-c1-core-audit-20261008/source-full-diff-v3.log:558: trailing whitespace.
+++    
runs/online-c1-core-audit-20261008/source-full-diff-v3.log:560: trailing whitespace.
+++  
runs/online-c1-core-audit-20261008/source-full-diff-v3.log:562: trailing whitespace.
+++    
runs/online-c1-core-audit-20261008/source-full-diff-v3.log:564: trailing whitespace.
+++  
runs/online-c1-core-audit-20261008/source-full-diff-v3.log:566: trailing whitespace.
+++    
runs/online-c1-core-audit-20261008/source-full-diff-v3.log:568: trailing whitespace.
+++  
runs/online-c1-core-audit-20261008/source-full-diff-v3.log:570: trailing whitespace.
+++    
runs/online-c1-core-audit-20261008/source-full-diff-v3.log:572: trailing whitespace.
+++  
runs/online-c1-core-audit-20261008/source-full-diff-v3.log:574: trailing whitespace.
+++    
runs/online-c1-core-audit-20261008/source-full-diff-v3.log:576: trailing whitespace.
+++  
runs/online-c1-core-audit-20261008/source-full-diff-v3.log:578: trailing whitespace.
+++    
runs/online-c1-core-audit-20261008/source-full-diff-v3.log:580: trailing whitespace.
+++  
runs/online-c1-core-audit-20261008/source-full-diff-v3.log:582: trailing whitespace.
+++    
runs/online-c1-core-audit-20261008/source-full-diff-v3.log:584: trailing whitespace.
+++  
runs/online-c1-core-audit-20261008/source-full-diff-v3.log:586: trailing whitespace.
+++    
runs/online-c1-core-audit-20261008/source-full-diff-v3.log:588: trailing whitespace.
+++  
runs/online-c1-core-audit-20261008/source-full-diff-v3.log:590: trailing whitespace.
+++    
runs/online-c1-core-audit-20261008/source-full-diff-v3.log:592: trailing whitespace.
+++  
runs/online-c1-core-audit-20261008/source-full-diff-v3.log:594: trailing whitespace.
+++    
runs/online-c1-core-audit-20261008/source-full-diff-v3.log:596: trailing whitespace.
+++  
runs/online-c1-core-audit-20261008/source-full-diff-v3.log:598: trailing whitespace.
+++    
runs/online-c1-core-audit-20261008/source-full-diff-v3.log:600: trailing whitespace.
+++  
runs/online-c1-core-audit-20261008/source-full-diff-v3.log:602: trailing whitespace.
+++    
runs/online-c1-core-audit-20261008/source-full-diff-v3.log:604: trailing whitespace.
+++  
runs/online-c1-core-audit-20261008/source-full-diff-v3.log:606: trailing whitespace.
+++    
runs/online-c1-core-audit-20261008/source-full-diff-v3.log:608: trailing whitespace.
+++  
runs/online-c1-core-audit-20261008/source-full-diff-v3.log:610: trailing whitespace.
+++    
runs/online-c1-core-audit-20261008/source-full-diff-v3.log:612: trailing whitespace.
+++  
runs/online-c1-core-audit-20261008/source-full-diff-v3.log:614: trailing whitespace.
+++    
runs/online-c1-core-audit-20261008/source-full-diff-v3.log:616: trailing whitespace.
+++  
runs/online-c1-core-audit-20261008/source-full-diff-v3.log:618: trailing whitespace.
+++    
runs/online-c1-core-audit-20261008/source-full-diff-v3.log:620: trailing whitespace.
+++  
runs/online-c1-core-audit-20261008/source-full-diff-v3.log:622: trailing whitespace.
+++    
runs/online-c1-core-audit-20261008/source-full-diff-v3.log:624: trailing whitespace.
+++  
runs/online-c1-core-audit-20261008/source-full-diff-v3.log:626: trailing whitespace.
+++    
runs/online-c1-core-audit-20261008/source-full-diff-v3.log:628: trailing whitespace.
+++  
runs/online-c1-core-audit-20261008/source-full-diff-v3.log:630: trailing whitespace.
+++    
runs/online-c1-core-audit-20261008/source-full-diff-v3.log:632: trailing whitespace.
+++  
runs/online-c1-core-audit-20261008/source-full-diff-v3.log:634: trailing whitespace.
+++    
runs/online-c1-core-audit-20261008/source-full-diff-v3.log:636: trailing whitespace.
+++  
runs/online-c1-core-audit-20261008/source-full-diff-v3.log:638: trailing whitespace.
+++    
runs/online-c1-core-audit-20261008/source-full-diff-v3.log:640: trailing whitespace.
+++  
runs/online-c1-core-audit-20261008/source-full-diff-v3.log:642: trailing whitespace.
+++    
runs/online-c1-core-audit-20261008/source-full-diff-v3.log:644: trailing whitespace.
+++  
runs/online-c1-core-audit-20261008/source-full-diff-v3.log:646: trailing whitespace.
+++    
runs/online-c1-core-audit-20261008/source-full-diff-v3.log:648: trailing whitespace.
+++  
runs/online-c1-core-audit-20261008/source-full-diff-v3.log:650: trailing whitespace.
+++    
runs/online-c1-core-audit-20261008/source-full-diff-v3.log:652: trailing whitespace.
+++  
runs/online-c1-core-audit-20261008/source-full-diff-v3.log:654: trailing whitespace.
+++    
runs/online-c1-core-audit-20261008/source-full-diff-v3.log:656: trailing whitespace.
+++  
runs/online-c1-core-audit-20261008/source-full-diff-v3.log:658: trailing whitespace.
+++    
runs/online-c1-core-audit-20261008/source-full-diff-v3.log:660: trailing whitespace.
+++  
runs/online-c1-core-audit-20261008/source-full-diff-v3.log:662: trailing whitespace.
+++    
runs/online-c1-core-audit-20261008/source-full-diff-v3.log:664: trailing whitespace.
+++  
runs/online-c1-core-audit-20261008/source-full-diff-v3.log:666: trailing whitespace.
+++    
runs/online-c1-core-audit-20261008/source-full-diff-v3.log:668: trailing whitespace.
+++  
runs/online-c1-core-audit-20261008/source-full-diff-v3.log:670: trailing whitespace.
+++    
runs/online-c1-core-audit-20261008/source-full-diff-v3.log:672: trailing whitespace.
+++  
runs/online-c1-core-audit-20261008/source-full-diff-v3.log:674: trailing whitespace.
+++    
runs/online-c1-core-audit-20261008/source-full-diff-v3.log:676: trailing whitespace.
+++  
runs/online-c1-core-audit-20261008/source-full-diff-v3.log:678: trailing whitespace.
+++    
runs/online-c1-core-audit-20261008/source-full-diff-v3.log:680: trailing whitespace.
+++  
runs/online-c1-core-audit-20261008/source-full-diff-v3.log:682: trailing whitespace.
+++    
runs/online-c1-core-audit-20261008/source-full-diff-v3.log:684: trailing whitespace.
+++  
runs/online-c1-core-audit-20261008/source-full-diff-v3.log:686: trailing whitespace.
+++    
runs/online-c1-core-audit-20261008/source-full-diff-v3.log:688: trailing whitespace.
+++  
runs/online-c1-core-audit-20261008/source-full-diff-v3.log:690: trailing whitespace.
+++    
runs/online-c1-core-audit-20261008/source-full-diff-v3.log:692: trailing whitespace.
+++  
runs/online-c1-core-audit-20261008/source-full-diff-v3.log:694: trailing whitespace.
+++    
runs/online-c1-core-audit-20261008/source-full-diff-v3.log:696: trailing whitespace.
+++  
runs/online-c1-core-audit-20261008/source-full-diff-v3.log:698: trailing whitespace.
+++    
runs/online-c1-core-audit-20261008/source-full-diff-v3.log:700: trailing whitespace.
+++  
runs/online-c1-core-audit-20261008/source-full-diff-v3.log:702: trailing whitespace.
+++    
runs/online-c1-core-audit-20261008/source-full-diff-v3.log:704: trailing whitespace.
+++  
runs/online-c1-core-audit-20261008/source-full-diff-v3.log:706: trailing whitespace.
+++    
runs/online-c1-core-audit-20261008/source-full-diff-v3.log:708: trailing whitespace.
+++  
runs/online-c1-core-audit-20261008/source-full-diff-v3.log:710: trailing whitespace.
+++    
runs/online-c1-core-audit-20261008/source-full-diff-v3.log:712: trailing whitespace.
+++  
runs/online-c1-core-audit-20261008/source-full-diff-v3.log:714: trailing whitespace.
+++    
runs/online-c1-core-audit-20261008/source-full-diff-v3.log:716: trailing whitespace.
+++  
runs/online-c1-core-audit-20261008/source-full-diff-v3.log:718: trailing whitespace.
+++    
runs/online-c1-core-audit-20261008/source-full-diff-v3.log:720: trailing whitespace.
+++  
runs/online-c1-core-audit-20261008/source-full-diff-v3.log:722: trailing whitespace.
+++    
runs/online-c1-core-audit-20261008/source-full-diff-v3.log:724: trailing whitespace.
+++  
runs/online-c1-core-audit-20261008/source-full-diff-v3.log:726: trailing whitespace.
+++    
runs/online-c1-core-audit-20261008/source-full-diff-v3.log:728: trailing whitespace.
+++  
runs/online-c1-core-audit-20261008/source-full-diff-v3.log:730: trailing whitespace.
+++    
runs/online-c1-core-audit-20261008/source-full-diff-v3.log:732: trailing whitespace.
+++  
runs/online-c1-core-audit-20261008/source-full-diff-v3.log:734: trailing whitespace.
+++    
runs/online-c1-core-audit-20261008/source-full-diff-v3.log:736: trailing whitespace.
+++  
runs/online-c1-core-audit-20261008/source-full-diff-v3.log:738: trailing whitespace.
+++    
runs/online-c1-core-audit-20261008/source-full-diff-v3.log:740: trailing whitespace.
+++  
runs/online-c1-core-audit-20261008/source-full-diff-v3.log:742: trailing whitespace.
+++    
runs/online-c1-core-audit-20261008/source-full-diff-v3.log:744: trailing whitespace.
+++  
runs/online-c1-core-audit-20261008/source-full-diff-v3.log:746: trailing whitespace.
+++    
runs/online-c1-core-audit-20261008/source-full-diff-v3.log:748: trailing whitespace.
+++  
runs/online-c1-core-audit-20261008/source-full-diff-v3.log:750: trailing whitespace.
+++    
runs/online-c1-core-audit-20261008/source-full-diff-v3.log:752: trailing whitespace.
+++  
runs/online-c1-core-audit-20261008/source-full-diff-v3.log:754: trailing whitespace.
+++    
runs/online-c1-core-audit-20261008/source-full-diff-v3.log:756: trailing whitespace.
+++  
runs/online-c1-core-audit-20261008/source-full-diff-v3.log:758: trailing whitespace.
+++    
runs/online-c1-core-audit-20261008/source-full-diff-v3.log:760: trailing whitespace.
+++  
runs/online-c1-core-audit-20261008/source-full-diff-v3.log:762: trailing whitespace.
+++    
runs/online-c1-core-audit-20261008/source-full-diff-v3.log:764: trailing whitespace.
+++  
runs/online-c1-core-audit-20261008/source-full-diff-v3.log:766: trailing whitespace.
+++    
runs/online-c1-core-audit-20261008/source-full-diff-v3.log:768: trailing whitespace.
+++  
runs/online-c1-core-audit-20261008/source-full-diff-v3.log:770: trailing whitespace.
+++    
runs/online-c1-core-audit-20261008/source-full-diff-v3.log:772: trailing whitespace.
+++  
runs/online-c1-core-audit-20261008/source-full-diff-v3.log:774: trailing whitespace.
+++    
runs/online-c1-core-audit-20261008/source-full-diff-v3.log:776: trailing whitespace.
+++  
runs/online-c1-core-audit-20261008/source-full-diff-v3.log:778: trailing whitespace.
+++    
runs/online-c1-core-audit-20261008/source-full-diff-v3.log:780: trailing whitespace.
+++  
runs/online-c1-core-audit-20261008/source-full-diff-v3.log:782: trailing whitespace.
+++    
runs/online-c1-core-audit-20261008/source-full-diff-v3.log:784: trailing whitespace.
+++  
runs/online-c1-core-audit-20261008/source-full-diff-v3.log:786: trailing whitespace.
+++    
runs/online-c1-core-audit-20261008/source-full-diff-v3.log:788: trailing whitespace.
+++  
runs/online-c1-core-audit-20261008/source-full-diff-v3.log:790: trailing whitespace.
+++    
runs/online-c1-core-audit-20261008/source-full-diff-v3.log:792: trailing whitespace.
+++  
runs/online-c1-core-audit-20261008/source-full-diff-v3.log:794: trailing whitespace.
+++    
runs/online-c1-core-audit-20261008/source-full-diff-v3.log:796: trailing whitespace.
+++  
runs/online-c1-core-audit-20261008/source-full-diff-v3.log:798: trailing whitespace.
+++    
runs/online-c1-core-audit-20261008/source-full-diff-v3.log:800: trailing whitespace.
+++  
runs/online-c1-core-audit-20261008/source-full-diff-v3.log:802: trailing whitespace.
+++    
runs/online-c1-core-audit-20261008/source-full-diff-v3.log:804: trailing whitespace.
+++  
runs/online-c1-core-audit-20261008/source-full-diff-v3.log:806: trailing whitespace.
+++    
runs/online-c1-core-audit-20261008/source-full-diff-v3.log:808: trailing whitespace.
+++  
runs/online-c1-core-audit-20261008/source-full-diff-v3.log:810: trailing whitespace.
+++    
runs/online-c1-core-audit-20261008/source-full-diff-v3.log:812: trailing whitespace.
+++  
runs/online-c1-core-audit-20261008/source-full-diff-v3.log:814: trailing whitespace.
+++    
runs/online-c1-core-audit-20261008/source-full-diff-v3.log:816: trailing whitespace.
+++  
runs/online-c1-core-audit-20261008/source-full-diff-v3.log:818: trailing whitespace.
+++    
runs/online-c1-core-audit-20261008/source-full-diff-v3.log:820: trailing whitespace.
+++  
runs/online-c1-core-audit-20261008/source-full-diff-v3.log:822: trailing whitespace.
+++    
runs/online-c1-core-audit-20261008/source-full-diff-v3.log:824: trailing whitespace.
+++  
runs/online-c1-core-audit-20261008/source-full-diff-v3.log:826: trailing whitespace.
+++    
runs/online-c1-core-audit-20261008/source-full-diff-v3.log:828: trailing whitespace.
+++  
runs/online-c1-core-audit-20261008/source-full-diff-v3.log:830: trailing whitespace.
+++    
runs/online-c1-core-audit-20261008/source-full-diff-v3.log:832: trailing whitespace.
+++  
runs/online-c1-core-audit-20261008/source-full-diff-v3.log:834: trailing whitespace.
+++    
runs/online-c1-core-audit-20261008/source-full-diff-v3.log:836: trailing whitespace.
+++  
runs/online-c1-core-audit-20261008/source-full-diff-v3.log:838: trailing whitespace.
+++    
runs/online-c1-core-audit-20261008/source-full-diff-v3.log:840: trailing whitespace.
+++  
runs/online-c1-core-audit-20261008/source-full-diff-v3.log:842: trailing whitespace.
+++    
runs/online-c1-core-audit-20261008/source-full-diff-v3.log:844: trailing whitespace.
+++  
runs/online-c1-core-audit-20261008/source-full-diff-v3.log:846: trailing whitespace.
+++    
runs/online-c1-core-audit-20261008/source-full-diff-v3.log:848: trailing whitespace.
+++  
runs/online-c1-core-audit-20261008/source-full-diff-v3.log:850: trailing whitespace.
+++    
runs/online-c1-core-audit-20261008/source-full-diff-v3.log:852: trailing whitespace.
+++  
runs/online-c1-core-audit-20261008/source-full-diff-v3.log:854: trailing whitespace.
+++    
runs/online-c1-core-audit-20261008/source-full-diff-v3.log:856: trailing whitespace.
+++  
runs/online-c1-core-audit-20261008/source-full-diff-v3.log:858: trailing whitespace.
+++    
runs/online-c1-core-audit-20261008/source-full-diff-v3.log:860: trailing whitespace.
+++  
runs/online-c1-core-audit-20261008/source-full-diff-v3.log:862: trailing whitespace.
+++    
runs/online-c1-core-audit-20261008/source-full-diff-v3.log:864: trailing whitespace.
+++  
runs/online-c1-core-audit-20261008/source-full-diff-v3.log:866: trailing whitespace.
+++    
runs/online-c1-core-audit-20261008/source-full-diff-v3.log:868: trailing whitespace.
+++  
runs/online-c1-core-audit-20261008/source-full-diff-v3.log:870: trailing whitespace.
+++    
runs/online-c1-core-audit-20261008/source-full-diff-v3.log:872: trailing whitespace.
+++  
runs/online-c1-core-audit-20261008/source-full-diff-v3.log:874: trailing whitespace.
+++    
runs/online-c1-core-audit-20261008/source-full-diff-v3.log:876: trailing whitespace.
+++  
runs/online-c1-core-audit-20261008/source-full-diff-v3.log:878: trailing whitespace.
+++    
runs/online-c1-core-audit-20261008/source-full-diff-v3.log:880: trailing whitespace.
+++  
runs/online-c1-core-audit-20261008/source-full-diff-v3.log:882: trailing whitespace.
+++    
runs/online-c1-core-audit-20261008/source-full-diff-v3.log:884: trailing whitespace.
+++  
runs/online-c1-core-audit-20261008/source-full-diff-v3.log:886: trailing whitespace.
+++    
runs/online-c1-core-audit-20261008/source-full-diff-v3.log:888: trailing whitespace.
+++  
runs/online-c1-core-audit-20261008/source-full-diff-v3.log:890: trailing whitespace.
+++    
runs/online-c1-core-audit-20261008/source-full-diff-v3.log:892: trailing whitespace.
+++  
runs/online-c1-core-audit-20261008/source-full-diff-v3.log:894: trailing whitespace.
+++    
runs/online-c1-core-audit-20261008/source-full-diff-v3.log:896: trailing whitespace.
+++  
runs/online-c1-core-audit-20261008/source-full-diff-v3.log:898: trailing whitespace.
+++    
runs/online-c1-core-audit-20261008/source-full-diff-v3.log:900: trailing whitespace.
+++  
runs/online-c1-core-audit-20261008/source-full-diff-v3.log:902: trailing whitespace.
+++    
runs/online-c1-core-audit-20261008/source-full-diff-v3.log:904: trailing whitespace.
++++  
runs/online-c1-core-audit-20261008/source-full-diff-v3.log:906: trailing whitespace.
++++    
runs/online-c1-core-audit-20261008/source-full-diff-v3.log:908: trailing whitespace.
++++  
runs/online-c1-core-audit-20261008/source-full-diff-v3.log:910: trailing whitespace.
++++    
runs/online-c1-core-audit-20261008/source-full-diff-v3.log:912: trailing whitespace.
++++  
runs/online-c1-core-audit-20261008/source-full-diff-v3.log:914: trailing whitespace.
++++    
runs/online-c1-core-audit-20261008/source-full-diff-v3.log:916: trailing whitespace.
++++  
runs/online-c1-core-audit-20261008/source-full-diff-v3.log:918: trailing whitespace.
++++    
runs/online-c1-core-audit-20261008/source-full-diff-v3.log:920: trailing whitespace.
++++  
runs/online-c1-core-audit-20261008/source-full-diff-v3.log:922: trailing whitespace.
++++    
runs/online-c1-core-audit-20261008/source-full-diff-v3.log:924: trailing whitespace.
++++  
runs/online-c1-core-audit-20261008/source-full-diff-v3.log:926: trailing whitespace.
++++    
runs/online-c1-core-audit-20261008/source-full-diff-v3.log:928: trailing whitespace.
++++  
runs/online-c1-core-audit-20261008/source-full-diff-v3.log:930: trailing whitespace.
++++    
runs/online-c1-core-audit-20261008/source-full-diff-v3.log:932: trailing whitespace.
++++  
runs/online-c1-core-audit-20261008/source-full-diff-v3.log:934: trailing whitespace.
++++    
runs/online-c1-core-audit-20261008/source-full-diff-v3.log:936: trailing whitespace.
++++  
runs/online-c1-core-audit-20261008/source-full-diff-v3.log:938: trailing whitespace.
++++    
runs/online-c1-core-audit-20261008/source-full-diff-v3.log:940: trailing whitespace.
++++  
runs/online-c1-core-audit-20261008/source-full-diff-v3.log:942: trailing whitespace.
++++    
runs/online-c1-core-audit-20261008/source-full-diff-v3.log:944: trailing whitespace.
++++  
runs/online-c1-core-audit-20261008/source-full-diff-v3.log:946: trailing whitespace.
++++    
runs/online-c1-core-audit-20261008/source-full-diff-v3.log:948: trailing whitespace.
++++  
runs/online-c1-core-audit-20261008/source-full-diff-v3.log:950: trailing whitespace.
++++    
runs/online-c1-core-audit-20261008/source-full-diff-v3.log:952: trailing whitespace.
++++  
runs/online-c1-core-audit-20261008/source-full-diff-v3.log:954: trailing whitespace.
++++    
runs/online-c1-core-audit-20261008/source-full-diff-v3.log:956: trailing whitespace.
++++  
runs/online-c1-core-audit-20261008/source-full-diff-v3.log:958: trailing whitespace.
++++    
runs/online-c1-core-audit-20261008/source-full-diff-v3.log:960: trailing whitespace.
++++  
runs/online-c1-core-audit-20261008/source-full-diff-v3.log:962: trailing whitespace.
++++    
runs/online-c1-core-audit-20261008/source-full-diff-v3.log:964: trailing whitespace.
++++  
runs/online-c1-core-audit-20261008/source-full-diff-v3.log:966: trailing whitespace.
++++    
runs/online-c1-core-audit-20261008/source-full-diff-v3.log:968: trailing whitespace.
++++  
runs/online-c1-core-audit-20261008/source-full-diff-v3.log:970: trailing whitespace.
++++    
runs/online-c1-core-audit-20261008/source-full-diff-v3.log:972: trailing whitespace.
++++  
runs/online-c1-core-audit-20261008/source-full-diff-v3.log:974: trailing whitespace.
++++    
runs/online-c1-core-audit-20261008/source-full-diff-v3.log:976: trailing whitespace.
++++  
runs/online-c1-core-audit-20261008/source-full-diff-v3.log:978: trailing whitespace.
++++    
runs/online-c1-core-audit-20261008/source-full-diff-v3.log:980: trailing whitespace.
++++  
runs/online-c1-core-audit-20261008/source-full-diff-v3.log:982: trailing whitespace.
++++    
runs/online-c1-core-audit-20261008/source-full-diff-v3.log:984: trailing whitespace.
++++  
runs/online-c1-core-audit-20261008/source-full-diff-v3.log:986: trailing whitespace.
++++    
runs/online-c1-core-audit-20261008/source-full-diff-v3.log:988: trailing whitespace.
++++  
runs/online-c1-core-audit-20261008/source-full-diff-v3.log:990: trailing whitespace.
++++    
runs/online-c1-core-audit-20261008/source-full-diff-v3.log:992: trailing whitespace.
++++  
runs/online-c1-core-audit-20261008/source-full-diff-v3.log:994: trailing whitespace.
++++    
runs/online-c1-core-audit-20261008/source-full-diff-v3.log:996: trailing whitespace.
++++  
runs/online-c1-core-audit-20261008/source-full-diff-v3.log:998: trailing whitespace.
++++    
runs/online-c1-core-audit-20261008/source-full-diff-v3.log:1000: trailing whitespace.
++++  
runs/online-c1-core-audit-20261008/source-full-diff-v3.log:1002: trailing whitespace.
++++    
runs/online-c1-core-audit-20261008/source-full-diff-v3.log:1004: trailing whitespace.
++++  
runs/online-c1-core-audit-20261008/source-full-diff-v3.log:1006: trailing whitespace.
++++    
runs/online-c1-core-audit-20261008/source-full-diff-v3.log:1008: trailing whitespace.
++++  
runs/online-c1-core-audit-20261008/source-full-diff-v3.log:1010: trailing whitespace.
++++    
runs/online-c1-core-audit-20261008/source-full-diff-v3.log:1012: trailing whitespace.
++++  
runs/online-c1-core-audit-20261008/source-full-diff-v3.log:1014: trailing whitespace.
++++    
runs/online-c1-core-audit-20261008/source-full-diff-v3.log:1016: trailing whitespace.
++++  
runs/online-c1-core-audit-20261008/source-full-diff-v3.log:1018: trailing whitespace.
++++    
runs/online-c1-core-audit-20261008/source-full-diff-v3.log:1020: trailing whitespace.
++++  
runs/online-c1-core-audit-20261008/source-full-diff-v3.log:1022: trailing whitespace.
++++    
runs/online-c1-core-audit-20261008/source-full-diff-v3.log:1024: trailing whitespace.
++++  
runs/online-c1-core-audit-20261008/source-full-diff-v3.log:1026: trailing whitespace.
++++    
runs/online-c1-core-audit-20261008/source-full-diff-v3.log:1028: trailing whitespace.
++++  
runs/online-c1-core-audit-20261008/source-full-diff-v3.log:1030: trailing whitespace.
++++    
runs/online-c1-core-audit-20261008/source-full-diff-v3.log:1032: trailing whitespace.
++++  
runs/online-c1-core-audit-20261008/source-full-diff-v3.log:1034: trailing whitespace.
++++    
runs/online-c1-core-audit-20261008/source-full-diff-v3.log:1036: trailing whitespace.
++++  
runs/online-c1-core-audit-20261008/source-full-diff-v3.log:1038: trailing whitespace.
++++    
runs/online-c1-core-audit-20261008/source-full-diff-v3.log:1040: trailing whitespace.
++++  
runs/online-c1-core-audit-20261008/source-full-diff-v3.log:1042: trailing whitespace.
++++    
runs/online-c1-core-audit-20261008/source-full-diff-v3.log:1044: trailing whitespace.
++++  
runs/online-c1-core-audit-20261008/source-full-diff-v3.log:1046: trailing whitespace.
++++    
runs/online-c1-core-audit-20261008/source-full-diff-v3.log:1048: trailing whitespace.
++++  
runs/online-c1-core-audit-20261008/source-full-diff-v3.log:1050: trailing whitespace.
++++    
runs/online-c1-core-audit-20261008/source-full-diff-v3.log:1052: trailing whitespace.
++++  
runs/online-c1-core-audit-20261008/source-full-diff-v3.log:1054: trailing whitespace.
++++    
runs/online-c1-core-audit-20261008/source-full-diff-v3.log:1056: trailing whitespace.
++++  
runs/online-c1-core-audit-20261008/source-full-diff-v3.log:1058: trailing whitespace.
++++    
runs/online-c1-core-audit-20261008/source-full-diff-v3.log:1060: trailing whitespace.
++++  
runs/online-c1-core-audit-20261008/source-full-diff-v3.log:1062: trailing whitespace.
++++    
runs/online-c1-core-audit-20261008/source-full-diff-v3.log:1064: trailing whitespace.
++++  
runs/online-c1-core-audit-20261008/source-full-diff-v3.log:1066: trailing whitespace.
++++    
runs/online-c1-core-audit-20261008/source-full-diff-v3.log:1068: trailing whitespace.
++++  
runs/online-c1-core-audit-20261008/source-full-diff-v3.log:1070: trailing whitespace.
++++    
runs/online-c1-core-audit-20261008/source-full-diff-v3.log:1072: trailing whitespace.
++++  
runs/online-c1-core-audit-20261008/source-full-diff-v3.log:1074: trailing whitespace.
++++    
runs/online-c1-core-audit-20261008/source-full-diff-v3.log:1076: trailing whitespace.
++++  
runs/online-c1-core-audit-20261008/source-full-diff-v3.log:1078: trailing whitespace.
++++    
runs/online-c1-core-audit-20261008/source-full-diff-v3.log:1080: trailing whitespace.
++++  
runs/online-c1-core-audit-20261008/source-full-diff-v3.log:1082: trailing whitespace.
++++    
runs/online-c1-core-audit-20261008/source-full-diff-v3.log:1084: trailing whitespace.
++++  
runs/online-c1-core-audit-20261008/source-full-diff-v3.log:1086: trailing whitespace.
++++    
runs/online-c1-core-audit-20261008/source-full-diff-v3.log:1088: trailing whitespace.
++++  
runs/online-c1-core-audit-20261008/source-full-diff-v3.log:1090: trailing whitespace.
++++    
runs/online-c1-core-audit-20261008/source-full-diff-v3.log:1092: trailing whitespace.
++++  
runs/online-c1-core-audit-20261008/source-full-diff-v3.log:1094: trailing whitespace.
++++    
runs/online-c1-core-audit-20261008/source-full-diff-v3.log:1096: trailing whitespace.
++++  
runs/online-c1-core-audit-20261008/source-full-diff-v3.log:1098: trailing whitespace.
++++    
runs/online-c1-core-audit-20261008/source-full-diff-v3.log:1100: trailing whitespace.
++++  
runs/online-c1-core-audit-20261008/source-full-diff-v3.log:1102: trailing whitespace.
++++    
runs/online-c1-core-audit-20261008/source-full-diff-v3.log:1104: trailing whitespace.
++++  
runs/online-c1-core-audit-20261008/source-full-diff-v3.log:1106: trailing whitespace.
++++    
runs/online-c1-core-audit-20261008/source-full-diff-v3.log:1108: trailing whitespace.
++++  
runs/online-c1-core-audit-20261008/source-full-diff-v3.log:1110: trailing whitespace.
++++    
runs/online-c1-core-audit-20261008/source-full-diff-v3.log:1112: trailing whitespace.
++++  
runs/online-c1-core-audit-20261008/source-full-diff-v3.log:1114: trailing whitespace.
++++    
runs/online-c1-core-audit-20261008/source-full-diff-v3.log:1116: trailing whitespace.
++++  
runs/online-c1-core-audit-20261008/source-full-diff-v3.log:1118: trailing whitespace.
++++    
runs/online-c1-core-audit-20261008/source-full-diff-v3.log:1120: trailing whitespace.
++++  
runs/online-c1-core-audit-20261008/source-full-diff-v3.log:1122: trailing whitespace.
++++    
runs/online-c1-core-audit-20261008/source-full-diff-v3.log:1124: trailing whitespace.
++++  
runs/online-c1-core-audit-20261008/source-full-diff-v3.log:1126: trailing whitespace.
++++    
runs/online-c1-core-audit-20261008/source-full-diff-v3.log:1128: trailing whitespace.
++++  
runs/online-c1-core-audit-20261008/source-full-diff-v3.log:1130: trailing whitespace.
++++    
runs/online-c1-core-audit-20261008/source-full-diff-v3.log:1132: trailing whitespace.
++++  
runs/online-c1-core-audit-20261008/source-full-diff-v3.log:1134: trailing whitespace.
++++    
runs/online-c1-core-audit-20261008/source-full-diff-v3.log:1136: trailing whitespace.
++++  
runs/online-c1-core-audit-20261008/source-full-diff-v3.log:1138: trailing whitespace.
++++    
runs/online-c1-core-audit-20261008/source-full-diff-v3.log:1140: trailing whitespace.
++++  
runs/online-c1-core-audit-20261008/source-full-diff-v3.log:1142: trailing whitespace.
++++    
runs/online-c1-core-audit-20261008/source-full-diff-v3.log:1144: trailing whitespace.
++++  
runs/online-c1-core-audit-20261008/source-full-diff-v3.log:1146: trailing whitespace.
++++    
runs/online-c1-core-audit-20261008/source-full-diff-v3.log:1148: trailing whitespace.
++++  
runs/online-c1-core-audit-20261008/source-full-diff-v3.log:1150: trailing whitespace.
++++    
runs/online-c1-core-audit-20261008/source-full-diff-v3.log:1152: trailing whitespace.
++++  
runs/online-c1-core-audit-20261008/source-full-diff-v3.log:1154: trailing whitespace.
++++    
runs/online-c1-core-audit-20261008/source-full-diff-v3.log:1156: trailing whitespace.
++++  
runs/online-c1-core-audit-20261008/source-full-diff-v3.log:1158: trailing whitespace.
++++    
runs/online-c1-core-audit-20261008/source-full-diff-v3.log:1160: trailing whitespace.
++++  
runs/online-c1-core-audit-20261008/source-full-diff-v3.log:1162: trailing whitespace.
++++    
runs/online-c1-core-audit-20261008/source-full-diff-v3.log:1164: trailing whitespace.
++++  
runs/online-c1-core-audit-20261008/source-full-diff-v3.log:1166: trailing whitespace.
++++    
runs/online-c1-core-audit-20261008/source-full-diff-v3.log:1168: trailing whitespace.
++++  
runs/online-c1-core-audit-20261008/source-full-diff-v3.log:1170: trailing whitespace.
++++    
runs/online-c1-core-audit-20261008/source-full-diff-v3.log:1172: trailing whitespace.
++++  
runs/online-c1-core-audit-20261008/source-full-diff-v3.log:1174: trailing whitespace.
++++    
runs/online-c1-core-audit-20261008/source-full-diff-v3.log:1176: trailing whitespace.
++++  
runs/online-c1-core-audit-20261008/source-full-diff-v3.log:1178: trailing whitespace.
++++    
runs/online-c1-core-audit-20261008/source-full-diff-v3.log:1180: trailing whitespace.
++++  
runs/online-c1-core-audit-20261008/source-full-diff-v3.log:1182: trailing whitespace.
++++    
runs/online-c1-core-audit-20261008/source-full-diff-v3.log:1184: trailing whitespace.
++++  
runs/online-c1-core-audit-20261008/source-full-diff-v3.log:1186: trailing whitespace.
++++    
runs/online-c1-core-audit-20261008/source-full-diff-v3.log:1188: trailing whitespace.
++++  
runs/online-c1-core-audit-20261008/source-full-diff-v3.log:1190: trailing whitespace.
++++    
runs/online-c1-core-audit-20261008/source-full-diff-v3.log:1192: trailing whitespace.
++++  
runs/online-c1-core-audit-20261008/source-full-diff-v3.log:1194: trailing whitespace.
++++    
runs/online-c1-core-audit-20261008/source-full-diff-v3.log:1196: trailing whitespace.
++++  
runs/online-c1-core-audit-20261008/source-full-diff-v3.log:1198: trailing whitespace.
++++    
runs/online-c1-core-audit-20261008/source-full-diff-v3.log:1200: trailing whitespace.
++++  
runs/online-c1-core-audit-20261008/source-full-diff-v3.log:1202: trailing whitespace.
++++    
