BanditRLProof.CUCB.empiricalMean [def] BanditRLProof/Algorithms/CUCBHistory.lean:26
  noncomputable def empiricalMean {m : ℕ} (Y : ℕ → Feedback m) (n : ℕ) (i : Fin m) : ℝ
BanditRLProof.CUCB.empiricalMean_le_one [theorem] BanditRLProof/Algorithms/CUCBHistory.lean:63
  theorem empiricalMean_le_one {m : ℕ} (Y : ℕ → Feedback m) (n : ℕ) (i : Fin m) : empiricalMean Y n i ≤ 1
BanditRLProof.CUCB.empiricalMean_unobserved [theorem] BanditRLProof/Algorithms/CUCBHistory.lean:71
  theorem empiricalMean_unobserved {m : ℕ} (Y : ℕ → Feedback m) (n : ℕ) (i : Fin m) (h : (Y n).1 i=false) : empiricalMean Y (n+1) i=empiricalMean Y n i
BanditRLProof.CUCB.empiricalMean_observed [theorem] BanditRLProof/Algorithms/CUCBHistory.lean:75
  theorem empiricalMean_observed {m : ℕ} (Y : ℕ → Feedback m) (n : ℕ) (i : Fin m) (h : (Y n).1 i=true) : empiricalMean Y (n+1) i = (observationSum Y n i + ((Y n).2.1 i : ℝ)) / ((observationCount Y n i : ℝ)+1)
BanditRLProof.CUCB.empiricalMean_nonneg [theorem] BanditRLProof/Algorithms/CUCBHistory.lean:81
  theorem empiricalMean_nonneg {m : ℕ} (Y : ℕ → Feedback m) (n : ℕ) (i : Fin m) : 0≤empiricalMean Y n i
BanditRLProof.CUCB.measurable_empiricalMean [theorem] BanditRLProof/Algorithms/CUCBHistory.lean:165
  theorem measurable_empiricalMean {m : ℕ} (n : ℕ) (i : Fin m) : Measurable (fun Y : ℕ → Feedback m => empiricalMean Y n i)
BanditRLProof.CUCB.SourceModel.not_bad_of_nice_and_sufficient_observations [theorem] BanditRLProof/Algorithms/CUCBImpossibleCase.lean:29
  theorem not_bad_of_nice_and_sufficient_observations (Y : ℕ → Feedback m) (n : ℕ) (a : A) (hnice : ∀i, |empiricalMean Y n i-(M.trueInput i:ℝ)|≤ confidenceRadius Y n i (3*Real.log ((n:ℝ)+1))) (horacle : S.alpha*scoreOptimum S.score (oracleInput Y n)≤S.score (oracleInput Y n) a) (hcount : ∀i∈M.possible a, 6*Real.log ((n:ℝ)+1)/(S.inverseGap a)^2 < (observationCount Y n i : ℝ)) : ¬0<S.gap a
BanditRLProof.CUCB.empirical_bad_implies_deviation [theorem] BanditRLProof/Algorithms/CUCBNiceEvent.lean:31
  theorem empirical_bad_implies_deviation {A : Type*} {m : ℕ} (D : Measure UnitOutcome) [IsProbabilityMeasure D] (i : Fin m) (n : ℕ) (L : ℝ) (hL : 0≤L) (Y : ℕ → Round A m) (hbad : confidenceRadius (fun t => (Y t).2) n i L < |empiricalMean (fun t => (Y t).2) n i-marginalMean D|) : ∃ lower : Bool, 0<observationCount (fun t => (Y t).2) n i ∧ Real.sqrt ((observationCount (fun t => (Y t).2) n i : ℝ)*L/2) ≤ pathDeviation D i n lower Y
BanditRLProof.CUCB.upperIndex_of_confidence [theorem] BanditRLProof/Algorithms/CUCBNiceEvent.lean:73
  theorem upperIndex_of_confidence {m : ℕ} (Y : ℕ → Feedback m) (n : ℕ) (i : Fin m) (μ : ℝ) (hμ : μ ∈ Set.Icc (0:ℝ) 1) (hgood : |empiricalMean Y n i-μ| ≤ confidenceRadius Y n i (3*Real.log ((n:ℝ)+1))) : μ ≤ upperIndex Y n i ∧ upperIndex Y n i ≤ μ+2*confidenceRadius Y n i (3*Real.log ((n:ℝ)+1))
BanditRLProof.CUCB.empirical_bad_probability [theorem] BanditRLProof/Algorithms/CUCBNiceEvent.lean:105
  theorem empirical_bad_probability (n : ℕ) (L : ℝ) (hL : 0≤L) : (cucbTrajectory oracle environment) {Y | confidenceRadius (fun t => (Y t).2) n i L < |empiricalMean (fun t => (Y t).2) n i-marginalMean D|} ≤ 2*(n:ENNReal)*ENNReal.ofReal (Real.exp (-L))
BanditRLProof.CUCB.empirical_bad_probability_source [theorem] BanditRLProof/Algorithms/CUCBNiceEvent.lean:143
  theorem empirical_bad_probability_source (n : ℕ) : (cucbTrajectory oracle environment) {Y | confidenceRadius (fun t => (Y t).2) n i (3*Real.log ((n:ℝ)+1)) < |empiricalMean (fun t => (Y t).2) n i-marginalMean D|} ≤ ENNReal.ofReal (2/((n:ℝ)+1)^2)
BanditRLProof.ETC.empMeanAtExploration [def] BanditRLProof/Algorithms/ETCEmpiricalMean.lean:24
  def empMeanAtExploration {K : Nat} (spec : ETC.Spec K) (commitArm : Fin K) (reward : RewardTrace Rat) (a : Fin K) : Rat
BanditRLProof.ETC.empMeanAtExploration_eq_of_eq_on_prefix [theorem] BanditRLProof/Algorithms/ETCEmpiricalMean.lean:39
  theorem empMeanAtExploration_eq_of_eq_on_prefix {K : Nat} (spec : ETC.Spec K) (commitArm : Fin K) (reward0 reward1 : RewardTrace Rat) (hprefix : forall t, t < spec.explorationPulls * K -> reward0 t = reward1 t) (a : Fin K) : ETC.empMeanAtExploration spec commitArm reward0 a = ETC.empMeanAtExploration spec commitArm reward1 a
BanditRLProof.ETC.empMeanAtExploration_completeRewardTrace_eq_of_explorationHorizon_le [theorem] BanditRLProof/Algorithms/ETCEmpiricalMean.lean:69
  theorem empMeanAtExploration_completeRewardTrace_eq_of_explorationHorizon_le {K : Nat} (spec : ETC.Spec K) (commitArm : Fin K) (reward : RewardTrace Rat) (t : Nat) (horizon_le : spec.explorationPulls * K <= t + 1) (a : Fin K) : ETC.empMeanAtExploration spec commitArm (History.completeRewardTrace t (History.finiteRewardHistoryOfTrace reward t) (0 : Rat)) a = ETC.empMeanAtExploration spec commitArm reward a
BanditRLProof.ETC.empMeanAtExploration_eq_sumRewards_div_explorationPulls [theorem] BanditRLProof/Algorithms/ETCEmpiricalMean.lean:88
  theorem empMeanAtExploration_eq_sumRewards_div_explorationPulls {K : Nat} (spec : ETC.Spec K) (commitArm : Fin K) (reward : RewardTrace Rat) (a : Fin K) : ETC.empMeanAtExploration spec commitArm reward a = sumRewards (ETC.actionWithCommit spec commitArm) reward a (spec.explorationPulls * K) / ((spec.explorationPulls : Nat) : Rat)
BanditRLProof.ETC.empMeanAtExploration_le_iff_sumRewards_le_of_explorationPulls_pos [theorem] BanditRLProof/Algorithms/ETCEmpiricalMean.lean:107
  theorem empMeanAtExploration_le_iff_sumRewards_le_of_explorationPulls_pos {K : Nat} (spec : ETC.Spec K) (commitArm : Fin K) (reward : RewardTrace Rat) (a b : Fin K) (hexplorationPulls_pos : 0 < spec.explorationPulls) : ETC.empMeanAtExploration spec commitArm reward b <= ETC.empMeanAtExploration spec commitArm reward a ↔ sumRewards (ETC.actionWithCommit spec commitArm) reward b (spec.explorationPulls * K) <= sumRewards (ETC.actionWithCommit spec commitArm) reward a (spec.explorationPulls * K)
BanditRLProof.ETC.empMeanAtExploration_ge_best_event_subset_sumRewards_tail_event_of_imp [theorem] BanditRLProof/Algorithms/ETCEmpiricalMean.lean:133
  theorem empMeanAtExploration_ge_best_event_subset_sumRewards_tail_event_of_imp {Omega : Type u} {K : Nat} (spec : ETC.Spec K) (model : FiniteBanditModel K) (commitArm : Fin K) (reward : Omega -> RewardTrace Rat) (a : Fin K) (hexplorationPulls_pos : 0 < spec.explorationPulls) {Idx : Type v} (idx : Finset Idx) (X : Idx -> Omega -> Real) (eps : Real) (himp : forall omega : Omega, sumRewards (ETC.actionWithCommit spec commitArm) (reward omega) model.bestArm (spec.explorationPulls * K) <= sumRewards (ETC.actionWithCommit spec commitArm) (reward omega) a (spec.explorationPulls * K) -> eps <= idx.sum (fun i => X i omega)) : Set.Subset {omega : Omega | ETC.empMeanAtExploration spec commitArm (reward omega) a >= ETC.empMeanAtExploration spec commitArm (reward omega) model.bestArm} {omega : Omega | eps <= idx.sum (fun i => X i omega)}
BanditRLProof.ETC.measurable_sumRewards_actionWithCommit_exploration [theorem] BanditRLProof/Algorithms/ETCEmpiricalMeanMeasurability.lean:27
  theorem measurable_sumRewards_actionWithCommit_exploration {Omega : Type u} {K : Nat} [MeasurableSpace Omega] [MeasurableSpace (Fin K)] [MeasurableSingletonClass (Fin K)] [MeasurableSpace Rat] [MeasurableAdd₂ Rat] (spec : ETC.Spec K) (commitArm a : Fin K) (reward : Omega -> RewardTrace Rat) (hreward : forall t : Nat, Measurable (fun omega : Omega => reward omega t)) : Measurable (fun omega : Omega => sumRewards (ETC.actionWithCommit spec commitArm) (reward omega) a (spec.explorationPulls * K))
BanditRLProof.ETC.measurable_empMeanAtExploration_of_measurable_div_const [theorem] BanditRLProof/Algorithms/ETCEmpiricalMeanMeasurability.lean:59
  theorem measurable_empMeanAtExploration_of_measurable_div_const {Omega : Type u} {K : Nat} [MeasurableSpace Omega] [MeasurableSpace (Fin K)] [MeasurableSingletonClass (Fin K)] [MeasurableSpace Rat] [MeasurableAdd₂ Rat] (spec : ETC.Spec K) (commitArm a : Fin K) (reward : Omega -> RewardTrace Rat) (hreward : forall t : Nat, Measurable (fun omega : Omega => reward omega t)) (hdiv_const : forall c : Rat, Measurable (fun x : Rat => x / c)) : Measurable (fun omega : Omega => ETC.empMeanAtExploration spec commitArm (reward omega) a)
BanditRLProof.ETC.measurable_empMeanAtExploration [theorem] BanditRLProof/Algorithms/ETCEmpiricalMeanMeasurability.lean:93
  theorem measurable_empMeanAtExploration {Omega : Type u} {K : Nat} [MeasurableSpace Omega] [MeasurableSpace (Fin K)] [MeasurableSingletonClass (Fin K)] [MeasurableSpace Rat] [MeasurableSingletonClass Rat] [MeasurableAdd₂ Rat] (spec : ETC.Spec K) (commitArm a : Fin K) (reward : Omega -> RewardTrace Rat) (hreward : forall t : Nat, Measurable (fun omega : Omega => reward omega t)) : Measurable (fun omega : Omega => ETC.empMeanAtExploration spec commitArm (reward omega) a)
BanditRLProof.ETC.measurable_empMeanAtExploration_coordinates [theorem] BanditRLProof/Algorithms/ETCEmpiricalMeanMeasurability.lean:118
  theorem measurable_empMeanAtExploration_coordinates {Omega : Type u} {K : Nat} [MeasurableSpace Omega] [MeasurableSpace (Fin K)] [MeasurableSingletonClass (Fin K)] [MeasurableSpace Rat] [MeasurableSingletonClass Rat] [MeasurableAdd₂ Rat] (spec : ETC.Spec K) (commitArm : Fin K) (reward : Omega -> RewardTrace Rat) (hreward : forall t : Nat, Measurable (fun omega : Omega => reward omega t)) : forall a : Fin K, Measurable (fun omega : Omega => (fun b : Fin K => ETC.empMeanAtExploration spec commitArm (reward omega) b) a)
BanditRLProof.ETC.realEmpMeanAtExploration [def] BanditRLProof/Algorithms/ETCRealEmpiricalMean.lean:22
  noncomputable def realEmpMeanAtExploration {K : Nat} (spec : ETC.Spec K) (baseCommitArm : Fin K) (reward : RewardTrace Real) (a : Fin K) : Real
BanditRLProof.ETC.realEmpMeanAtExploration_eq_sumRewards_div_explorationPulls [theorem] BanditRLProof/Algorithms/ETCRealEmpiricalMean.lean:30
  theorem realEmpMeanAtExploration_eq_sumRewards_div_explorationPulls {K : Nat} (spec : ETC.Spec K) (baseCommitArm : Fin K) (reward : RewardTrace Real) (a : Fin K) : ETC.realEmpMeanAtExploration spec baseCommitArm reward a = sumRewards (ETC.actionWithCommit spec baseCommitArm) reward a (spec.explorationPulls * K) / (spec.explorationPulls : Real)
BanditRLProof.ETC.measurable_realEmpMeanAtExploration [theorem] BanditRLProof/Algorithms/ETCRealEmpiricalMean.lean:41
  theorem measurable_realEmpMeanAtExploration {Omega : Type u} {K : Nat} [MeasurableSpace Omega] (spec : ETC.Spec K) (baseCommitArm a : Fin K) (reward : Omega -> RewardTrace Real) (hreward : forall t : Nat, Measurable (fun omega : Omega => reward omega t)) : Measurable (fun omega : Omega => ETC.realEmpMeanAtExploration spec baseCommitArm (reward omega) a)
BanditRLProof.ETC.realArgmaxCommit [def] BanditRLProof/Algorithms/ETCRealEmpiricalMean.lean:107
  noncomputable def realArgmaxCommit {K : Nat} (hK : 0 < K) (scores : Fin K -> Real) : Fin K
BanditRLProof.ETC.realArgmaxCommit_spec [theorem] BanditRLProof/Algorithms/ETCRealEmpiricalMean.lean:115
  theorem realArgmaxCommit_spec {K : Nat} (hK : 0 < K) (scores : Fin K -> Real) (a : Fin K) : scores a <= scores (ETC.realArgmaxCommit hK scores)
BanditRLProof.ETC.realArgmaxCommit_const [theorem] BanditRLProof/Algorithms/ETCRealEmpiricalMean.lean:124
  @[simp] theorem realArgmaxCommit_const {K : Nat} (hK : 0 < K) (c : Real) : ETC.realArgmaxCommit hK (fun _a : Fin K => c) = Fin.mk 0 hK
BanditRLProof.ETC.measurable_realArgmaxCommit_of_forall_measurable [theorem] BanditRLProof/Algorithms/ETCRealEmpiricalMean.lean:185
  theorem measurable_realArgmaxCommit_of_forall_measurable {Omega : Type u} {K : Nat} [MeasurableSpace Omega] (hK : 0 < K) (scores : Omega -> Fin K -> Real) (hscores : forall a : Fin K, Measurable (fun omega : Omega => scores omega a)) : Measurable (fun omega : Omega => ETC.realArgmaxCommit hK (scores omega))
BanditRLProof.ETC.realExplorationArgmaxCommit [def] BanditRLProof/Algorithms/ETCRealEmpiricalMean.lean:197
  noncomputable def realExplorationArgmaxCommit {K : Nat} (spec : ETC.Spec K) (baseCommitArm : Fin K) (reward : RewardTrace Real) : Fin K
BanditRLProof.ETC.realExplorationArgmaxAction [def] BanditRLProof/Algorithms/ETCRealEmpiricalMean.lean:204
  noncomputable def realExplorationArgmaxAction {K : Nat} (spec : ETC.Spec K) (baseCommitArm : Fin K) (reward : RewardTrace Real) : ActionTrace (Fin K)
BanditRLProof.ETC.measurable_realExplorationArgmaxCommit [theorem] BanditRLProof/Algorithms/ETCRealEmpiricalMean.lean:211
  theorem measurable_realExplorationArgmaxCommit {Omega : Type u} {K : Nat} [MeasurableSpace Omega] (spec : ETC.Spec K) (baseCommitArm : Fin K) (reward : Omega -> RewardTrace Real) (hreward : forall t : Nat, Measurable (fun omega : Omega => reward omega t)) : Measurable (fun omega : Omega => ETC.realExplorationArgmaxCommit spec baseCommitArm (reward omega))
BanditRLProof.ETC.integral_real_pullCount_realExplorationArgmaxAction_eq_exploration_add_remaining_mul_commit_prob [theorem] BanditRLProof/Algorithms/ETCRealEmpiricalMean.lean:226
  theorem integral_real_pullCount_realExplorationArgmaxAction_eq_exploration_add_remaining_mul_commit_prob {Omega : Type u} {K : Nat} [MeasurableSpace Omega] (mu : Measure Omega) [IsProbabilityMeasure mu] (spec : ETC.Spec K) (baseCommitArm : Fin K) (reward : Omega -> RewardTrace Real) (hreward : forall t : Nat, Measurable (fun omega : Omega => reward omega t)) (a : Fin K) (n : Nat) (hn : K * spec.explorationPulls <= n) : integral mu (fun omega : Omega => ((pullCount (ETC.realExplorationArgmaxAction spec baseCommitArm (reward omega)) a n : Nat) : Real)) = (spec.explorationPulls : Real) + ((n - K * spec.explorationPulls : Nat) : Real) * mu.real {omega : Omega | ETC.realExplorationArgmaxCommit spec baseCommitArm (reward omega) = a}
BanditRLProof.ETC.integral_real_pullCount_realExplorationArgmaxAction_le_exploration_add_remaining_mul_of_commit_prob_le [theorem] BanditRLProof/Algorithms/ETCRealEmpiricalMean.lean:255
  theorem integral_real_pullCount_realExplorationArgmaxAction_le_exploration_add_remaining_mul_of_commit_prob_le {Omega : Type u} {K : Nat} [MeasurableSpace Omega] (mu : Measure Omega) [IsProbabilityMeasure mu] (spec : ETC.Spec K) (baseCommitArm : Fin K) (reward : Omega -> RewardTrace Real) (hreward : forall t : Nat, Measurable (fun omega : Omega => reward omega t)) (a : Fin K) (n : Nat) (p : Real) (hn : K * spec.explorationPulls <= n) (hprob : mu.real {omega : Omega | ETC.realExplorationArgmaxCommit spec baseCommitArm (reward omega) = a} <= p) : integral mu (fun omega : Omega => ((pullCount (ETC.realExplorationArgmaxAction spec baseCommitArm (reward omega)) a n : Nat) : Real)) <= (spec.explorationPulls : Real) + ((n - K * spec.explorationPulls : Nat) : Real) * p
BanditRLProof.KLUCB.confidenceSet [def] BanditRLProof/Algorithms/KLUCBBernoulli.lean:408
  def confidenceSet (empiricalMean : Real) (count : Nat) (budget : Real) : Set Real
BanditRLProof.KLUCB.index [def] BanditRLProof/Algorithms/KLUCBBernoulli.lean:415
  noncomputable def index (empiricalMean : Real) (count : Nat) (budget : Real) : Real
BanditRLProof.KLUCB.confidenceSet_bddAbove [theorem] BanditRLProof/Algorithms/KLUCBBernoulli.lean:419
  theorem confidenceSet_bddAbove (empiricalMean : Real) (count : Nat) (budget : Real) : BddAbove (confidenceSet empiricalMean count budget)
BanditRLProof.KLUCB.armMean_mem_confidenceSet_of_abs_lt_radius [theorem] BanditRLProof/Algorithms/KLUCBGeneratedRegret.lean:347
  theorem armMean_mem_confidenceSet_of_abs_lt_radius {Omega : Type} {K : Nat} (action : Omega -> ActionTrace (Fin K)) (reward : Omega -> RewardTrace Rat) (sigma2 : NNReal) (delta margin : Real) (hmargin0 : 0 < margin) (hmarginHalf : margin <= 1 / 2) (armMean : Fin K -> Rat) (omega : Omega) (t : Nat) (arm : Fin K) (hemp : IsBernoulliParameter (UCB.selectedPolicySuccessorEmpiricalMeanAt action reward omega t arm)) (hmean : (armMean arm : Real) ∈ Set.Icc margin (1 - margin)) (hdev : |UCB.selectedPolicySuccessorEmpiricalMeanAt action reward omega t arm - (armMean arm : Real)| < UCB.selectedPolicySuccessorTelescopingRadiusAt action sigma2 delta omega t arm) : (armMean arm : Real) ∈ confidenceSet (UCB.selectedPolicySuccessorEmpiricalMeanAt action reward omega t arm) (ConditionalExpectationReward.successorArmPullCount (action omega) arm (t + 1)) (generatedBudgetAt action sigma2 delta margin omega t arm)
BanditRLProof.KLUCB.armMean_le_generatedIndexAt_of_abs_lt_radius [theorem] BanditRLProof/Algorithms/KLUCBGeneratedRegret.lean:413
  theorem armMean_le_generatedIndexAt_of_abs_lt_radius {Omega : Type} {K : Nat} (action : Omega -> ActionTrace (Fin K)) (reward : Omega -> RewardTrace Rat) (sigma2 : NNReal) (delta margin : Real) (hmargin0 : 0 < margin) (hmarginHalf : margin <= 1 / 2) (armMean : Fin K -> Rat) (omega : Omega) (t : Nat) (arm : Fin K) (hemp : IsBernoulliParameter (UCB.selectedPolicySuccessorEmpiricalMeanAt action reward omega t arm)) (hmean : (armMean arm : Real) ∈ Set.Icc margin (1 - margin)) (hdev : |UCB.selectedPolicySuccessorEmpiricalMeanAt action reward omega t arm - (armMean arm : Real)| < UCB.selectedPolicySuccessorTelescopingRadiusAt action sigma2 delta omega t arm) : (armMean arm : Real) <= generatedIndexAt action reward sigma2 delta margin omega t arm
BanditRLProof.KLUCB.margin_mul_gap_div_eight_le_radius_of_selected_of_not_badEvent [theorem] BanditRLProof/Algorithms/KLUCBGeneratedRegret.lean:438
  theorem margin_mul_gap_div_eight_le_radius_of_selected_of_not_badEvent {Omega : Type} {K : Nat} (hK : 0 < K) (reward : Omega -> RewardTrace Rat) (armMean : Fin K -> Rat) (sigma2 : NNReal) (delta margin : Real) (hmargin0 : 0 < margin) (hmarginHalf : margin <= 1 / 2) (hmean : forall arm : Fin K, (armMean arm : Real) ∈ Set.Icc margin (1 - margin)) (defaultAction best : Fin K) (omega : Omega) (t : Nat) (ht : K <= t) (hemp : forall arm : Fin K, IsBernoulliParameter (UCB.selectedPolicySuccessorEmpiricalMeanAt (generatedAction hK sigma2 delta margin defaultAction reward) reward omega t arm)) (hbest : forall arm : Fin K, (armMean arm : Real) <= (armMean best : Real)) (hgap : 0 < UCB.meanGap (fun arm => (armMean arm : Real)) best (generatedAction hK sigma2 delta margin defaultAction reward omega (t + 1))) (hgood : omega ∉ ConditionalExpectationReward.successorArmEmpiricalMeanFintypeTelescopingAllTimeBadEvent (generatedAction hK sigma2 delta margin defaultAction reward) reward armMean sigma2 delta) : margin * UCB.meanGap (fun arm => (armMean arm : Real)) best (generatedAction hK sigma2 delta margin defaultAction reward omega (t + 1)) / 8 <= UCB.selectedPolicySuccessorTelescopingRadiusAt (generatedAction hK sigma2 delta margin defaultAction reward) sigma2 delta omega t (generatedAction hK sigma2 delta margin defaultAction reward omega (t + 1))
BanditRLProof.KLUCB.pullCount_le_of_not_badEvent [theorem] BanditRLProof/Algorithms/KLUCBGeneratedRegret.lean:616
  theorem pullCount_le_of_not_badEvent {Omega : Type} {K : Nat} (hK : 0 < K) (reward : Omega -> RewardTrace Rat) (armMean : Fin K -> Rat) (sigma2 : NNReal) (delta margin : Real) (hdelta : 0 < delta) (hmargin0 : 0 < margin) (hmarginHalf : margin <= 1 / 2) (hmean : forall arm : Fin K, (armMean arm : Real) ∈ Set.Icc margin (1 - margin)) (defaultAction best chosen : Fin K) (omega : Omega) (T : Nat) (hbest : forall arm : Fin K, (armMean arm : Real) <= (armMean best : Real)) (hemp : forall t : Nat, forall arm : Fin K, IsBernoulliParameter (UCB.selectedPolicySuccessorEmpiricalMeanAt (generatedAction hK sigma2 delta margin defaultAction reward) reward omega t arm)) (hgap : 0 < UCB.meanGap (fun arm => (armMean arm : Real)) best chosen) (hgood : omega ∉ ConditionalExpectationReward.successorArmEmpiricalMeanFintypeTelescopingAllTimeBadEvent (generatedAction hK sigma2 delta margin defaultAction reward) reward armMean sigma2 delta) : ConditionalExpectationReward.successorArmPullCount (generatedAction hK sigma2 delta margin defaultAction reward omega) chosen (T + 1) <= pullThreshold K sigma2 T delta margin (UCB.meanGap (fun arm => (armMean arm : Real)) best chosen)
BanditRLProof.KLUCB.actionRewardHistoryStepKernelFamily_allTimeConfidence [theorem] BanditRLProof/Algorithms/KLUCBGeneratedRegret.lean:708
  theorem actionRewardHistoryStepKernelFamily_allTimeConfidence {Context : Type} {K : Nat} [MeasurableSpace Context] (hK : 0 < K) (mu0 : Measure (Prod (Fin K) Rat)) [IsProbabilityMeasure mu0] (rewardKernel : RewardKernel.MarkovRewardKernel (Prod Context (Fin K)) Rat) (context : (n : Nat) -> ((j : Finset.Iic n) -> Rat) -> Context) (mean : Context -> Fin K -> Rat) (varianceProxy : Context -> Fin K -> NNReal) (defaultAction : Fin K) (armMean : Fin K -> Rat) (sigma2 : NNReal) (delta margin : Real) (hcontext : forall n : Nat, Measurable (context n)) (hmean : Measurable (fun pair : Prod Context (Fin K) => mean pair.1 pair.2)) (law : RewardKernel.CenteredRewardKernelLaw rewardKernel mean varianceProxy) (hvariance : forall i : Nat, forall history : ((j : Finset.Iic i) -> Rat), varianceProxy (context i history) ((historyPolicy hK sigma2 delta margin defaultAction i).action (historyState hK sigma2 delta margin defaultAction i history)) <= sigma2) (harmMean : forall i : Nat, forall history : ((j : Finset.Iic i) -> Rat), forall arm : Fin K, mean (context i history) arm = armMean arm) (hsigma2 : 0 < (((sigma2 : NNReal) : Real))) (hdelta : 0 < delta) : let policy := historyPolicy hK sigma2 delta margin defaultAction let state := historyState hK sigma2 delta margin defaultAction let pairContext : (i : Nat) -> ((j : Finset.Iic i) -> Prod (Fin K) Rat) -> Context := fun i history => context i (History.pairHistoryRewardProjection history) let pairState : (i : Nat) -> ((j : Finset.Iic i) -> Prod (Fin K) Rat) -> UCB.SelectedPolicySuccessorFiniteHistoryState K := fun i history => state i (History.pairHistoryRewardProjection history) let hpairContext : forall i : Nat, Measurable (pairContext i) := fun i => (hcontext i).comp (History.measurable_pairHistoryRewardProjection (Action := Fin K) (Reward := Rat) i) let hpairState : forall i : Nat, Measurable (pairState i) := fun i => (measurable_historyState hK sigma2 delta margin defaultAction i).comp (History.measurable_pairHistoryRewardProjection (Action := Fin K) (Reward := Rat) i) let stepKernel := RewardKernel.actionRewardHistoryStepKernelFamily rewardKernel policy pairContext pairState hpairContext hpairState let mu := ProbabilityTheory.Kernel.trajMeasure (X := fun _ : Nat => Prod (Fin K) Rat) mu0 stepKernel let reward : (Nat -> Prod (Fin K) Rat) -> RewardTrace Rat := fun trajectory t => (trajectory t).2 let generated := generatedAction hK sigma2 delta margin defaultAction reward mu (ConditionalExpectationReward.successorArmEmpiricalMeanFintypeTelescopingAllTimeBadEvent generated reward armMean sigma2 delta) <= ENNReal.ofReal delta
BanditRLProof.KLUCB.generatedKLAllTimeBadEvent_subset_absBadEvent [theorem] BanditRLProof/Algorithms/KLUCBGeneratedRegret.lean:855
  theorem generatedKLAllTimeBadEvent_subset_absBadEvent {Omega : Type} {K : Nat} (action : Omega -> ActionTrace (Fin K)) (reward : Omega -> RewardTrace Rat) (armMean : Fin K -> Rat) (sigma2 : NNReal) (delta margin : Real) (hmargin0 : 0 < margin) (hmarginHalf : margin <= 1 / 2) (hmean : forall arm : Fin K, (armMean arm : Real) ∈ Set.Icc margin (1 - margin)) (hemp : forall omega t arm, IsBernoulliParameter (UCB.selectedPolicySuccessorEmpiricalMeanAt action reward omega t arm)) : generatedKLAllTimeBadEvent action reward armMean sigma2 delta margin ⊆ ConditionalExpectationReward.successorArmEmpiricalMeanFintypeTelescopingAllTimeBadEvent action reward armMean sigma2 delta
BanditRLProof.KLUCB.measure_generatedKLAllTimeBadEvent_le [theorem] BanditRLProof/Algorithms/KLUCBGeneratedRegret.lean:890
  theorem measure_generatedKLAllTimeBadEvent_le {Omega : Type} [MeasurableSpace Omega] {K : Nat} (mu : Measure Omega) (action : Omega -> ActionTrace (Fin K)) (reward : Omega -> RewardTrace Rat) (armMean : Fin K -> Rat) (sigma2 : NNReal) (delta margin : Real) (hmargin0 : 0 < margin) (hmarginHalf : margin <= 1 / 2) (hmean : forall arm : Fin K, (armMean arm : Real) ∈ Set.Icc margin (1 - margin)) (hemp : ∀ᵐ omega ∂mu, forall t arm, IsBernoulliParameter (UCB.selectedPolicySuccessorEmpiricalMeanAt action reward omega t arm)) (hconfidence : mu (ConditionalExpectationReward.successorArmEmpiricalMeanFintypeTelescopingAllTimeBadEvent action reward armMean sigma2 delta) <= ENNReal.ofReal delta) : mu (generatedKLAllTimeBadEvent action reward armMean sigma2 delta margin) <= ENNReal.ofReal delta
BanditRLProof.KLUCB.successorArmEmpiricalMean_isBernoulliParameter_of_rewards_mem_Icc [theorem] BanditRLProof/Algorithms/KLUCBGeneratedRegret.lean:966
  theorem successorArmEmpiricalMean_isBernoulliParameter_of_rewards_mem_Icc {Action : Type} [DecidableEq Action] (action : ActionTrace Action) (reward : RewardTrace Rat) (arm : Action) (n : Nat) (hcount : 0 < ConditionalExpectationReward.successorArmPullCount action arm n) (hraw : forall i : Nat, (((reward i : Rat) : Real)) ∈ Set.Icc (0 : Real) 1) : IsBernoulliParameter (ConditionalExpectationReward.successorArmEmpiricalMean action reward arm n)
BanditRLProof.KLUCB.generatedEmpiricalMean_isBernoulliParameter_of_rewards_mem_Icc [theorem] BanditRLProof/Algorithms/KLUCBGeneratedRegret.lean:998
  theorem generatedEmpiricalMean_isBernoulliParameter_of_rewards_mem_Icc {Omega : Type} {K : Nat} (hK : 0 < K) (sigma2 : NNReal) (delta margin : Real) (defaultAction : Fin K) (reward : Omega -> RewardTrace Rat) (omega : Omega) (hraw : forall i : Nat, (((reward omega i : Rat) : Real)) ∈ Set.Icc (0 : Real) 1) (t : Nat) (ht : K <= t) (arm : Fin K) : IsBernoulliParameter (UCB.selectedPolicySuccessorEmpiricalMeanAt (generatedAction hK sigma2 delta margin defaultAction reward) reward omega t arm)
BanditRLProof.KLUCB.successorArmEmpiricalMean_isBernoulliParameter_of_rewards_mem_Icc' [theorem] BanditRLProof/Algorithms/KLUCBGeneratedRegret.lean:1013
  theorem successorArmEmpiricalMean_isBernoulliParameter_of_rewards_mem_Icc' {Action : Type} [DecidableEq Action] (action : ActionTrace Action) (reward : RewardTrace Rat) (arm : Action) (n : Nat) (hraw : forall i : Nat, (((reward i : Rat) : Real)) ∈ Set.Icc (0 : Real) 1) : IsBernoulliParameter (ConditionalExpectationReward.successorArmEmpiricalMean action reward arm n)
BanditRLProof.KLUCB.generatedEmpiricalMean_isBernoulliParameter_of_rewards_mem_Icc' [theorem] BanditRLProof/Algorithms/KLUCBGeneratedRegret.lean:1027
  theorem generatedEmpiricalMean_isBernoulliParameter_of_rewards_mem_Icc' {Omega : Type} {K : Nat} (hK : 0 < K) (sigma2 : NNReal) (delta margin : Real) (defaultAction : Fin K) (reward : Omega -> RewardTrace Rat) (omega : Omega) (hraw : forall i : Nat, (((reward omega i : Rat) : Real)) ∈ Set.Icc (0 : Real) 1) (t : Nat) (arm : Fin K) : IsBernoulliParameter (UCB.selectedPolicySuccessorEmpiricalMeanAt (generatedAction hK sigma2 delta margin defaultAction reward) reward omega t arm)
BanditRLProof.KLUCB.measure_pullCount_gt_threshold_le_of_allTimeConfidence [theorem] BanditRLProof/Algorithms/KLUCBGeneratedRegret.lean:1040
  theorem measure_pullCount_gt_threshold_le_of_allTimeConfidence {Omega : Type} [MeasurableSpace Omega] {K : Nat} (hK : 0 < K) (mu : Measure Omega) (reward : Omega -> RewardTrace Rat) (armMean : Fin K -> Rat) (sigma2 : NNReal) (delta margin : Real) (hdelta : 0 < delta) (hmargin0 : 0 < margin) (hmarginHalf : margin <= 1 / 2) (hmean : forall arm : Fin K, (armMean arm : Real) ∈ Set.Icc margin (1 - margin)) (hraw : ∀ᵐ omega ∂mu, forall i, (((reward omega i : Rat) : Real)) ∈ Set.Icc (0 : Real) 1) (defaultAction best chosen : Fin K) (T : Nat) (hbest : forall arm : Fin K, (armMean arm : Real) <= (armMean best : Real)) (hgap : 0 < UCB.meanGap (fun arm => (armMean arm : Real)) best chosen) (hconfidence : mu (ConditionalExpectationReward.successorArmEmpiricalMeanFintypeTelescopingAllTimeBadEvent (generatedAction hK sigma2 delta margin defaultAction reward) reward armMean sigma2 delta) <= ENNReal.ofReal delta) : mu {omega | pullThreshold K sigma2 T delta margin (UCB.meanGap (fun arm => (armMean arm : Real)) best chosen) < ConditionalExpectationReward.successorArmPullCount (generatedAction hK sigma2 delta margin defaultAction reward omega) chosen (T + 1)} <= ENNReal.ofReal delta
BanditRLProof.KLUCB.lintegral_pullCount_le_of_allTimeConfidence [theorem] BanditRLProof/Algorithms/KLUCBGeneratedRegret.lean:1075
  theorem lintegral_pullCount_le_of_allTimeConfidence {Omega : Type} [MeasurableSpace Omega] {K : Nat} (hK : 0 < K) (mu : Measure Omega) [IsProbabilityMeasure mu] (reward : Omega -> RewardTrace Rat) (hreward : forall t : Nat, Measurable (fun omega : Omega => reward omega t)) (armMean : Fin K -> Rat) (sigma2 : NNReal) (delta margin : Real) (hdelta : 0 < delta) (hmargin0 : 0 < margin) (hmarginHalf : margin <= 1 / 2) (hmean : forall arm : Fin K, (armMean arm : Real) ∈ Set.Icc margin (1 - margin)) (hraw : ∀ᵐ omega ∂mu, forall i, (((reward omega i : Rat) : Real)) ∈ Set.Icc (0 : Real) 1) (defaultAction best chosen : Fin K) (T : Nat) (hbest : forall arm : Fin K, (armMean arm : Real) <= (armMean best : Real)) (hgap : 0 < UCB.meanGap (fun arm => (armMean arm : Real)) best chosen) (hconfidence : mu (ConditionalExpectationReward.successorArmEmpiricalMeanFintypeTelescopingAllTimeBadEvent (generatedAction hK sigma2 delta margin defaultAction reward) reward armMean sigma2 delta) <= ENNReal.ofReal delta) : ∫⁻ omega, (ConditionalExpectationReward.successorArmPullCount (generatedAction hK sigma2 delta margin defaultAction reward omega) chosen (T + 1) : ENNReal) ∂mu <= (pullThreshold K sigma2 T delta margin (UCB.meanGap (fun arm => (armMean arm : Real)) best chosen) : ENNReal) + (T : ENNReal) * ENNReal.ofReal delta
BanditRLProof.KLUCB.lintegral_ofReal_pseudoRegret_generatedKLUCBBounded_le [theorem] BanditRLProof/Algorithms/KLUCBGeneratedRegret.lean:1169
  theorem lintegral_ofReal_pseudoRegret_generatedKLUCBBounded_le {Omega : Type} [MeasurableSpace Omega] {K : Nat} (mu : Measure Omega) [IsProbabilityMeasure mu] (model : FiniteBanditModel K) (reward : Omega -> RewardTrace Rat) (hreward : forall t : Nat, Measurable (fun omega : Omega => reward omega t)) (sigma2 : NNReal) (delta margin : Real) (hdelta : 0 < delta) (hmargin0 : 0 < margin) (hmarginHalf : margin <= 1 / 2) (hmean : forall arm : Fin K, (model.mean arm : Real) ∈ Set.Icc margin (1 - margin)) (hraw : ∀ᵐ omega ∂mu, forall i, (((reward omega i : Rat) : Real)) ∈ Set.Icc (0 : Real) 1) (defaultAction : Fin K) (T : Nat) (hconfidence : mu (ConditionalExpectationReward.successorArmEmpiricalMeanFintypeTelescopingAllTimeBadEvent (generatedAction model.hK sigma2 delta margin defaultAction reward) reward model.mean sigma2 delta) <= ENNReal.ofReal delta) : ∫⁻ omega, ENNReal.ofReal (((pseudoRegret model (generatedRegretAction model.hK sigma2 delta margin defaultAction reward omega) T : Rat) : Real)) ∂mu <= (Finset.univ : Finset (Fin K)).sum (fun arm => ENNReal.ofReal (((model.gap arm : Rat) : Real)) * ((pullThreshold K sigma2 T delta margin (((model.gap arm : Rat) : Real)) : Nat) : ENNReal) + ENNReal.ofReal (((model.gap arm : Rat) : Real)) * ((T : ENNReal) * ENNReal.ofReal delta))
BanditRLProof.KLUCB.allHorizonPullCount_of_not_badEvent [theorem] BanditRLProof/Algorithms/KLUCBGeneratedRegret.lean:1228
  theorem allHorizonPullCount_of_not_badEvent {Omega : Type} {K : Nat} (hK : 0 < K) (reward : Omega -> RewardTrace Rat) (armMean : Fin K -> Rat) (sigma2 : NNReal) (delta margin : Real) (hdelta : 0 < delta) (hmargin0 : 0 < margin) (hmarginHalf : margin <= 1 / 2) (hmean : forall arm : Fin K, (armMean arm : Real) ∈ Set.Icc margin (1 - margin)) (defaultAction best : Fin K) (omega : Omega) (hraw : forall i : Nat, (((reward omega i : Rat) : Real)) ∈ Set.Icc (0 : Real) 1) (hbest : forall arm : Fin K, (armMean arm : Real) <= (armMean best : Real)) (hgood : omega ∉ ConditionalExpectationReward.successorArmEmpiricalMeanFintypeTelescopingAllTimeBadEvent (generatedAction hK sigma2 delta margin defaultAction reward) reward armMean sigma2 delta) : forall T : Nat, forall chosen : Fin K, 0 < UCB.meanGap (fun arm => (armMean arm : Real)) best chosen -> ConditionalExpectationReward.successorArmPullCount (generatedAction hK sigma2 delta margin defaultAction reward omega) chosen (T + 1) <= pullThreshold K sigma2 T delta margin (UCB.meanGap (fun arm => (armMean arm : Real)) best chosen)
BanditRLProof.KLUCB.measure_allTimeBadEvent_le_trajMeasure [theorem] BanditRLProof/Algorithms/KLUCBGeneratedRegret.lean:1287
  theorem measure_allTimeBadEvent_le_trajMeasure {Context : Type} {K : Nat} [MeasurableSpace Context] (hK : 0 < K) (mu0 : Measure (Prod (Fin K) Rat)) [IsProbabilityMeasure mu0] (rewardKernel : RewardKernel.MarkovRewardKernel (Prod Context (Fin K)) Rat) (context : (n : Nat) -> ((j : Finset.Iic n) -> Rat) -> Context) (mean : Context -> Fin K -> Rat) (varianceProxy : Context -> Fin K -> NNReal) (defaultAction : Fin K) (armMean : Fin K -> Rat) (sigma2 : NNReal) (delta margin : Real) (hcontext : forall n : Nat, Measurable (context n)) (hmean : Measurable (fun pair : Prod Context (Fin K) => mean pair.1 pair.2)) (law : RewardKernel.CenteredRewardKernelLaw rewardKernel mean varianceProxy) (hvariance : forall i : Nat, forall history : ((j : Finset.Iic i) -> Rat), varianceProxy (context i history) ((historyPolicy hK sigma2 delta margin defaultAction i).action (historyState hK sigma2 delta margin defaultAction i history)) <= sigma2) (harmMean : forall i : Nat, forall history : ((j : Finset.Iic i) -> Rat), forall arm : Fin K, mean (context i history) arm = armMean arm) (hsigma2 : 0 < (((sigma2 : NNReal) : Real))) (hdelta : 0 < delta) : let mu := actionRewardTrajMeasure hK mu0 rewardKernel context hcontext sigma2 delta margin defaultAction let reward : (Nat -> Prod (Fin K) Rat) -> RewardTrace Rat := fun trajectory t => (trajectory t).2 let action := generatedAction hK sigma2 delta margin defaultAction reward mu (ConditionalExpectationReward.successorArmEmpiricalMeanFintypeTelescopingAllTimeBadEvent action reward armMean sigma2 delta) <= ENNReal.ofReal delta
BanditRLProof.MOSS.index [def] BanditRLProof/Algorithms/MOSS.lean:23
  noncomputable def index {k : ℕ} (n : ℕ) (empiricalMean : Fin k → ℝ) (pulls : Fin k → ℕ) (a : Fin k) : ℝ
BanditRLProof.MOSS.action [def] BanditRLProof/Algorithms/MOSS.lean:30
  noncomputable def action {k : ℕ} (hk : 0 < k) (n t : ℕ) (empiricalMean : Fin k → ℝ) (pulls : Fin k → ℕ) : Fin k
BanditRLProof.MOSS.action_of_lt [theorem] BanditRLProof/Algorithms/MOSS.lean:51
  @[simp] theorem action_of_lt {k : ℕ} (hk : 0 < k) (n t : ℕ) (empiricalMean : Fin k → ℝ) (pulls : Fin k → ℕ) (ht : t < k) : action hk n t empiricalMean pulls = ⟨t, ht⟩
BanditRLProof.MOSS.action_initial_arm [theorem] BanditRLProof/Algorithms/MOSS.lean:57
  theorem action_initial_arm {k : ℕ} (hk : 0 < k) (n : ℕ) (empiricalMean : Fin k → ℝ) (pulls : Fin k → ℕ) (a : Fin k) : action hk n a.val empiricalMean pulls = a
BanditRLProof.MOSS.action_index_max [theorem] BanditRLProof/Algorithms/MOSS.lean:62
  theorem action_index_max {k : ℕ} (hk : 0 < k) (n t : ℕ) (empiricalMean : Fin k → ℝ) (pulls : Fin k → ℕ) (ht : k ≤ t) (a : Fin k) : index n empiricalMean pulls a ≤ index n empiricalMean pulls (action hk n t empiricalMean pulls)
BanditRLProof.MOSS.selected_index_gt_mean_add_half_gap [theorem] BanditRLProof/Algorithms/MOSS.lean:72
  theorem selected_index_gt_mean_add_half_gap {k : ℕ} (hk : 0 < k) (n t : ℕ) (mean empiricalMean : Fin k → ℝ) (pulls : Fin k → ℕ) (best chosen : Fin k) (deficit : ℝ) (ht : k ≤ t) (hselected : action hk n t empiricalMean pulls = chosen) (hoptimism : mean best - deficit ≤ index n empiricalMean pulls best) (hgap : 2 * deficit < mean best - mean chosen) : mean chosen + (mean best - mean chosen) / 2 < index n empiricalMean pulls chosen
BanditRLProof.MOSS.canonicalHistory_empiricalMean [theorem] BanditRLProof/Algorithms/MOSSCanonicalHistory.lean:26
  theorem canonicalHistory_empiricalMean {k : ℕ} (hk : 0 < k) (n : ℕ) (mean : Fin k → ℝ) (table : UCB.ArmRewardStream k) (t : ℕ) (a : Fin k) : ETC.realHistoryEmpMean t (canonicalHistory hk n mean table t) a = (∑ j ∈ Finset.range (pullCount (canonicalAction hk n mean table) a (t+1)), table (j+1) a) / (pullCount (canonicalAction hk n mean table) a (t+1) : ℝ)
BanditRLProof.MusicalChairs.localEmpiricalMean [def] BanditRLProof/Algorithms/MusicalChairsExploration.lean:238
  noncomputable def localEmpiricalMean {k T : ℕ} (f : Fin T → ExplorationFeedback k) (a : Fin k) : ℝ
BanditRLProof.MusicalChairs.localCandidateSet_correct [theorem] BanditRLProof/Algorithms/MusicalChairsRanking.lean:151
  theorem localCandidateSet_correct {n k T : ℕ} (f : Fin T → ExplorationFeedback k) (mu : Fin k → ℝ) (S : Finset (Fin k)) (hcard : S.card = n) (hnk : n ≤ k) (eps gap : ℝ) (hepsgap : eps < gap) (hgap : ∀ a ∈ S, ∀ b ∉ S, gap ≤ mu a - mu b) (hacc : ∀ a, |localEmpiricalMean f a-mu a| < eps/2) (hpop : localPopulationEstimate f = n) : localCandidateSet f = S
BanditRLProof.MusicalChairs.localCandidateSet_eq_iff [theorem] BanditRLProof/Algorithms/MusicalChairsRanking.lean:166
  theorem localCandidateSet_eq_iff {k T : ℕ} (f : Fin T → ExplorationFeedback k) (S : Finset (Fin k)) : localCandidateSet f = S ↔ S.card = localPopulationEstimate f ∧ ∀ a ∈ S, ∀ b ∉ S, scoreOrder (localEmpiricalMean f) a b
BanditRLProof.MusicalChairs.measurableSet_localScoreOrder [theorem] BanditRLProof/Algorithms/MusicalChairsRanking.lean:171
  theorem measurableSet_localScoreOrder {n k T : ℕ} (i : Fin n) (a b : Fin k) : MeasurableSet {z : (Fin T → Fin n → Fin k) × (Fin T → Fin k → ℝ) | scoreOrder (localEmpiricalMean (explorationFeedback z.1 z.2 i)) a b}
BanditRLProof.MusicalChairs.explorationGoodEvent_eq_comparisons [theorem] BanditRLProof/Algorithms/MusicalChairsRanking.lean:187
  theorem explorationGoodEvent_eq_comparisons {n k T : ℕ} (S : Finset (Fin k)) (hcard : S.card = n) : explorationGoodEvent (n := n) (T := T) S = (Prod.fst ⁻¹' populationRecovered) ∩ {z | ∀ i : Fin n, ∀ a ∈ S, ∀ b ∉ S, scoreOrder (localEmpiricalMean (explorationFeedback z.1 z.2 i)) a b}
BanditRLProof.MusicalChairs.localEmpiricalMean_eq_selectedMean [theorem] BanditRLProof/Algorithms/MusicalChairsReward.lean:146
  theorem localEmpiricalMean_eq_selectedMean {n k T : ℕ} (x : Fin T → Fin n → Fin k) (r : Fin T → Fin k → ℝ) (i : Fin n) (a : Fin k) : localEmpiricalMean (explorationFeedback x r i) a = selectedMean (observedTimes x i a) a r
BanditRLProof.MusicalChairs.localEmpiricalMean_fixed_tail [theorem] BanditRLProof/Algorithms/MusicalChairsReward.lean:152
  theorem localEmpiricalMean_fixed_tail {n k T : ℕ} (nu : Fin k → Measure ℝ) [∀ a, IsProbabilityMeasure (nu a)] (hb : ∀ a, ∀ᵐ y ∂nu a, y ∈ Set.Icc (0 : ℝ) 1) (x : Fin T → Fin n → Fin k) (i : Fin n) (a : Fin k) (eps : ℝ) (heps : 0 ≤ eps) : (rewardLaw nu T).real {r | eps/2 ≤ |localEmpiricalMean (explorationFeedback x r i) a - armMean nu a|} ≤ 2 * Real.exp (-(observationCount i a x : ℝ) * eps^2 / 2)
BanditRLProof.MusicalChairs.measurable_jointEmpiricalMean [theorem] BanditRLProof/Algorithms/MusicalChairsReward.lean:166
  theorem measurable_jointEmpiricalMean {n k T : ℕ} (i : Fin n) (a : Fin k) : Measurable (fun z : (Fin T → Fin n → Fin k) × (Fin T → Fin k → ℝ) => localEmpiricalMean (explorationFeedback z.1 z.2 i) a)
BanditRLProof.MusicalChairs.meanBadEvent_mixture [theorem] BanditRLProof/Algorithms/MusicalChairsReward.lean:193
  theorem meanBadEvent_mixture {n k T : ℕ} (hk : 0 < k) (nu : Fin k → Measure ℝ) [∀ a, IsProbabilityMeasure (nu a)] (i : Fin n) (a : Fin k) (eps : ℝ) : explorationRewardLaw hk nu (meanBadEvent (T := T) nu i a eps) = ∑ x, explorationLaw n k T hk x * rewardLaw nu T {r | eps/2 ≤ |localEmpiricalMean (explorationFeedback x r i) a - armMean nu a|}
BanditRLProof.Thompson.sum_clippedUCB_action_sub_mean_le [theorem] BanditRLProof/Algorithms/ThompsonClippedUCBScore.lean:106
  theorem sum_clippedUCB_action_sub_mean_le {K : Nat} [NeZero K] (action : ActionTrace (Fin K)) (reward : RewardTrace Real) (mean : Fin K -> Real) (l u sigma2 delta : Real) (hmeanMem : forall arm, mean arm ∈ Set.Icc l u) (hlu : l <= u) (hgood : forall s, s < n -> pullCount action (action s) s ≠ 0 -> UCB.realEmpiricalMean action reward (action s) s - mean (action s) < Real.sqrt (2 * sigma2 * Real.log (1 / delta) / (pullCount action (action s) s : Real))) : ∑ s ∈ Finset.range n, (clippedUCB l u sigma2 delta action reward (action s) s - mean (action s)) <= (u - l) * K + 4 * Real.sqrt (2 * sigma2 * Real.log (1 / delta) * K * n)
BanditRLProof.Thompson.measurable_realEmpiricalMean_selectedArm [theorem] BanditRLProof/Algorithms/ThompsonStationaryReward.lean:984
  theorem measurable_realEmpiricalMean_selectedArm {Omega : Type u} {K : Nat} [MeasurableSpace Omega] (action : Omega -> ActionTrace (Fin K)) (reward : Omega -> RewardTrace Real) (haction : forall t, Measurable (fun omega => action omega t)) (hreward : forall t, Measurable (fun omega => reward omega t)) (arm : Omega -> Fin K) (harm : Measurable arm) (n : Nat) : Measurable (fun omega => UCB.realEmpiricalMean (action omega) (reward omega) (arm omega) n)
BanditRLProof.Thompson.clippedCountWidthThreshold_le_mul_mean_sub_sumRewards [theorem] BanditRLProof/Algorithms/ThompsonStationaryReward.lean:2015
  theorem clippedCountWidthThreshold_le_mul_mean_sub_sumRewards {K : Nat} (action : ActionTrace (Fin K)) (reward : RewardTrace Real) (arm : Fin K) (n : Nat) (mean : Real) (sigma2 : NNReal) (delta : Real) (hcount : 0 < pullCount action arm n) (hindex : UCB.realEmpiricalMean action reward arm n + Real.sqrt (2 * (sigma2 : Real) * Real.log (1 / delta) / (pullCount action arm n : Real)) <= mean) : clippedCountWidthThreshold sigma2 delta (pullCount action arm n) <= (pullCount action arm n : Real) * mean - sumRewards action reward arm n
BanditRLProof.Thompson.clippedCountWidthThreshold_le_sumRewards_sub_mul_mean [theorem] BanditRLProof/Algorithms/ThompsonStationaryReward.lean:2044
  theorem clippedCountWidthThreshold_le_sumRewards_sub_mul_mean {K : Nat} (action : ActionTrace (Fin K)) (reward : RewardTrace Real) (arm : Fin K) (n : Nat) (mean : Real) (sigma2 : NNReal) (delta : Real) (hcount : 0 < pullCount action arm n) (hindex : mean <= UCB.realEmpiricalMean action reward arm n - Real.sqrt (2 * (sigma2 : Real) * Real.log (1 / delta) / (pullCount action arm n : Real))) : clippedCountWidthThreshold sigma2 delta (pullCount action arm n) <= sumRewards action reward arm n - (pullCount action arm n : Real) * mean
BanditRLProof.Thompson.measure_latentArmStreamTrajectory_exists_realEmpiricalMean_add_width_le_mean_le [theorem] BanditRLProof/Algorithms/ThompsonStationaryReward.lean:2078
  theorem measure_latentArmStreamTrajectory_exists_realEmpiricalMean_add_width_le_mean_le {Env : Type u} {K : Nat} [MeasurableSpace Env] [StandardBorelSpace Env] [NeZero K] (algorithm : HistoryAlgorithm (Fin K) Real) (env : Env) (nu : Kernel (Fin K) Real) [IsMarkovKernel nu] (arm : Fin K) (mean : Real) (sigma2 : NNReal) (hsubG : HasSubgaussianMGF (fun reward => reward - mean) sigma2 (nu arm)) (hsigma2 : sigma2 ≠ 0) (delta : Real) (hdelta : 0 < delta) (hdelta_one : delta <= 1) (n : Nat) : latentArmStreamTrajectoryMeasure algorithm env nu {sample | ∃ t < n, 0 < pullCount (latentArmStreamTrajectoryAction sample) arm t ∧ UCB.realEmpiricalMean (latentArmStreamTrajectoryAction sample) (latentArmStreamTrajectoryReward sample) arm t + Real.sqrt (2 * (sigma2 : Real) * Real.log (1 / delta) / (pullCount (latentArmStreamTrajectoryAction sample) arm t : Real)) <= mean} <= (n - 1 : Nat) * ENNReal.ofReal delta
BanditRLProof.Thompson.stationaryLatentArmStreamTrajectoryMeasure_exists_selectedArm_realEmpiricalMean_add_width_le_mean_le [theorem] BanditRLProof/Algorithms/ThompsonStationaryReward.lean:2180
  theorem stationaryLatentArmStreamTrajectoryMeasure_exists_selectedArm_realEmpiricalMean_add_width_le_mean_le {Env : Type u} {K : Nat} [MeasurableSpace Env] [StandardBorelSpace Env] [NeZero K] (prior : Measure Env) [IsProbabilityMeasure prior] (rewardKernel : Kernel (Env × Fin K) Real) [IsMarkovKernel rewardKernel] (algorithm : HistoryAlgorithm (Fin K) Real) (mean : Env -> Fin K -> Real) (hmeas_mean : Measurable (fun input : Env × Fin K => mean input.1 input.2)) (sigma2 : NNReal) (hsubG : forall env arm, HasSubgaussianMGF (fun reward => reward - mean env arm) sigma2 (rewardKernel (env, arm))) (hsigma2 : sigma2 ≠ 0) (delta : Real) (hdelta : 0 < delta) (hdelta_one : delta <= 1) (selectedArm : Env -> Fin K) (hselectedArm : Measurable selectedArm) (n : Nat) : stationaryLatentArmStreamTrajectoryMeasure prior rewardKernel algorithm {sample | ∃ t < n, 0 < pullCount (stationaryLatentArmStreamTrajectoryAction sample) (selectedArm (stationaryLatentArmStreamTrajectoryEnvironment sample)) t ∧ UCB.realEmpiricalMean (stationaryLatentArmStreamTrajectoryAction sample) (stationaryLatentArmStreamTrajectoryReward sample) (selectedArm (stationaryLatentArmStreamTrajectoryEnvironment sample)) t + Real.sqrt (2 * (sigma2 : Real) * Real.log (1 / delta) / (pullCount (stationaryLatentArmStreamTrajectoryAction sample) (selectedArm (stationaryLatentArmStreamTrajectoryEnvironment sample)) t : Real)) <= mean (stationaryLatentArmStreamTrajectoryEnvironment sample) (selectedArm (stationaryLatentArmStreamTrajectoryEnvironment sample))} <= (n - 1 : Nat) * ENNReal.ofReal delta
BanditRLProof.Thompson.stationaryLatentArmStreamTrajectoryMeasure_realEmpiricalMean_add_width_le_mean [theorem] BanditRLProof/Algorithms/ThompsonStationaryReward.lean:2301
  theorem stationaryLatentArmStreamTrajectoryMeasure_realEmpiricalMean_add_width_le_mean {Env : Type u} {K : Nat} [MeasurableSpace Env] [StandardBorelSpace Env] [NeZero K] (prior : Measure Env) [IsProbabilityMeasure prior] (rewardKernel : Kernel (Env × Fin K) Real) [IsMarkovKernel rewardKernel] (algorithm : HistoryAlgorithm (Fin K) Real) (mean : Env -> Fin K -> Real) (hmeas_mean : Measurable (fun input : Env × Fin K => mean input.1 input.2)) (sigma2 : NNReal) (hsubG : forall env arm, HasSubgaussianMGF (fun reward => reward - mean env arm) sigma2 (rewardKernel (env, arm))) (delta : Real) (arm : Fin K) (n : Nat) : stationaryLatentArmStreamTrajectoryMeasure prior rewardKernel algorithm {sample | 0 < pullCount (stationaryLatentArmStreamTrajectoryAction sample) arm n ∧ UCB.realEmpiricalMean (stationaryLatentArmStreamTrajectoryAction sample) (stationaryLatentArmStreamTrajectoryReward sample) arm n + Real.sqrt (2 * (sigma2 : Real) * Real.log (1 / delta) / (pullCount (stationaryLatentArmStreamTrajectoryAction sample) arm n : Real)) <= mean (stationaryLatentArmStreamTrajectoryEnvironment sample) arm} <= ((Finset.range (n + 1)).filter (fun k => 0 < k)).sum (fun k => ENNReal.ofReal (Real.exp (-(clippedCountWidthThreshold sigma2 delta k) ^ 2 / (2 * (k : Real) * (sigma2 : Real)))))
BanditRLProof.Thompson.stationaryLatentArmStreamTrajectoryMeasure_mean_le_realEmpiricalMean_sub_width [theorem] BanditRLProof/Algorithms/ThompsonStationaryReward.lean:2379
  theorem stationaryLatentArmStreamTrajectoryMeasure_mean_le_realEmpiricalMean_sub_width {Env : Type u} {K : Nat} [MeasurableSpace Env] [StandardBorelSpace Env] [NeZero K] (prior : Measure Env) [IsProbabilityMeasure prior] (rewardKernel : Kernel (Env × Fin K) Real) [IsMarkovKernel rewardKernel] (algorithm : HistoryAlgorithm (Fin K) Real) (mean : Env -> Fin K -> Real) (hmeas_mean : Measurable (fun input : Env × Fin K => mean input.1 input.2)) (sigma2 : NNReal) (hsubG : forall env arm, HasSubgaussianMGF (fun reward => reward - mean env arm) sigma2 (rewardKernel (env, arm))) (delta : Real) (arm : Fin K) (n : Nat) : stationaryLatentArmStreamTrajectoryMeasure prior rewardKernel algorithm {sample | 0 < pullCount (stationaryLatentArmStreamTrajectoryAction sample) arm n ∧ mean (stationaryLatentArmStreamTrajectoryEnvironment sample) arm <= UCB.realEmpiricalMean (stationaryLatentArmStreamTrajectoryAction sample) (stationaryLatentArmStreamTrajectoryReward sample) arm n - Real.sqrt (2 * (sigma2 : Real) * Real.log (1 / delta) / (pullCount (stationaryLatentArmStreamTrajectoryAction sample) arm n : Real))} <= ((Finset.range (n + 1)).filter (fun k => 0 < k)).sum (fun k => ENNReal.ofReal (Real.exp (-(clippedCountWidthThreshold sigma2 delta k) ^ 2 / (2 * (k : Real) * (sigma2 : Real)))))
BanditRLProof.Thompson.stationaryLatentArmStreamTrajectoryMeasure_realEmpiricalMean_add_width_le_mean_le_nat_mul_delta [theorem] BanditRLProof/Algorithms/ThompsonStationaryReward.lean:2457
  theorem stationaryLatentArmStreamTrajectoryMeasure_realEmpiricalMean_add_width_le_mean_le_nat_mul_delta {Env : Type u} {K : Nat} [MeasurableSpace Env] [StandardBorelSpace Env] [NeZero K] (prior : Measure Env) [IsProbabilityMeasure prior] (rewardKernel : Kernel (Env × Fin K) Real) [IsMarkovKernel rewardKernel] (algorithm : HistoryAlgorithm (Fin K) Real) (mean : Env -> Fin K -> Real) (hmeas_mean : Measurable (fun input : Env × Fin K => mean input.1 input.2)) (sigma2 : NNReal) (hsubG : forall env arm, HasSubgaussianMGF (fun reward => reward - mean env arm) sigma2 (rewardKernel (env, arm))) (hsigma2 : sigma2 ≠ 0) (delta : Real) (hdelta : 0 < delta) (hdelta_one : delta <= 1) (arm : Fin K) (n : Nat) : stationaryLatentArmStreamTrajectoryMeasure prior rewardKernel algorithm {sample | 0 < pullCount (stationaryLatentArmStreamTrajectoryAction sample) arm n ∧ UCB.realEmpiricalMean (stationaryLatentArmStreamTrajectoryAction sample) (stationaryLatentArmStreamTrajectoryReward sample) arm n + Real.sqrt (2 * (sigma2 : Real) * Real.log (1 / delta) / (pullCount (stationaryLatentArmStreamTrajectoryAction sample) arm n : Real)) <= mean (stationaryLatentArmStreamTrajectoryEnvironment sample) arm} <= (n : ENNReal) * ENNReal.ofReal delta
BanditRLProof.Thompson.stationaryLatentArmStreamTrajectoryMeasure_mean_le_realEmpiricalMean_sub_width_le_nat_mul_delta [theorem] BanditRLProof/Algorithms/ThompsonStationaryReward.lean:2502
  theorem stationaryLatentArmStreamTrajectoryMeasure_mean_le_realEmpiricalMean_sub_width_le_nat_mul_delta {Env : Type u} {K : Nat} [MeasurableSpace Env] [StandardBorelSpace Env] [NeZero K] (prior : Measure Env) [IsProbabilityMeasure prior] (rewardKernel : Kernel (Env × Fin K) Real) [IsMarkovKernel rewardKernel] (algorithm : HistoryAlgorithm (Fin K) Real) (mean : Env -> Fin K -> Real) (hmeas_mean : Measurable (fun input : Env × Fin K => mean input.1 input.2)) (sigma2 : NNReal) (hsubG : forall env arm, HasSubgaussianMGF (fun reward => reward - mean env arm) sigma2 (rewardKernel (env, arm))) (hsigma2 : sigma2 ≠ 0) (delta : Real) (hdelta : 0 < delta) (hdelta_one : delta <= 1) (arm : Fin K) (n : Nat) : stationaryLatentArmStreamTrajectoryMeasure prior rewardKernel algorithm {sample | 0 < pullCount (stationaryLatentArmStreamTrajectoryAction sample) arm n ∧ mean (stationaryLatentArmStreamTrajectoryEnvironment sample) arm <= UCB.realEmpiricalMean (stationaryLatentArmStreamTrajectoryAction sample) (stationaryLatentArmStreamTrajectoryReward sample) arm n - Real.sqrt (2 * (sigma2 : Real) * Real.log (1 / delta) / (pullCount (stationaryLatentArmStreamTrajectoryAction sample) arm n : Real))} <= (n : ENNReal) * ENNReal.ofReal delta
BanditRLProof.Thompson.stationaryLatentArmStreamCanonicalTrajectoryMeasure_realEmpiricalMean_add_width_le_mean_le_nat_mul_delta [theorem] BanditRLProof/Algorithms/ThompsonStationaryReward.lean:2611
  theorem stationaryLatentArmStreamCanonicalTrajectoryMeasure_realEmpiricalMean_add_width_le_mean_le_nat_mul_delta {Env : Type u} {K : Nat} [MeasurableSpace Env] [StandardBorelSpace Env] [NeZero K] (prior : Measure Env) [IsProbabilityMeasure prior] (rewardKernel : Kernel (Env × Fin K) Real) [IsMarkovKernel rewardKernel] (algorithm : HistoryAlgorithm (Fin K) Real) (mean : Env -> Fin K -> Real) (hmeas_mean : Measurable (fun input : Env × Fin K => mean input.1 input.2)) (sigma2 : NNReal) (hsubG : forall env arm, HasSubgaussianMGF (fun reward => reward - mean env arm) sigma2 (rewardKernel (env, arm))) (hsigma2 : sigma2 ≠ 0) (delta : Real) (hdelta : 0 < delta) (hdelta_one : delta <= 1) (arm : Fin K) (n : Nat) : stationaryLatentArmStreamCanonicalTrajectoryMeasure prior rewardKernel algorithm {sample : (Env × UCB.ArmRewardStream K) × ((n : Nat) → Fin K × Real) | 0 < pullCount (environmentTrajectoryAction sample) arm n ∧ UCB.realEmpiricalMean (environmentTrajectoryAction sample) (environmentTrajectoryReward sample) arm n + Real.sqrt (2 * (sigma2 : Real) * Real.log (1 / delta) / (pullCount (environmentTrajectoryAction sample) arm n : Real)) <= mean sample.1.1 arm} <= (n : ENNReal) * ENNReal.ofReal delta
BanditRLProof.Thompson.stationaryLatentArmStreamCanonicalTrajectoryMeasure_mean_le_realEmpiricalMean_sub_width_le_nat_mul_delta [theorem] BanditRLProof/Algorithms/ThompsonStationaryReward.lean:2691
  theorem stationaryLatentArmStreamCanonicalTrajectoryMeasure_mean_le_realEmpiricalMean_sub_width_le_nat_mul_delta {Env : Type u} {K : Nat} [MeasurableSpace Env] [StandardBorelSpace Env] [NeZero K] (prior : Measure Env) [IsProbabilityMeasure prior] (rewardKernel : Kernel (Env × Fin K) Real) [IsMarkovKernel rewardKernel] (algorithm : HistoryAlgorithm (Fin K) Real) (mean : Env -> Fin K -> Real) (hmeas_mean : Measurable (fun input : Env × Fin K => mean input.1 input.2)) (sigma2 : NNReal) (hsubG : forall env arm, HasSubgaussianMGF (fun reward => reward - mean env arm) sigma2 (rewardKernel (env, arm))) (hsigma2 : sigma2 ≠ 0) (delta : Real) (hdelta : 0 < delta) (hdelta_one : delta <= 1) (arm : Fin K) (n : Nat) : stationaryLatentArmStreamCanonicalTrajectoryMeasure prior rewardKernel algorithm {sample : (Env × UCB.ArmRewardStream K) × ((n : Nat) → Fin K × Real) | 0 < pullCount (environmentTrajectoryAction sample) arm n ∧ mean sample.1.1 arm <= UCB.realEmpiricalMean (environmentTrajectoryAction sample) (environmentTrajectoryReward sample) arm n - Real.sqrt (2 * (sigma2 : Real) * Real.log (1 / delta) / (pullCount (environmentTrajectoryAction sample) arm n : Real))} <= (n : ENNReal) * ENNReal.ofReal delta
BanditRLProof.Thompson.stationaryLatentArmStreamCanonicalTrajectoryMeasure_exists_selectedArm_realEmpiricalMean_add_width_le_mean_le [theorem] BanditRLProof/Algorithms/ThompsonStationaryReward.lean:2771
  theorem stationaryLatentArmStreamCanonicalTrajectoryMeasure_exists_selectedArm_realEmpiricalMean_add_width_le_mean_le {Env : Type u} {K : Nat} [MeasurableSpace Env] [StandardBorelSpace Env] [NeZero K] (prior : Measure Env) [IsProbabilityMeasure prior] (rewardKernel : Kernel (Env × Fin K) Real) [IsMarkovKernel rewardKernel] (algorithm : HistoryAlgorithm (Fin K) Real) (mean : Env -> Fin K -> Real) (hmeas_mean : Measurable (fun input : Env × Fin K => mean input.1 input.2)) (sigma2 : NNReal) (hsubG : forall env arm, HasSubgaussianMGF (fun reward => reward - mean env arm) sigma2 (rewardKernel (env, arm))) (hsigma2 : sigma2 ≠ 0) (delta : Real) (hdelta : 0 < delta) (hdelta_one : delta <= 1) (selectedArm : Env -> Fin K) (hselectedArm : Measurable selectedArm) (n : Nat) : stationaryLatentArmStreamCanonicalTrajectoryMeasure prior rewardKernel algorithm {sample : (Env × UCB.ArmRewardStream K) × ((n : Nat) -> Fin K × Real) | ∃ t < n, 0 < pullCount (environmentTrajectoryAction sample) (selectedArm sample.1.1) t ∧ UCB.realEmpiricalMean (environmentTrajectoryAction sample) (environmentTrajectoryReward sample) (selectedArm sample.1.1) t + Real.sqrt (2 * (sigma2 : Real) * Real.log (1 / delta) / (pullCount (environmentTrajectoryAction sample) (selectedArm sample.1.1) t : Real)) <= mean sample.1.1 (selectedArm sample.1.1)} <= (n - 1 : Nat) * ENNReal.ofReal delta
BanditRLProof.Thompson.measure_latentArmStreamTrajectory_exists_mean_le_realEmpiricalMean_sub_width_le [theorem] BanditRLProof/Algorithms/ThompsonStationaryReward.lean:3136
  theorem measure_latentArmStreamTrajectory_exists_mean_le_realEmpiricalMean_sub_width_le {Env : Type u} {K : Nat} [MeasurableSpace Env] [StandardBorelSpace Env] [NeZero K] (algorithm : HistoryAlgorithm (Fin K) Real) (env : Env) (nu : Kernel (Fin K) Real) [IsMarkovKernel nu] (arm : Fin K) (mean : Real) (sigma2 : NNReal) (hsubG : HasSubgaussianMGF (fun reward => reward - mean) sigma2 (nu arm)) (hsigma2 : sigma2 ≠ 0) (delta : Real) (hdelta : 0 < delta) (hdelta_one : delta <= 1) (n : Nat) : latentArmStreamTrajectoryMeasure algorithm env nu {sample | ∃ t < n, 0 < pullCount (latentArmStreamTrajectoryAction sample) arm t ∧ mean <= UCB.realEmpiricalMean (latentArmStreamTrajectoryAction sample) (latentArmStreamTrajectoryReward sample) arm t - Real.sqrt (2 * (sigma2 : Real) * Real.log (1 / delta) / (pullCount (latentArmStreamTrajectoryAction sample) arm t : Real))} <= (n - 1 : Nat) * ENNReal.ofReal delta
BanditRLProof.Thompson.measure_latentArmStreamTrajectory_exists_arm_exists_mean_le_realEmpiricalMean_sub_width_le [theorem] BanditRLProof/Algorithms/ThompsonStationaryReward.lean:3236
  theorem measure_latentArmStreamTrajectory_exists_arm_exists_mean_le_realEmpiricalMean_sub_width_le {Env : Type u} {K : Nat} [MeasurableSpace Env] [StandardBorelSpace Env] [NeZero K] (algorithm : HistoryAlgorithm (Fin K) Real) (env : Env) (nu : Kernel (Fin K) Real) [IsMarkovKernel nu] (mean : Fin K -> Real) (sigma2 : NNReal) (hsubG : forall arm, HasSubgaussianMGF (fun reward => reward - mean arm) sigma2 (nu arm)) (hsigma2 : sigma2 ≠ 0) (delta : Real) (hdelta : 0 < delta) (hdelta_one : delta <= 1) (n : Nat) : latentArmStreamTrajectoryMeasure algorithm env nu {sample | ∃ arm : Fin K, ∃ t < n, 0 < pullCount (latentArmStreamTrajectoryAction sample) arm t ∧ mean arm <= UCB.realEmpiricalMean (latentArmStreamTrajectoryAction sample) (latentArmStreamTrajectoryReward sample) arm t - Real.sqrt (2 * (sigma2 : Real) * Real.log (1 / delta) / (pullCount (latentArmStreamTrajectoryAction sample) arm t : Real))} <= (K : ENNReal) * ((n - 1 : Nat) : ENNReal) * ENNReal.ofReal delta
BanditRLProof.Thompson.stationaryLatentArmStreamTrajectoryMeasure_exists_arm_exists_mean_le_realEmpiricalMean_sub_width_le [theorem] BanditRLProof/Algorithms/ThompsonStationaryReward.lean:3299
  theorem stationaryLatentArmStreamTrajectoryMeasure_exists_arm_exists_mean_le_realEmpiricalMean_sub_width_le {Env : Type u} {K : Nat} [MeasurableSpace Env] [StandardBorelSpace Env] [NeZero K] (prior : Measure Env) [IsProbabilityMeasure prior] (rewardKernel : Kernel (Env × Fin K) Real) [IsMarkovKernel rewardKernel] (algorithm : HistoryAlgorithm (Fin K) Real) (mean : Env -> Fin K -> Real) (hmeas_mean : Measurable (fun input : Env × Fin K => mean input.1 input.2)) (sigma2 : NNReal) (hsubG : forall env arm, HasSubgaussianMGF (fun reward => reward - mean env arm) sigma2 (rewardKernel (env, arm))) (hsigma2 : sigma2 ≠ 0) (delta : Real) (hdelta : 0 < delta) (hdelta_one : delta <= 1) (n : Nat) : stationaryLatentArmStreamTrajectoryMeasure prior rewardKernel algorithm {sample | ∃ arm : Fin K, ∃ t < n, 0 < pullCount (stationaryLatentArmStreamTrajectoryAction sample) arm t ∧ mean (stationaryLatentArmStreamTrajectoryEnvironment sample) arm <= UCB.realEmpiricalMean (stationaryLatentArmStreamTrajectoryAction sample) (stationaryLatentArmStreamTrajectoryReward sample) arm t - Real.sqrt (2 * (sigma2 : Real) * Real.log (1 / delta) / (pullCount (stationaryLatentArmStreamTrajectoryAction sample) arm t : Real))} <= (K : ENNReal) * ((n - 1 : Nat) : ENNReal) * ENNReal.ofReal delta
BanditRLProof.Thompson.stationaryLatentArmStreamCanonicalTrajectoryMeasure_exists_arm_exists_mean_le_realEmpiricalMean_sub_width_le [theorem] BanditRLProof/Algorithms/ThompsonStationaryReward.lean:3406
  theorem stationaryLatentArmStreamCanonicalTrajectoryMeasure_exists_arm_exists_mean_le_realEmpiricalMean_sub_width_le {Env : Type u} {K : Nat} [MeasurableSpace Env] [StandardBorelSpace Env] [NeZero K] (prior : Measure Env) [IsProbabilityMeasure prior] (rewardKernel : Kernel (Env × Fin K) Real) [IsMarkovKernel rewardKernel] (algorithm : HistoryAlgorithm (Fin K) Real) (mean : Env -> Fin K -> Real) (hmeas_mean : Measurable (fun input : Env × Fin K => mean input.1 input.2)) (sigma2 : NNReal) (hsubG : forall env arm, HasSubgaussianMGF (fun reward => reward - mean env arm) sigma2 (rewardKernel (env, arm))) (hsigma2 : sigma2 ≠ 0) (delta : Real) (hdelta : 0 < delta) (hdelta_one : delta <= 1) (n : Nat) : stationaryLatentArmStreamCanonicalTrajectoryMeasure prior rewardKernel algorithm {sample | ∃ arm : Fin K, ∃ t < n, 0 < pullCount (environmentTrajectoryAction sample) arm t ∧ mean sample.1.1 arm <= UCB.realEmpiricalMean (environmentTrajectoryAction sample) (environmentTrajectoryReward sample) arm t - Real.sqrt (2 * (sigma2 : Real) * Real.log (1 / delta) / (pullCount (environmentTrajectoryAction sample) arm t : Real))} <= (K : ENNReal) * ((n - 1 : Nat) : ENNReal) * ENNReal.ofReal delta
BanditRLProof.UCB.score_eq_empiricalMean [theorem] BanditRLProof/Algorithms/UCB.lean:46
  @[simp] theorem score_eq_empiricalMean (spec : Spec K) (state : IndexState K) (arm : Fin K) : score spec state arm = state.empiricalMean arm
BanditRLProof.UCB.confidenceScore [def] BanditRLProof/Algorithms/UCB.lean:51
  def confidenceScore {Arm : Type} (empiricalMean radius : Arm -> Real) (arm : Arm) : Real
BanditRLProof.UCB.confidenceScore_apply [theorem] BanditRLProof/Algorithms/UCB.lean:55
  @[simp] theorem confidenceScore_apply {Arm : Type} (empiricalMean radius : Arm -> Real) (arm : Arm) : confidenceScore empiricalMean radius arm = empiricalMean arm + radius arm
BanditRLProof.UCB.confidenceScoreArgmaxAction [def] BanditRLProof/Algorithms/UCB.lean:141
  noncomputable def confidenceScoreArgmaxAction {Omega : Type} {K : Nat} (hK : 0 < K) (empiricalMean : Omega -> Nat -> Fin K -> Real) (radius : Nat -> Fin K -> Real) : Omega -> Nat -> Fin K
BanditRLProof.UCB.confidenceScoreArgmaxAction_score_max [theorem] BanditRLProof/Algorithms/UCB.lean:154
  theorem confidenceScoreArgmaxAction_score_max {Omega : Type} {K : Nat} (hK : 0 < K) (empiricalMean : Omega -> Nat -> Fin K -> Real) (radius : Nat -> Fin K -> Real) (omega : Omega) (t : Nat) (arm : Fin K) : confidenceScore (empiricalMean omega t) (radius t) arm <= confidenceScore (empiricalMean omega t) (radius t) (confidenceScoreArgmaxAction hK empiricalMean radius omega t)
BanditRLProof.UCB.confidenceScoreArgmaxAction_score_max_of_selected [theorem] BanditRLProof/Algorithms/UCB.lean:172
  theorem confidenceScoreArgmaxAction_score_max_of_selected {Omega : Type} {K : Nat} (hK : 0 < K) (empiricalMean : Omega -> Nat -> Fin K -> Real) (radius : Nat -> Fin K -> Real) (omega : Omega) (t : Nat) (best chosen : Fin K) (hselected : confidenceScoreArgmaxAction hK empiricalMean radius omega t = chosen) : confidenceScore (empiricalMean omega t) (radius t) best <= confidenceScore (empiricalMean omega t) (radius t) chosen
BanditRLProof.UCB.meanGap_le_two_radius_of_confidenceScore_max [theorem] BanditRLProof/Algorithms/UCB.lean:200
  theorem meanGap_le_two_radius_of_confidenceScore_max {Arm : Type} (trueMean empiricalMean radius : Arm -> Real) (best chosen : Arm) (hbest_upper : trueMean best <= confidenceScore empiricalMean radius best) (hchosen_lower : empiricalMean chosen - radius chosen <= trueMean chosen) (hscore : confidenceScore empiricalMean radius best <= confidenceScore empiricalMean radius chosen) : meanGap trueMean best chosen <= 2 * radius chosen
BanditRLProof.UCB.not_two_radius_lt_meanGap_of_confidenceScore_max [theorem] BanditRLProof/Algorithms/UCB.lean:219
  theorem not_two_radius_lt_meanGap_of_confidenceScore_max {Arm : Type} (trueMean empiricalMean radius : Arm -> Real) (best chosen : Arm) (hbest_upper : trueMean best <= confidenceScore empiricalMean radius best) (hchosen_lower : empiricalMean chosen - radius chosen <= trueMean chosen) (hscore : confidenceScore empiricalMean radius best <= confidenceScore empiricalMean radius chosen) (hgap_large : 2 * radius chosen < meanGap trueMean best chosen) : False
BanditRLProof.UCB.upperConfidenceBad [def] BanditRLProof/Algorithms/UCB.lean:236
  def upperConfidenceBad {Omega Arm : Type} (trueMean : Arm -> Real) (empiricalMean : Omega -> Arm -> Real) (radius : Arm -> Real) (arm : Arm) : Set Omega
BanditRLProof.UCB.lowerConfidenceBad [def] BanditRLProof/Algorithms/UCB.lean:242
  def lowerConfidenceBad {Omega Arm : Type} (trueMean : Arm -> Real) (empiricalMean : Omega -> Arm -> Real) (radius : Arm -> Real) (arm : Arm) : Set Omega
BanditRLProof.UCB.measurableSet_upperConfidenceBad [theorem] BanditRLProof/Algorithms/UCB.lean:248
  theorem measurableSet_upperConfidenceBad {Omega Arm : Type} [MeasurableSpace Omega] (trueMean : Arm -> Real) (empiricalMean : Omega -> Arm -> Real) (radius : Arm -> Real) (arm : Arm) (hmeas : Measurable (fun omega : Omega => empiricalMean omega arm)) : MeasurableSet (upperConfidenceBad trueMean empiricalMean radius arm)
BanditRLProof.UCB.measurableSet_lowerConfidenceBad [theorem] BanditRLProof/Algorithms/UCB.lean:258
  theorem measurableSet_lowerConfidenceBad {Omega Arm : Type} [MeasurableSpace Omega] (trueMean : Arm -> Real) (empiricalMean : Omega -> Arm -> Real) (radius : Arm -> Real) (arm : Arm) (hmeas : Measurable (fun omega : Omega => empiricalMean omega arm)) : MeasurableSet (lowerConfidenceBad trueMean empiricalMean radius arm)
BanditRLProof.UCB.confidenceBadEvent [def] BanditRLProof/Algorithms/UCB.lean:268
  def confidenceBadEvent {Omega Arm : Type} [Fintype Arm] (trueMean : Arm -> Real) (empiricalMean : Omega -> Arm -> Real) (radius : Arm -> Real) : Set Omega
BanditRLProof.UCB.measurableSet_confidenceBadEvent [theorem] BanditRLProof/Algorithms/UCB.lean:275
  theorem measurableSet_confidenceBadEvent {Omega Arm : Type} [MeasurableSpace Omega] [Fintype Arm] (trueMean : Arm -> Real) (empiricalMean : Omega -> Arm -> Real) (radius : Arm -> Real) (hmeas : forall arm : Arm, Measurable (fun omega : Omega => empiricalMean omega arm)) : MeasurableSet (confidenceBadEvent trueMean empiricalMean radius)
BanditRLProof.UCB.not_upperConfidenceBad_of_not_confidenceBadEvent [theorem] BanditRLProof/Algorithms/UCB.lean:289
  theorem not_upperConfidenceBad_of_not_confidenceBadEvent {Omega Arm : Type} [Fintype Arm] (trueMean : Arm -> Real) (empiricalMean : Omega -> Arm -> Real) (radius : Arm -> Real) (omega : Omega) (arm : Arm) (hgood : omega ∉ confidenceBadEvent trueMean empiricalMean radius) : omega ∉ upperConfidenceBad trueMean empiricalMean radius arm
BanditRLProof.UCB.not_lowerConfidenceBad_of_not_confidenceBadEvent [theorem] BanditRLProof/Algorithms/UCB.lean:300
  theorem not_lowerConfidenceBad_of_not_confidenceBadEvent {Omega Arm : Type} [Fintype Arm] (trueMean : Arm -> Real) (empiricalMean : Omega -> Arm -> Real) (radius : Arm -> Real) (omega : Omega) (arm : Arm) (hgood : omega ∉ confidenceBadEvent trueMean empiricalMean radius) : omega ∉ lowerConfidenceBad trueMean empiricalMean radius arm
BanditRLProof.UCB.meanGap_le_two_radius_of_not_confidenceBadEvent [theorem] BanditRLProof/Algorithms/UCB.lean:316
  theorem meanGap_le_two_radius_of_not_confidenceBadEvent {Omega Arm : Type} [Fintype Arm] (trueMean : Arm -> Real) (empiricalMean : Omega -> Arm -> Real) (radius : Arm -> Real) (omega : Omega) (best chosen : Arm) (hgood : omega ∉ confidenceBadEvent trueMean empiricalMean radius) (hscore : confidenceScore (empiricalMean omega) radius best <= confidenceScore (empiricalMean omega) radius chosen) : meanGap trueMean best chosen <= 2 * radius chosen
BanditRLProof.UCB.measure_confidenceBadEvent_le_sum_upper_lower [theorem] BanditRLProof/Algorithms/UCB.lean:347
  theorem measure_confidenceBadEvent_le_sum_upper_lower {Omega Arm : Type} [MeasurableSpace Omega] [Fintype Arm] (mu : Measure Omega) (trueMean : Arm -> Real) (empiricalMean : Omega -> Arm -> Real) (radius : Arm -> Real) : mu (confidenceBadEvent trueMean empiricalMean radius) <= (Finset.univ : Finset Arm).sum (fun arm => mu (upperConfidenceBad trueMean empiricalMean radius arm) + mu (lowerConfidenceBad trueMean empiricalMean radius arm))
BanditRLProof.UCB.confidenceBadEventAt [def] BanditRLProof/Algorithms/UCB.lean:379
  def confidenceBadEventAt {Omega Arm : Type} [Fintype Arm] (trueMean : Arm -> Real) (empiricalMean : Omega -> Nat -> Arm -> Real) (radius : Nat -> Arm -> Real) (t : Nat) : Set Omega
BanditRLProof.UCB.measurableSet_confidenceBadEventAt [theorem] BanditRLProof/Algorithms/UCB.lean:390
  theorem measurableSet_confidenceBadEventAt {Omega Arm : Type} [MeasurableSpace Omega] [Fintype Arm] (trueMean : Arm -> Real) (empiricalMean : Omega -> Nat -> Arm -> Real) (radius : Nat -> Arm -> Real) (t : Nat) (hmeas : forall arm : Arm, Measurable (fun omega : Omega => empiricalMean omega t arm)) : MeasurableSet (confidenceBadEventAt trueMean empiricalMean radius t)
BanditRLProof.UCB.finiteHorizonConfidenceBadEvent [def] BanditRLProof/Algorithms/UCB.lean:403
  def finiteHorizonConfidenceBadEvent {Omega Arm : Type} [Fintype Arm] (trueMean : Arm -> Real) (empiricalMean : Omega -> Nat -> Arm -> Real) (radius : Nat -> Arm -> Real) (T : Nat) : Set Omega
BanditRLProof.UCB.not_confidenceBadEventAt_of_not_finiteHorizonConfidenceBadEvent [theorem] BanditRLProof/Algorithms/UCB.lean:414
  theorem not_confidenceBadEventAt_of_not_finiteHorizonConfidenceBadEvent {Omega Arm : Type} [Fintype Arm] (trueMean : Arm -> Real) (empiricalMean : Omega -> Nat -> Arm -> Real) (radius : Nat -> Arm -> Real) (T : Nat) (omega : Omega) (t : Nat) (ht : t < T) (hgood : omega ∉ finiteHorizonConfidenceBadEvent trueMean empiricalMean radius T) : omega ∉ confidenceBadEventAt trueMean empiricalMean radius t
BanditRLProof.UCB.meanGap_le_two_radius_of_not_finiteHorizonConfidenceBadEvent [theorem] BanditRLProof/Algorithms/UCB.lean:435
  theorem meanGap_le_two_radius_of_not_finiteHorizonConfidenceBadEvent {Omega Arm : Type} [Fintype Arm] (trueMean : Arm -> Real) (empiricalMean : Omega -> Nat -> Arm -> Real) (radius : Nat -> Arm -> Real) (T : Nat) (omega : Omega) (t : Nat) (best chosen : Arm) (ht : t < T) (hgood : omega ∉ finiteHorizonConfidenceBadEvent trueMean empiricalMean radius T) (hscore : confidenceScore (empiricalMean omega t) (radius t) best <= confidenceScore (empiricalMean omega t) (radius t) chosen) : meanGap trueMean best chosen <= 2 * radius t chosen
BanditRLProof.UCB.mem_finiteHorizonConfidenceBadEvent_of_two_radius_lt_meanGap_of_score_max [theorem] BanditRLProof/Algorithms/UCB.lean:462
  theorem mem_finiteHorizonConfidenceBadEvent_of_two_radius_lt_meanGap_of_score_max {Omega Arm : Type} [Fintype Arm] (trueMean : Arm -> Real) (empiricalMean : Omega -> Nat -> Arm -> Real) (radius : Nat -> Arm -> Real) (T : Nat) (omega : Omega) (t : Nat) (best chosen : Arm) (ht : t < T) (hscore : confidenceScore (empiricalMean omega t) (radius t) best <= confidenceScore (empiricalMean omega t) (radius t) chosen) (hgap_large : 2 * radius t chosen < meanGap trueMean best chosen) : omega ∈ finiteHorizonConfidenceBadEvent trueMean empiricalMean radius T
BanditRLProof.UCB.scoreMaxEvent_subset_finiteHorizonConfidenceBadEvent_of_two_radius_lt_meanGap [theorem] BanditRLProof/Algorithms/UCB.lean:487
  theorem scoreMaxEvent_subset_finiteHorizonConfidenceBadEvent_of_two_radius_lt_meanGap {Omega Arm : Type} [Fintype Arm] (trueMean : Arm -> Real) (empiricalMean : Omega -> Nat -> Arm -> Real) (radius : Nat -> Arm -> Real) (T : Nat) (t : Nat) (best chosen : Arm) (ht : t < T) (hgap_large : 2 * radius t chosen < meanGap trueMean best chosen) : {omega : Omega | confidenceScore (empiricalMean omega t) (radius t) best <= confidenceScore (empiricalMean omega t) (radius t) chosen} ⊆ finiteHorizonConfidenceBadEvent trueMean empiricalMean radius T
BanditRLProof.UCB.measure_finiteHorizonConfidenceBadEvent_le_sum_upper_lower [theorem] BanditRLProof/Algorithms/UCB.lean:512
  theorem measure_finiteHorizonConfidenceBadEvent_le_sum_upper_lower {Omega Arm : Type} [MeasurableSpace Omega] [Fintype Arm] (mu : Measure Omega) (trueMean : Arm -> Real) (empiricalMean : Omega -> Nat -> Arm -> Real) (radius : Nat -> Arm -> Real) (T : Nat) : mu (finiteHorizonConfidenceBadEvent trueMean empiricalMean radius T) <= (Finset.range T).sum (fun t => (Finset.univ : Finset Arm).sum (fun arm => mu (upperConfidenceBad trueMean (fun omega arm => empiricalMean omega t arm) (radius t) arm) + mu (lowerConfidenceBad trueMean (fun omega arm => empiricalMean omega t arm) (radius t) arm)))
BanditRLProof.UCB.measure_finiteHorizonConfidenceBadEvent_le_tail_sum [theorem] BanditRLProof/Algorithms/UCB.lean:565
  theorem measure_finiteHorizonConfidenceBadEvent_le_tail_sum {Omega Arm : Type} [MeasurableSpace Omega] [Fintype Arm] (mu : Measure Omega) (trueMean : Arm -> Real) (empiricalMean : Omega -> Nat -> Arm -> Real) (radius : Nat -> Arm -> Real) (upperTail lowerTail : Nat -> Arm -> ENNReal) (T : Nat) (hupper : forall t arm, t < T -> mu (upperConfidenceBad trueMean (fun omega arm => empiricalMean omega t arm) (radius t) arm) <= upperTail t arm) (hlower : forall t arm, t < T -> mu (lowerConfidenceBad trueMean (fun omega arm => empiricalMean omega t arm) (radius t) arm) <= lowerTail t arm) : mu (finiteHorizonConfidenceBadEvent trueMean empiricalMean radius T) <= (Finset.range T).sum (fun t => (Finset.univ : Finset Arm).sum (fun arm => upperTail t arm + lowerTail t arm))
BanditRLProof.UCB.upperConfidenceBad_subset_absDeviation [theorem] BanditRLProof/Algorithms/UCB.lean:598
  theorem upperConfidenceBad_subset_absDeviation {Omega Arm : Type} (trueMean : Arm -> Real) (empiricalMean : Omega -> Arm -> Real) (radius : Arm -> Real) (arm : Arm) : upperConfidenceBad trueMean empiricalMean radius arm ⊆ {omega | radius arm <= |empiricalMean omega arm - trueMean arm|}
BanditRLProof.UCB.lowerConfidenceBad_subset_absDeviation [theorem] BanditRLProof/Algorithms/UCB.lean:620
  theorem lowerConfidenceBad_subset_absDeviation {Omega Arm : Type} (trueMean : Arm -> Real) (empiricalMean : Omega -> Arm -> Real) (radius : Arm -> Real) (arm : Arm) : lowerConfidenceBad trueMean empiricalMean radius arm ⊆ {omega | radius arm <= |empiricalMean omega arm - trueMean arm|}
BanditRLProof.UCB.measure_upperConfidenceBad_le_absDeviation [theorem] BanditRLProof/Algorithms/UCB.lean:634
  theorem measure_upperConfidenceBad_le_absDeviation {Omega Arm : Type} [MeasurableSpace Omega] (mu : Measure Omega) (trueMean : Arm -> Real) (empiricalMean : Omega -> Arm -> Real) (radius : Arm -> Real) (arm : Arm) : mu (upperConfidenceBad trueMean empiricalMean radius arm) <= mu {omega | radius arm <= |empiricalMean omega arm - trueMean arm|}
BanditRLProof.UCB.measure_lowerConfidenceBad_le_absDeviation [theorem] BanditRLProof/Algorithms/UCB.lean:646
  theorem measure_lowerConfidenceBad_le_absDeviation {Omega Arm : Type} [MeasurableSpace Omega] (mu : Measure Omega) (trueMean : Arm -> Real) (empiricalMean : Omega -> Arm -> Real) (radius : Arm -> Real) (arm : Arm) : mu (lowerConfidenceBad trueMean empiricalMean radius arm) <= mu {omega | radius arm <= |empiricalMean omega arm - trueMean arm|}
BanditRLProof.UCB.measure_finiteHorizonConfidenceBadEvent_le_absDeviation_tail_sum [theorem] BanditRLProof/Algorithms/UCB.lean:664
  theorem measure_finiteHorizonConfidenceBadEvent_le_absDeviation_tail_sum {Omega Arm : Type} [MeasurableSpace Omega] [Fintype Arm] (mu : Measure Omega) (trueMean : Arm -> Real) (empiricalMean : Omega -> Nat -> Arm -> Real) (radius : Nat -> Arm -> Real) (tail : Nat -> Arm -> ENNReal) (T : Nat) (htail : forall t arm, t < T -> mu {omega | radius t arm <= |empiricalMean omega t arm - trueMean arm|} <= tail t arm) : mu (finiteHorizonConfidenceBadEvent trueMean empiricalMean radius T) <= (Finset.range T).sum (fun t => (Finset.univ : Finset Arm).sum (fun arm => tail t arm + tail t arm))
BanditRLProof.UCB.chebyshevAbsDeviationTail [def] BanditRLProof/Algorithms/UCB.lean:698
  noncomputable def chebyshevAbsDeviationTail {Omega Arm : Type} [MeasurableSpace Omega] (mu : Measure Omega) (empiricalMean : Omega -> Nat -> Arm -> Real) (radius : Nat -> Arm -> Real) (t : Nat) (arm : Arm) : ENNReal
BanditRLProof.UCB.measure_absDeviation_le_chebyshev_tail [theorem] BanditRLProof/Algorithms/UCB.lean:712
  theorem measure_absDeviation_le_chebyshev_tail {Omega Arm : Type} [MeasurableSpace Omega] (mu : Measure Omega) [IsFiniteMeasure mu] (trueMean : Arm -> Real) (empiricalMean : Omega -> Nat -> Arm -> Real) (radius : Nat -> Arm -> Real) (t : Nat) (arm : Arm) (hmem : MemLp (fun omega : Omega => empiricalMean omega t arm) 2 mu) (hradius : 0 < radius t arm) (hmean : integral mu (fun omega : Omega => empiricalMean omega t arm) = trueMean arm) : mu {omega | radius t arm <= |empiricalMean omega t arm - trueMean arm|} <= chebyshevAbsDeviationTail mu empiricalMean radius t arm
BanditRLProof.UCB.measure_finiteHorizonConfidenceBadEvent_le_chebyshev_tail_sum [theorem] BanditRLProof/Algorithms/UCB.lean:743
  theorem measure_finiteHorizonConfidenceBadEvent_le_chebyshev_tail_sum {Omega Arm : Type} [MeasurableSpace Omega] [Fintype Arm] (mu : Measure Omega) [IsFiniteMeasure mu] (trueMean : Arm -> Real) (empiricalMean : Omega -> Nat -> Arm -> Real) (radius : Nat -> Arm -> Real) (T : Nat) (hmem : forall t arm, t < T -> MemLp (fun omega : Omega => empiricalMean omega t arm) 2 mu) (hradius : forall t arm, t < T -> 0 < radius t arm) (hmean : forall t arm, t < T -> integral mu (fun omega : Omega => empiricalMean omega t arm) = trueMean arm) : mu (finiteHorizonConfidenceBadEvent trueMean empiricalMean radius T) <= (Finset.range T).sum (fun t => (Finset.univ : Finset Arm).sum (fun arm => chebyshevAbsDeviationTail mu empiricalMean radius t arm + chebyshevAbsDeviationTail mu empiricalMean radius t arm))
BanditRLProof.UCB.measure_upperConfidenceBad_le_subGaussian_tail [theorem] BanditRLProof/Algorithms/UCB.lean:874
  theorem measure_upperConfidenceBad_le_subGaussian_tail {Omega Arm : Type} [MeasurableSpace Omega] (mu : Measure Omega) [IsFiniteMeasure mu] (trueMean : Arm -> Real) (empiricalMean : Omega -> Nat -> Arm -> Real) (radius : Nat -> Arm -> Real) (proxy : Nat -> Arm -> NNReal) (t : Nat) (arm : Arm) (hradius : 0 <= radius t arm) (hsubG : ProbabilityTheory.HasSubgaussianMGF (fun omega : Omega => empiricalMean omega t arm - trueMean arm) (proxy t arm) mu) : mu (upperConfidenceBad trueMean (fun omega arm => empiricalMean omega t arm) (radius t) arm) <= subGaussianOneSidedDeviationTail radius proxy t arm
BanditRLProof.UCB.measure_upperConfidenceBad_le_subGaussian_exp_neg_budget [theorem] BanditRLProof/Algorithms/UCB.lean:926
  theorem measure_upperConfidenceBad_le_subGaussian_exp_neg_budget {Omega Arm : Type} [MeasurableSpace Omega] (mu : Measure Omega) [IsFiniteMeasure mu] (trueMean : Arm -> Real) (empiricalMean : Omega -> Nat -> Arm -> Real) (radius : Nat -> Arm -> Real) (proxy : Nat -> Arm -> NNReal) (budget : Nat -> Arm -> Real) (t : Nat) (arm : Arm) (hradius : 0 <= radius t arm) (hproxy : 0 < ((proxy t arm : NNReal) : Real)) (hradius_sq : 2 * ((proxy t arm : NNReal) : Real) * budget t arm <= (radius t arm) ^ 2) (hsubG : ProbabilityTheory.HasSubgaussianMGF (fun omega : Omega => empiricalMean omega t arm - trueMean arm) (proxy t arm) mu) : mu (upperConfidenceBad trueMean (fun omega arm => empiricalMean omega t arm) (radius t) arm) <= ENNReal.ofReal (Real.exp (-(budget t arm)))
BanditRLProof.UCB.measure_upperConfidenceBad_le_subGaussian_budgetRadius [theorem] BanditRLProof/Algorithms/UCB.lean:956
  theorem measure_upperConfidenceBad_le_subGaussian_budgetRadius {Omega Arm : Type} [MeasurableSpace Omega] (mu : Measure Omega) [IsFiniteMeasure mu] (trueMean : Arm -> Real) (empiricalMean : Omega -> Nat -> Arm -> Real) (proxy : Nat -> Arm -> NNReal) (budget : Nat -> Arm -> Real) (t : Nat) (arm : Arm) (hproxy : 0 < ((proxy t arm : NNReal) : Real)) (hsubG : ProbabilityTheory.HasSubgaussianMGF (fun omega : Omega => empiricalMean omega t arm - trueMean arm) (proxy t arm) mu) : mu (upperConfidenceBad trueMean (fun omega arm => empiricalMean omega t arm) (subGaussianBudgetRadius proxy budget t) arm) <= ENNReal.ofReal (Real.exp (-(budget t arm)))
BanditRLProof.UCB.measure_lowerConfidenceBad_le_subGaussian_tail [theorem] BanditRLProof/Algorithms/UCB.lean:979
  theorem measure_lowerConfidenceBad_le_subGaussian_tail {Omega Arm : Type} [MeasurableSpace Omega] (mu : Measure Omega) [IsFiniteMeasure mu] (trueMean : Arm -> Real) (empiricalMean : Omega -> Nat -> Arm -> Real) (radius : Nat -> Arm -> Real) (proxy : Nat -> Arm -> NNReal) (t : Nat) (arm : Arm) (hradius : 0 <= radius t arm) (hsubG : ProbabilityTheory.HasSubgaussianMGF (fun omega : Omega => empiricalMean omega t arm - trueMean arm) (proxy t arm) mu) : mu (lowerConfidenceBad trueMean (fun omega arm => empiricalMean omega t arm) (radius t) arm) <= subGaussianOneSidedDeviationTail radius proxy t arm
BanditRLProof.UCB.measure_lowerConfidenceBad_le_subGaussian_exp_neg_budget [theorem] BanditRLProof/Algorithms/UCB.lean:1029
  theorem measure_lowerConfidenceBad_le_subGaussian_exp_neg_budget {Omega Arm : Type} [MeasurableSpace Omega] (mu : Measure Omega) [IsFiniteMeasure mu] (trueMean : Arm -> Real) (empiricalMean : Omega -> Nat -> Arm -> Real) (radius : Nat -> Arm -> Real) (proxy : Nat -> Arm -> NNReal) (budget : Nat -> Arm -> Real) (t : Nat) (arm : Arm) (hradius : 0 <= radius t arm) (hproxy : 0 < ((proxy t arm : NNReal) : Real)) (hradius_sq : 2 * ((proxy t arm : NNReal) : Real) * budget t arm <= (radius t arm) ^ 2) (hsubG : ProbabilityTheory.HasSubgaussianMGF (fun omega : Omega => empiricalMean omega t arm - trueMean arm) (proxy t arm) mu) : mu (lowerConfidenceBad trueMean (fun omega arm => empiricalMean omega t arm) (radius t) arm) <= ENNReal.ofReal (Real.exp (-(budget t arm)))
BanditRLProof.UCB.measure_lowerConfidenceBad_le_subGaussian_budgetRadius [theorem] BanditRLProof/Algorithms/UCB.lean:1059
  theorem measure_lowerConfidenceBad_le_subGaussian_budgetRadius {Omega Arm : Type} [MeasurableSpace Omega] (mu : Measure Omega) [IsFiniteMeasure mu] (trueMean : Arm -> Real) (empiricalMean : Omega -> Nat -> Arm -> Real) (proxy : Nat -> Arm -> NNReal) (budget : Nat -> Arm -> Real) (t : Nat) (arm : Arm) (hproxy : 0 < ((proxy t arm : NNReal) : Real)) (hsubG : ProbabilityTheory.HasSubgaussianMGF (fun omega : Omega => empiricalMean omega t arm - trueMean arm) (proxy t arm) mu) : mu (lowerConfidenceBad trueMean (fun omega arm => empiricalMean omega t arm) (subGaussianBudgetRadius proxy budget t) arm) <= ENNReal.ofReal (Real.exp (-(budget t arm)))
BanditRLProof.UCB.measure_finiteHorizonConfidenceBadEvent_le_subGaussian_oneSided_tail_sum [theorem] BanditRLProof/Algorithms/UCB.lean:1090
  theorem measure_finiteHorizonConfidenceBadEvent_le_subGaussian_oneSided_tail_sum {Omega Arm : Type} [MeasurableSpace Omega] [Fintype Arm] (mu : Measure Omega) [IsFiniteMeasure mu] (trueMean : Arm -> Real) (empiricalMean : Omega -> Nat -> Arm -> Real) (radius : Nat -> Arm -> Real) (proxy : Nat -> Arm -> NNReal) (T : Nat) (hradius : forall t arm, t < T -> 0 <= radius t arm) (hsubG : forall t arm, t < T -> ProbabilityTheory.HasSubgaussianMGF (fun omega : Omega => empiricalMean omega t arm - trueMean arm) (proxy t arm) mu) : mu (finiteHorizonConfidenceBadEvent trueMean empiricalMean radius T) <= (Finset.range T).sum (fun t => (Finset.univ : Finset Arm).sum (fun arm => subGaussianOneSidedDeviationTail radius proxy t arm + subGaussianOneSidedDeviationTail radius proxy t arm))
BanditRLProof.UCB.measure_finiteHorizonConfidenceBadEvent_le_subGaussian_exp_neg_budget_sum [theorem] BanditRLProof/Algorithms/UCB.lean:1130
  theorem measure_finiteHorizonConfidenceBadEvent_le_subGaussian_exp_neg_budget_sum {Omega Arm : Type} [MeasurableSpace Omega] [Fintype Arm] (mu : Measure Omega) [IsFiniteMeasure mu] (trueMean : Arm -> Real) (empiricalMean : Omega -> Nat -> Arm -> Real) (radius : Nat -> Arm -> Real) (proxy : Nat -> Arm -> NNReal) (budget : Nat -> Arm -> Real) (T : Nat) (hradius : forall t arm, t < T -> 0 <= radius t arm) (hproxy : forall t arm, t < T -> 0 < ((proxy t arm : NNReal) : Real)) (hradius_sq : forall t arm, t < T -> 2 * ((proxy t arm : NNReal) : Real) * budget t arm <= (radius t arm) ^ 2) (hsubG : forall t arm, t < T -> ProbabilityTheory.HasSubgaussianMGF (fun omega : Omega => empiricalMean omega t arm - trueMean arm) (proxy t arm) mu) : mu (finiteHorizonConfidenceBadEvent trueMean empiricalMean radius T) <= (Finset.range T).sum (fun t => (Finset.univ : Finset Arm).sum (fun arm => ENNReal.ofReal (Real.exp (-(budget t arm))) + ENNReal.ofReal (Real.exp (-(budget t arm)))))
BanditRLProof.UCB.measure_finiteHorizonConfidenceBadEvent_le_subGaussian_budgetRadius_sum [theorem] BanditRLProof/Algorithms/UCB.lean:1176
  theorem measure_finiteHorizonConfidenceBadEvent_le_subGaussian_budgetRadius_sum {Omega Arm : Type} [MeasurableSpace Omega] [Fintype Arm] (mu : Measure Omega) [IsFiniteMeasure mu] (trueMean : Arm -> Real) (empiricalMean : Omega -> Nat -> Arm -> Real) (proxy : Nat -> Arm -> NNReal) (budget : Nat -> Arm -> Real) (T : Nat) (hproxy : forall t arm, t < T -> 0 < ((proxy t arm : NNReal) : Real)) (hsubG : forall t arm, t < T -> ProbabilityTheory.HasSubgaussianMGF (fun omega : Omega => empiricalMean omega t arm - trueMean arm) (proxy t arm) mu) : mu (finiteHorizonConfidenceBadEvent trueMean empiricalMean (subGaussianBudgetRadius proxy budget) T) <= (Finset.range T).sum (fun t => (Finset.univ : Finset Arm).sum (fun arm => ENNReal.ofReal (Real.exp (-(budget t arm))) + ENNReal.ofReal (Real.exp (-(budget t arm)))))
BanditRLProof.UCB.measure_upperConfidenceBad_le_subGaussian_logBudgetRadius [theorem] BanditRLProof/Algorithms/UCB.lean:1282
  theorem measure_upperConfidenceBad_le_subGaussian_logBudgetRadius {Omega Arm : Type} [MeasurableSpace Omega] (mu : Measure Omega) [IsFiniteMeasure mu] (trueMean : Arm -> Real) (empiricalMean : Omega -> Nat -> Arm -> Real) (proxy : Nat -> Arm -> NNReal) (scale : Nat -> Arm -> Real) (t : Nat) (arm : Arm) (hproxy : 0 < ((proxy t arm : NNReal) : Real)) (hscale : 0 < scale t arm) (hsubG : ProbabilityTheory.HasSubgaussianMGF (fun omega : Omega => empiricalMean omega t arm - trueMean arm) (proxy t arm) mu) : mu (upperConfidenceBad trueMean (fun omega arm => empiricalMean omega t arm) (subGaussianLogBudgetRadius proxy scale t) arm) <= ENNReal.ofReal ((scale t arm)⁻¹)
BanditRLProof.UCB.measure_lowerConfidenceBad_le_subGaussian_logBudgetRadius [theorem] BanditRLProof/Algorithms/UCB.lean:1309
  theorem measure_lowerConfidenceBad_le_subGaussian_logBudgetRadius {Omega Arm : Type} [MeasurableSpace Omega] (mu : Measure Omega) [IsFiniteMeasure mu] (trueMean : Arm -> Real) (empiricalMean : Omega -> Nat -> Arm -> Real) (proxy : Nat -> Arm -> NNReal) (scale : Nat -> Arm -> Real) (t : Nat) (arm : Arm) (hproxy : 0 < ((proxy t arm : NNReal) : Real)) (hscale : 0 < scale t arm) (hsubG : ProbabilityTheory.HasSubgaussianMGF (fun omega : Omega => empiricalMean omega t arm - trueMean arm) (proxy t arm) mu) : mu (lowerConfidenceBad trueMean (fun omega arm => empiricalMean omega t arm) (subGaussianLogBudgetRadius proxy scale t) arm) <= ENNReal.ofReal ((scale t arm)⁻¹)
BanditRLProof.UCB.measure_finiteHorizonConfidenceBadEvent_le_subGaussian_logBudgetRadius_inv_scale_sum [theorem] BanditRLProof/Algorithms/UCB.lean:1340
  theorem measure_finiteHorizonConfidenceBadEvent_le_subGaussian_logBudgetRadius_inv_scale_sum {Omega Arm : Type} [MeasurableSpace Omega] [Fintype Arm] (mu : Measure Omega) [IsFiniteMeasure mu] (trueMean : Arm -> Real) (empiricalMean : Omega -> Nat -> Arm -> Real) (proxy : Nat -> Arm -> NNReal) (scale : Nat -> Arm -> Real) (T : Nat) (hproxy : forall t arm, t < T -> 0 < ((proxy t arm : NNReal) : Real)) (hscale : forall t arm, t < T -> 0 < scale t arm) (hsubG : forall t arm, t < T -> ProbabilityTheory.HasSubgaussianMGF (fun omega : Omega => empiricalMean omega t arm - trueMean arm) (proxy t arm) mu) : mu (finiteHorizonConfidenceBadEvent trueMean empiricalMean (subGaussianLogBudgetRadius proxy scale) T) <= (Finset.range T).sum (fun t => (Finset.univ : Finset Arm).sum (fun arm => ENNReal.ofReal ((scale t arm)⁻¹) + ENNReal.ofReal ((scale t arm)⁻¹)))
BanditRLProof.UCB.measure_finiteHorizonConfidenceBadEvent_le_subGaussian_constantLogBudgetRadius_card [theorem] BanditRLProof/Algorithms/UCB.lean:1443
  theorem measure_finiteHorizonConfidenceBadEvent_le_subGaussian_constantLogBudgetRadius_card {Omega Arm : Type} [MeasurableSpace Omega] [Fintype Arm] (mu : Measure Omega) [IsFiniteMeasure mu] (trueMean : Arm -> Real) (empiricalMean : Omega -> Nat -> Arm -> Real) (proxy : Nat -> Arm -> NNReal) (scale : Real) (T : Nat) (hproxy : forall t arm, t < T -> 0 < ((proxy t arm : NNReal) : Real)) (hscale : 0 < scale) (hsubG : forall t arm, t < T -> ProbabilityTheory.HasSubgaussianMGF (fun omega : Omega => empiricalMean omega t arm - trueMean arm) (proxy t arm) mu) : mu (finiteHorizonConfidenceBadEvent trueMean empiricalMean (subGaussianConstantLogBudgetRadius proxy scale) T) <= HSMul.hSMul T (HSMul.hSMul (Fintype.card Arm) (ENNReal.ofReal scale⁻¹ + ENNReal.ofReal scale⁻¹))
BanditRLProof.UCB.measure_finiteHorizonConfidenceBadEvent_le_subGaussian_textbookDeltaRadius_delta [theorem] BanditRLProof/Algorithms/UCB.lean:1584
  theorem measure_finiteHorizonConfidenceBadEvent_le_subGaussian_textbookDeltaRadius_delta {Omega Arm : Type} [MeasurableSpace Omega] [Fintype Arm] [Nonempty Arm] (mu : Measure Omega) [IsFiniteMeasure mu] (trueMean : Arm -> Real) (empiricalMean : Omega -> Nat -> Arm -> Real) (proxy : Nat -> Arm -> NNReal) (T : Nat) (delta : Real) (hT : 0 < T) (hdelta : 0 < delta) (hproxy : forall t arm, t < T -> 0 < ((proxy t arm : NNReal) : Real)) (hsubG : forall t arm, t < T -> ProbabilityTheory.HasSubgaussianMGF (fun omega : Omega => empiricalMean omega t arm - trueMean arm) (proxy t arm) mu) : mu (finiteHorizonConfidenceBadEvent trueMean empiricalMean (subGaussianTextbookDeltaRadius proxy T delta) T) <= ENNReal.ofReal delta
BanditRLProof.UCB.measure_scoreMaxEvent_le_subGaussian_textbookDeltaRadius_delta_of_gap [theorem] BanditRLProof/Algorithms/UCB.lean:1617
  theorem measure_scoreMaxEvent_le_subGaussian_textbookDeltaRadius_delta_of_gap {Omega Arm : Type} [MeasurableSpace Omega] [Fintype Arm] [Nonempty Arm] (mu : Measure Omega) [IsFiniteMeasure mu] (trueMean : Arm -> Real) (empiricalMean : Omega -> Nat -> Arm -> Real) (proxy : Nat -> Arm -> NNReal) (T : Nat) (delta : Real) (t : Nat) (best chosen : Arm) (hT : 0 < T) (hdelta : 0 < delta) (ht : t < T) (hgap_large : 2 * subGaussianTextbookDeltaRadius proxy T delta t chosen < meanGap trueMean best chosen) (hproxy : forall t arm, t < T -> 0 < ((proxy t arm : NNReal) : Real)) (hsubG : forall t arm, t < T -> ProbabilityTheory.HasSubgaussianMGF (fun omega : Omega => empiricalMean omega t arm - trueMean arm) (proxy t arm) mu) : mu {omega : Omega | confidenceScore (empiricalMean omega t) (subGaussianTextbookDeltaRadius proxy T delta t) best <= confidenceScore (empiricalMean omega t) (subGaussianTextbookDeltaRadius proxy T delta t) chosen} <= ENNReal.ofReal delta
BanditRLProof.UCB.selectedEvent_subset_scoreMaxEvent_of_action_score_max [theorem] BanditRLProof/Algorithms/UCB.lean:1662
  theorem selectedEvent_subset_scoreMaxEvent_of_action_score_max {Omega Arm : Type} (empiricalMean : Omega -> Nat -> Arm -> Real) (radius : Nat -> Arm -> Real) (action : Omega -> Nat -> Arm) (t : Nat) (best chosen : Arm) (hscore_of_selected : forall omega, action omega t = chosen -> confidenceScore (empiricalMean omega t) (radius t) best <= confidenceScore (empiricalMean omega t) (radius t) chosen) : Set.Subset {omega : Omega | action omega t = chosen} {omega : Omega | confidenceScore (empiricalMean omega t) (radius t) best <= confidenceScore (empiricalMean omega t) (radius t) chosen}
BanditRLProof.UCB.measure_selectedLargeGapEvent_le_subGaussian_textbookDeltaRadius_delta [theorem] BanditRLProof/Algorithms/UCB.lean:1688
  theorem measure_selectedLargeGapEvent_le_subGaussian_textbookDeltaRadius_delta {Omega Arm : Type} [MeasurableSpace Omega] [Fintype Arm] [Nonempty Arm] (mu : Measure Omega) [IsFiniteMeasure mu] (trueMean : Arm -> Real) (empiricalMean : Omega -> Nat -> Arm -> Real) (action : Omega -> Nat -> Arm) (proxy : Nat -> Arm -> NNReal) (T : Nat) (delta : Real) (t : Nat) (best chosen : Arm) (hT : 0 < T) (hdelta : 0 < delta) (ht : t < T) (hgap_large : 2 * subGaussianTextbookDeltaRadius proxy T delta t chosen < meanGap trueMean best chosen) (hscore_of_selected : forall omega, action omega t = chosen -> confidenceScore (empiricalMean omega t) (subGaussianTextbookDeltaRadius proxy T delta t) best <= confidenceScore (empiricalMean omega t) (subGaussianTextbookDeltaRadius proxy T delta t) chosen) (hproxy : forall t arm, t < T -> 0 < ((proxy t arm : NNReal) : Real)) (hsubG : forall t arm, t < T -> ProbabilityTheory.HasSubgaussianMGF (fun omega : Omega => empiricalMean omega t arm - trueMean arm) (proxy t arm) mu) : mu {omega : Omega | action omega t = chosen} <= ENNReal.ofReal delta
BanditRLProof.UCB.selectedEventOn_subset_finiteHorizonConfidenceBadEvent_of_action_score_max [theorem] BanditRLProof/Algorithms/UCB.lean:1737
  theorem selectedEventOn_subset_finiteHorizonConfidenceBadEvent_of_action_score_max {Omega Arm : Type} [Fintype Arm] (trueMean : Arm -> Real) (empiricalMean : Omega -> Nat -> Arm -> Real) (radius : Nat -> Arm -> Real) (action : Omega -> Nat -> Arm) (T : Nat) (times : Finset Nat) (best chosen : Arm) (htimes : forall t, t ∈ times -> t < T) (hscore_of_selected : forall omega t, t ∈ times -> action omega t = chosen -> confidenceScore (empiricalMean omega t) (radius t) best <= confidenceScore (empiricalMean omega t) (radius t) chosen) (hgap_large : forall t, t ∈ times -> 2 * radius t chosen < meanGap trueMean best chosen) : Set.Subset {omega : Omega | exists t, t ∈ times /\ action omega t = chosen} (finiteHorizonConfidenceBadEvent trueMean empiricalMean radius T)
BanditRLProof.UCB.measure_selectedLargeGapEventOn_le_subGaussian_textbookDeltaRadius_delta [theorem] BanditRLProof/Algorithms/UCB.lean:1769
  theorem measure_selectedLargeGapEventOn_le_subGaussian_textbookDeltaRadius_delta {Omega Arm : Type} [MeasurableSpace Omega] [Fintype Arm] [Nonempty Arm] (mu : Measure Omega) [IsFiniteMeasure mu] (trueMean : Arm -> Real) (empiricalMean : Omega -> Nat -> Arm -> Real) (action : Omega -> Nat -> Arm) (proxy : Nat -> Arm -> NNReal) (T : Nat) (delta : Real) (times : Finset Nat) (best chosen : Arm) (hT : 0 < T) (hdelta : 0 < delta) (htimes : forall t, t ∈ times -> t < T) (hgap_large : forall t, t ∈ times -> 2 * subGaussianTextbookDeltaRadius proxy T delta t chosen < meanGap trueMean best chosen) (hscore_of_selected : forall omega t, t ∈ times -> action omega t = chosen -> confidenceScore (empiricalMean omega t) (subGaussianTextbookDeltaRadius proxy T delta t) best <= confidenceScore (empiricalMean omega t) (subGaussianTextbookDeltaRadius proxy T delta t) chosen) (hproxy : forall t arm, t < T -> 0 < ((proxy t arm : NNReal) : Real)) (hsubG : forall t arm, t < T -> ProbabilityTheory.HasSubgaussianMGF (fun omega : Omega => empiricalMean omega t arm - trueMean arm) (proxy t arm) mu) : mu {omega : Omega | exists t, t ∈ times /\ action omega t = chosen} <= ENNReal.ofReal delta
BanditRLProof.UCB.measure_confidenceScoreArgmax_selectedLargeGapEvent_le_subGaussian_textbookDeltaRadius_delta [theorem] BanditRLProof/Algorithms/UCB.lean:1815
  theorem measure_confidenceScoreArgmax_selectedLargeGapEvent_le_subGaussian_textbookDeltaRadius_delta {Omega : Type} [MeasurableSpace Omega] {K : Nat} (hK : 0 < K) (mu : Measure Omega) [IsFiniteMeasure mu] (trueMean : Fin K -> Real) (empiricalMean : Omega -> Nat -> Fin K -> Real) (proxy : Nat -> Fin K -> NNReal) (T : Nat) (delta : Real) (t : Nat) (best chosen : Fin K) (hT : 0 < T) (hdelta : 0 < delta) (ht : t < T) (hgap_large : 2 * subGaussianTextbookDeltaRadius proxy T delta t chosen < meanGap trueMean best chosen) (hproxy : forall t arm, t < T -> 0 < ((proxy t arm : NNReal) : Real)) (hsubG : forall t arm, t < T -> ProbabilityTheory.HasSubgaussianMGF (fun omega : Omega => empiricalMean omega t arm - trueMean arm) (proxy t arm) mu) : mu {omega : Omega | confidenceScoreArgmaxAction hK empiricalMean (subGaussianTextbookDeltaRadius proxy T delta) omega t = chosen} <= ENNReal.ofReal delta
BanditRLProof.UCB.measure_confidenceScoreArgmax_selectedLargeGapEventOn_le_subGaussian_textbookDeltaRadius_delta [theorem] BanditRLProof/Algorithms/UCB.lean:1857
  theorem measure_confidenceScoreArgmax_selectedLargeGapEventOn_le_subGaussian_textbookDeltaRadius_delta {Omega : Type} [MeasurableSpace Omega] {K : Nat} (hK : 0 < K) (mu : Measure Omega) [IsFiniteMeasure mu] (trueMean : Fin K -> Real) (empiricalMean : Omega -> Nat -> Fin K -> Real) (proxy : Nat -> Fin K -> NNReal) (T : Nat) (delta : Real) (times : Finset Nat) (best chosen : Fin K) (hT : 0 < T) (hdelta : 0 < delta) (htimes : forall t, t ∈ times -> t < T) (hgap_large : forall t, t ∈ times -> 2 * subGaussianTextbookDeltaRadius proxy T delta t chosen < meanGap trueMean best chosen) (hproxy : forall t arm, t < T -> 0 < ((proxy t arm : NNReal) : Real)) (hsubG : forall t arm, t < T -> ProbabilityTheory.HasSubgaussianMGF (fun omega : Omega => empiricalMean omega t arm - trueMean arm) (proxy t arm) mu) : mu {omega : Omega | exists t, t ∈ times /\ confidenceScoreArgmaxAction hK empiricalMean (subGaussianTextbookDeltaRadius proxy T delta) omega t = chosen} <= ENNReal.ofReal delta
BanditRLProof.UCB.sum_measure_confidenceScoreArgmax_selectedLargeGapEventOn_le_card_mul_delta [theorem] BanditRLProof/Algorithms/UCB.lean:1905
  theorem sum_measure_confidenceScoreArgmax_selectedLargeGapEventOn_le_card_mul_delta {Omega : Type} [MeasurableSpace Omega] {K : Nat} (hK : 0 < K) (mu : Measure Omega) [IsFiniteMeasure mu] (trueMean : Fin K -> Real) (empiricalMean : Omega -> Nat -> Fin K -> Real) (proxy : Nat -> Fin K -> NNReal) (T : Nat) (delta : Real) (times : Finset Nat) (best chosen : Fin K) (hT : 0 < T) (hdelta : 0 < delta) (htimes : forall t, t ∈ times -> t < T) (hgap_large : forall t, t ∈ times -> 2 * subGaussianTextbookDeltaRadius proxy T delta t chosen < meanGap trueMean best chosen) (hproxy : forall t arm, t < T -> 0 < ((proxy t arm : NNReal) : Real)) (hsubG : forall t arm, t < T -> ProbabilityTheory.HasSubgaussianMGF (fun omega : Omega => empiricalMean omega t arm - trueMean arm) (proxy t arm) mu) : times.sum (fun t : Nat => mu {omega : Omega | confidenceScoreArgmaxAction hK empiricalMean (subGaussianTextbookDeltaRadius proxy T delta) omega t = chosen}) <= (times.card : ENNReal) * ENNReal.ofReal delta
BanditRLProof.UCB.lintegral_confidenceScoreArgmax_selectedLargeGapCountOn_le_card_mul_delta [theorem] BanditRLProof/Algorithms/UCB.lean:1960
  theorem lintegral_confidenceScoreArgmax_selectedLargeGapCountOn_le_card_mul_delta {Omega : Type} [MeasurableSpace Omega] {K : Nat} (hK : 0 < K) [MeasurableSpace (Fin K)] [MeasurableSingletonClass (Fin K)] (mu : Measure Omega) [IsFiniteMeasure mu] (trueMean : Fin K -> Real) (empiricalMean : Omega -> Nat -> Fin K -> Real) (proxy : Nat -> Fin K -> NNReal) (T : Nat) (delta : Real) (times : Finset Nat) (best chosen : Fin K) (hT : 0 < T) (hdelta : 0 < delta) (htimes : forall t, t ∈ times -> t < T) (hgap_large : forall t, t ∈ times -> 2 * subGaussianTextbookDeltaRadius proxy T delta t chosen < meanGap trueMean best chosen) (haction : forall t : Nat, Measurable (fun omega : Omega => confidenceScoreArgmaxAction hK empiricalMean (subGaussianTextbookDeltaRadius proxy T delta) omega t)) (hproxy : forall t arm, t < T -> 0 < ((proxy t arm : NNReal) : Real)) (hsubG : forall t arm, t < T -> ProbabilityTheory.HasSubgaussianMGF (fun omega : Omega => empiricalMean omega t arm - trueMean arm) (proxy t arm) mu) : MeasureTheory.lintegral mu (fun omega : Omega => times.sum (fun t : Nat => (({omega' : Omega | confidenceScoreArgmaxAction hK empiricalMean (subGaussianTextbookDeltaRadius proxy T delta) omega' t = chosen} : Set Omega).indicator (1 : Omega -> ENNReal)) omega)) <= (times.card : ENNReal) * ENNReal.ofReal delta
BanditRLProof.UCB.lintegral_confidenceScoreArgmax_pullCount_le_horizon_mul_delta [theorem] BanditRLProof/Algorithms/UCB.lean:2016
  theorem lintegral_confidenceScoreArgmax_pullCount_le_horizon_mul_delta {Omega : Type} [MeasurableSpace Omega] {K : Nat} (hK : 0 < K) [MeasurableSpace (Fin K)] [MeasurableSingletonClass (Fin K)] (mu : Measure Omega) [IsFiniteMeasure mu] (trueMean : Fin K -> Real) (empiricalMean : Omega -> Nat -> Fin K -> Real) (proxy : Nat -> Fin K -> NNReal) (T : Nat) (delta : Real) (best chosen : Fin K) (hT : 0 < T) (hdelta : 0 < delta) (hgap_large : forall t, t < T -> 2 * subGaussianTextbookDeltaRadius proxy T delta t chosen < meanGap trueMean best chosen) (haction : forall t : Nat, Measurable (fun omega : Omega => confidenceScoreArgmaxAction hK empiricalMean (subGaussianTextbookDeltaRadius proxy T delta) omega t)) (hproxy : forall t arm, t < T -> 0 < ((proxy t arm : NNReal) : Real)) (hsubG : forall t arm, t < T -> ProbabilityTheory.HasSubgaussianMGF (fun omega : Omega => empiricalMean omega t arm - trueMean arm) (proxy t arm) mu) : MeasureTheory.lintegral mu (fun omega : Omega => ((pullCount ((confidenceScoreArgmaxAction hK empiricalMean (subGaussianTextbookDeltaRadius proxy T delta)) omega) chosen T : Nat) : ENNReal)) <= (T : ENNReal) * ENNReal.ofReal delta
BanditRLProof.UCB.lintegral_confidenceScoreArgmax_pullCount_le_free_or_delta_sum [theorem] BanditRLProof/Algorithms/UCB.lean:2074
  theorem lintegral_confidenceScoreArgmax_pullCount_le_free_or_delta_sum {Omega : Type} [MeasurableSpace Omega] {K : Nat} (hK : 0 < K) [MeasurableSpace (Fin K)] [MeasurableSingletonClass (Fin K)] (mu : Measure Omega) [MeasureTheory.IsProbabilityMeasure mu] (trueMean : Fin K -> Real) (empiricalMean : Omega -> Nat -> Fin K -> Real) (proxy : Nat -> Fin K -> NNReal) (T : Nat) (delta : Real) (freeTimes chargedTimes : Finset Nat) (best chosen : Fin K) (hT : 0 < T) (hdelta : 0 < delta) (hcharged_of_not_free : forall t, t < T -> t ∉ freeTimes -> t ∈ chargedTimes) (hgap_large : forall t, t ∈ chargedTimes -> 2 * subGaussianTextbookDeltaRadius proxy T delta t chosen < meanGap trueMean best chosen) (haction : forall t : Nat, Measurable (fun omega : Omega => confidenceScoreArgmaxAction hK empiricalMean (subGaussianTextbookDeltaRadius proxy T delta) omega t)) (hproxy : forall t arm, t < T -> 0 < ((proxy t arm : NNReal) : Real)) (hsubG : forall t arm, t < T -> ProbabilityTheory.HasSubgaussianMGF (fun omega : Omega => empiricalMean omega t arm - trueMean arm) (proxy t arm) mu) : MeasureTheory.lintegral mu (fun omega : Omega => ((pullCount ((confidenceScoreArgmaxAction hK empiricalMean (subGaussianTextbookDeltaRadius proxy T delta)) omega) chosen T : Nat) : ENNReal)) <= (Finset.range T).sum (fun t : Nat => if t ∈ freeTimes then (1 : ENNReal) else ENNReal.ofReal delta)
BanditRLProof.UCB.lintegral_confidenceScoreArgmax_pullCount_le_freeBudget_add_horizon_delta [theorem] BanditRLProof/Algorithms/UCB.lean:2145
  theorem lintegral_confidenceScoreArgmax_pullCount_le_freeBudget_add_horizon_delta {Omega : Type} [MeasurableSpace Omega] {K : Nat} (hK : 0 < K) [MeasurableSpace (Fin K)] [MeasurableSingletonClass (Fin K)] (mu : Measure Omega) [MeasureTheory.IsProbabilityMeasure mu] (trueMean : Fin K -> Real) (empiricalMean : Omega -> Nat -> Fin K -> Real) (proxy : Nat -> Fin K -> NNReal) (T : Nat) (delta : Real) (freeTimes chargedTimes : Finset Nat) (freeBudget : ENNReal) (best chosen : Fin K) (hT : 0 < T) (hdelta : 0 < delta) (hfree_budget : (Finset.range T).sum (fun t : Nat => if t ∈ freeTimes then (1 : ENNReal) else 0) <= freeBudget) (hcharged_of_not_free : forall t, t < T -> t ∉ freeTimes -> t ∈ chargedTimes) (hgap_large : forall t, t ∈ chargedTimes -> 2 * subGaussianTextbookDeltaRadius proxy T delta t chosen < meanGap trueMean best chosen) (haction : forall t : Nat, Measurable (fun omega : Omega => confidenceScoreArgmaxAction hK empiricalMean (subGaussianTextbookDeltaRadius proxy T delta) omega t)) (hproxy : forall t arm, t < T -> 0 < ((proxy t arm : NNReal) : Real)) (hsubG : forall t arm, t < T -> ProbabilityTheory.HasSubgaussianMGF (fun omega : Omega => empiricalMean omega t arm - trueMean arm) (proxy t arm) mu) : MeasureTheory.lintegral mu (fun omega : Omega => ((pullCount ((confidenceScoreArgmaxAction hK empiricalMean (subGaussianTextbookDeltaRadius proxy T delta)) omega) chosen T : Nat) : ENNReal)) <= freeBudget + (T : ENNReal) * ENNReal.ofReal delta
BanditRLProof.UCB.measure_confidenceScoreArgmax_selectedLargePullCountEvent_le_subGaussian_textbookDeltaRadius_delta [theorem] BanditRLProof/Algorithms/UCB.lean:2667
  theorem measure_confidenceScoreArgmax_selectedLargePullCountEvent_le_subGaussian_textbookDeltaRadius_delta {Omega : Type} [MeasurableSpace Omega] {K : Nat} (hK : 0 < K) (mu : Measure Omega) [IsFiniteMeasure mu] (trueMean : Fin K -> Real) (empiricalMean : Omega -> Nat -> Fin K -> Real) (proxy : Nat -> Fin K -> NNReal) (T : Nat) (delta : Real) (t B : Nat) (best chosen : Fin K) (hT : 0 < T) (hdelta : 0 < delta) (ht : t < T) (hlarge_count_gap : forall omega : Omega, confidenceScoreArgmaxAction hK empiricalMean (subGaussianTextbookDeltaRadius proxy T delta) omega t = chosen -> B <= pullCount ((confidenceScoreArgmaxAction hK empiricalMean (subGaussianTextbookDeltaRadius proxy T delta)) omega) chosen t -> 2 * subGaussianTextbookDeltaRadius proxy T delta t chosen < meanGap trueMean best chosen) (hproxy : forall t arm, t < T -> 0 < ((proxy t arm : NNReal) : Real)) (hsubG : forall t arm, t < T -> ProbabilityTheory.HasSubgaussianMGF (fun omega : Omega => empiricalMean omega t arm - trueMean arm) (proxy t arm) mu) : mu {omega : Omega | confidenceScoreArgmaxAction hK empiricalMean (subGaussianTextbookDeltaRadius proxy T delta) omega t = chosen ∧ B <= pullCount ((confidenceScoreArgmaxAction hK empiricalMean (subGaussianTextbookDeltaRadius proxy T delta)) omega) chosen t} <= ENNReal.ofReal delta
BanditRLProof.UCB.sum_measure_confidenceScoreArgmax_selectedLargePullCountEvent_le_horizon_mul_delta [theorem] BanditRLProof/Algorithms/UCB.lean:2739
  theorem sum_measure_confidenceScoreArgmax_selectedLargePullCountEvent_le_horizon_mul_delta {Omega : Type} [MeasurableSpace Omega] {K : Nat} (hK : 0 < K) (mu : Measure Omega) [IsFiniteMeasure mu] (trueMean : Fin K -> Real) (empiricalMean : Omega -> Nat -> Fin K -> Real) (proxy : Nat -> Fin K -> NNReal) (T : Nat) (delta : Real) (B : Nat) (best chosen : Fin K) (hT : 0 < T) (hdelta : 0 < delta) (hlarge_count_gap : forall omega t, t < T -> confidenceScoreArgmaxAction hK empiricalMean (subGaussianTextbookDeltaRadius proxy T delta) omega t = chosen -> B <= pullCount ((confidenceScoreArgmaxAction hK empiricalMean (subGaussianTextbookDeltaRadius proxy T delta)) omega) chosen t -> 2 * subGaussianTextbookDeltaRadius proxy T delta t chosen < meanGap trueMean best chosen) (hproxy : forall t arm, t < T -> 0 < ((proxy t arm : NNReal) : Real)) (hsubG : forall t arm, t < T -> ProbabilityTheory.HasSubgaussianMGF (fun omega : Omega => empiricalMean omega t arm - trueMean arm) (proxy t arm) mu) : (Finset.range T).sum (fun t : Nat => mu {omega : Omega | confidenceScoreArgmaxAction hK empiricalMean (subGaussianTextbookDeltaRadius proxy T delta) omega t = chosen ∧ B <= pullCount ((confidenceScoreArgmaxAction hK empiricalMean (subGaussianTextbookDeltaRadius proxy T delta)) omega) chosen t}) <= (T : ENNReal) * ENNReal.ofReal delta
BanditRLProof.UCB.lintegral_confidenceScoreArgmax_selectedLargePullCount_indicator_sum_le_horizon_mul_delta [theorem] BanditRLProof/Algorithms/UCB.lean:2807
  theorem lintegral_confidenceScoreArgmax_selectedLargePullCount_indicator_sum_le_horizon_mul_delta {Omega : Type} [MeasurableSpace Omega] {K : Nat} (hK : 0 < K) [MeasurableSpace (Fin K)] [MeasurableSingletonClass (Fin K)] [MeasurableSpace Nat] [MeasurableAdd₂ Nat] [OpensMeasurableSpace Nat] (mu : Measure Omega) [IsFiniteMeasure mu] (trueMean : Fin K -> Real) (empiricalMean : Omega -> Nat -> Fin K -> Real) (proxy : Nat -> Fin K -> NNReal) (T : Nat) (delta : Real) (B : Nat) (best chosen : Fin K) (hT : 0 < T) (hdelta : 0 < delta) (haction : forall t : Nat, Measurable (fun omega : Omega => confidenceScoreArgmaxAction hK empiricalMean (subGaussianTextbookDeltaRadius proxy T delta) omega t)) (hlarge_count_gap : forall omega t, t < T -> confidenceScoreArgmaxAction hK empiricalMean (subGaussianTextbookDeltaRadius proxy T delta) omega t = chosen -> B <= pullCount ((confidenceScoreArgmaxAction hK empiricalMean (subGaussianTextbookDeltaRadius proxy T delta)) omega) chosen t -> 2 * subGaussianTextbookDeltaRadius proxy T delta t chosen < meanGap trueMean best chosen) (hproxy : forall t arm, t < T -> 0 < ((proxy t arm : NNReal) : Real)) (hsubG : forall t arm, t < T -> ProbabilityTheory.HasSubgaussianMGF (fun omega : Omega => empiricalMean omega t arm - trueMean arm) (proxy t arm) mu) : MeasureTheory.lintegral mu (fun omega : Omega => (Finset.range T).sum (fun t : Nat => if confidenceScoreArgmaxAction hK empiricalMean (subGaussianTextbookDeltaRadius proxy T delta) omega t = chosen ∧ B <= pullCount ((confidenceScoreArgmaxAction hK empiricalMean (subGaussianTextbookDeltaRadius proxy T delta)) omega) chosen t then (1 : ENNReal) else 0)) <= (T : ENNReal) * ENNReal.ofReal delta
BanditRLProof.UCB.lintegral_confidenceScoreArgmax_pullCount_le_threshold_add_horizon_delta_of_selectedLargePullCount [theorem] BanditRLProof/Algorithms/UCB.lean:2870
  theorem lintegral_confidenceScoreArgmax_pullCount_le_threshold_add_horizon_delta_of_selectedLargePullCount {Omega : Type} [MeasurableSpace Omega] {K : Nat} (hK : 0 < K) [MeasurableSpace (Fin K)] [MeasurableSingletonClass (Fin K)] [MeasurableSpace Nat] [MeasurableAdd₂ Nat] [OpensMeasurableSpace Nat] (mu : Measure Omega) [MeasureTheory.IsProbabilityMeasure mu] (trueMean : Fin K -> Real) (empiricalMean : Omega -> Nat -> Fin K -> Real) (proxy : Nat -> Fin K -> NNReal) (T : Nat) (delta : Real) (B : Nat) (best chosen : Fin K) (hT : 0 < T) (hdelta : 0 < delta) (haction : forall t : Nat, Measurable (fun omega : Omega => confidenceScoreArgmaxAction hK empiricalMean (subGaussianTextbookDeltaRadius proxy T delta) omega t)) (hlarge_count_gap : forall omega t, t < T -> confidenceScoreArgmaxAction hK empiricalMean (subGaussianTextbookDeltaRadius proxy T delta) omega t = chosen -> B <= pullCount ((confidenceScoreArgmaxAction hK empiricalMean (subGaussianTextbookDeltaRadius proxy T delta)) omega) chosen t -> 2 * subGaussianTextbookDeltaRadius proxy T delta t chosen < meanGap trueMean best chosen) (hproxy : forall t arm, t < T -> 0 < ((proxy t arm : NNReal) : Real)) (hsubG : forall t arm, t < T -> ProbabilityTheory.HasSubgaussianMGF (fun omega : Omega => empiricalMean omega t arm - trueMean arm) (proxy t arm) mu) : MeasureTheory.lintegral mu (fun omega : Omega => ((pullCount ((confidenceScoreArgmaxAction hK empiricalMean (subGaussianTextbookDeltaRadius proxy T delta)) omega) chosen T : Nat) : ENNReal)) <= (B : ENNReal) + (T : ENNReal) * ENNReal.ofReal delta
BanditRLProof.UCB.lintegral_confidenceScoreArgmax_pullCount_le_freeCard_add_horizon_delta [theorem] BanditRLProof/Algorithms/UCB.lean:2960
  theorem lintegral_confidenceScoreArgmax_pullCount_le_freeCard_add_horizon_delta {Omega : Type} [MeasurableSpace Omega] {K : Nat} (hK : 0 < K) [MeasurableSpace (Fin K)] [MeasurableSingletonClass (Fin K)] (mu : Measure Omega) [MeasureTheory.IsProbabilityMeasure mu] (trueMean : Fin K -> Real) (empiricalMean : Omega -> Nat -> Fin K -> Real) (proxy : Nat -> Fin K -> NNReal) (T : Nat) (delta : Real) (freeTimes chargedTimes : Finset Nat) (best chosen : Fin K) (hT : 0 < T) (hdelta : 0 < delta) (hcharged_of_not_free : forall t, t < T -> t ∉ freeTimes -> t ∈ chargedTimes) (hgap_large : forall t, t ∈ chargedTimes -> 2 * subGaussianTextbookDeltaRadius proxy T delta t chosen < meanGap trueMean best chosen) (haction : forall t : Nat, Measurable (fun omega : Omega => confidenceScoreArgmaxAction hK empiricalMean (subGaussianTextbookDeltaRadius proxy T delta) omega t)) (hproxy : forall t arm, t < T -> 0 < ((proxy t arm : NNReal) : Real)) (hsubG : forall t arm, t < T -> ProbabilityTheory.HasSubgaussianMGF (fun omega : Omega => empiricalMean omega t arm - trueMean arm) (proxy t arm) mu) : MeasureTheory.lintegral mu (fun omega : Omega => ((pullCount ((confidenceScoreArgmaxAction hK empiricalMean (subGaussianTextbookDeltaRadius proxy T delta)) omega) chosen T : Nat) : ENNReal)) <= (freeTimes.card : ENNReal) + (T : ENNReal) * ENNReal.ofReal delta
BanditRLProof.UCB.lintegral_confidenceScoreArgmax_pullCount_le_textbookDeltaRadiusFreeCard_add_horizon_delta [theorem] BanditRLProof/Algorithms/UCB.lean:3086
  theorem lintegral_confidenceScoreArgmax_pullCount_le_textbookDeltaRadiusFreeCard_add_horizon_delta {Omega : Type} [MeasurableSpace Omega] {K : Nat} (hK : 0 < K) [MeasurableSpace (Fin K)] [MeasurableSingletonClass (Fin K)] (mu : Measure Omega) [MeasureTheory.IsProbabilityMeasure mu] (trueMean : Fin K -> Real) (empiricalMean : Omega -> Nat -> Fin K -> Real) (proxy : Nat -> Fin K -> NNReal) (T : Nat) (delta : Real) (best chosen : Fin K) (hT : 0 < T) (hdelta : 0 < delta) (haction : forall t : Nat, Measurable (fun omega : Omega => confidenceScoreArgmaxAction hK empiricalMean (subGaussianTextbookDeltaRadius proxy T delta) omega t)) (hproxy : forall t arm, t < T -> 0 < ((proxy t arm : NNReal) : Real)) (hsubG : forall t arm, t < T -> ProbabilityTheory.HasSubgaussianMGF (fun omega : Omega => empiricalMean omega t arm - trueMean arm) (proxy t arm) mu) : MeasureTheory.lintegral mu (fun omega : Omega => ((pullCount ((confidenceScoreArgmaxAction hK empiricalMean (subGaussianTextbookDeltaRadius proxy T delta)) omega) chosen T : Nat) : ENNReal)) <= ((subGaussianTextbookDeltaRadiusFreeTimes trueMean proxy T delta best chosen).card : ENNReal) + (T : ENNReal) * ENNReal.ofReal delta
BanditRLProof.UCB.lintegral_confidenceScoreArgmax_pullCount_le_textbookDeltaRadiusThreshold_add_horizon_delta [theorem] BanditRLProof/Algorithms/UCB.lean:3189
  theorem lintegral_confidenceScoreArgmax_pullCount_le_textbookDeltaRadiusThreshold_add_horizon_delta {Omega : Type} [MeasurableSpace Omega] {K : Nat} (hK : 0 < K) [MeasurableSpace (Fin K)] [MeasurableSingletonClass (Fin K)] (mu : Measure Omega) [MeasureTheory.IsProbabilityMeasure mu] (trueMean : Fin K -> Real) (empiricalMean : Omega -> Nat -> Fin K -> Real) (proxy : Nat -> Fin K -> NNReal) (T : Nat) (delta : Real) (best chosen : Fin K) (B : Nat) (hT : 0 < T) (hdelta : 0 < delta) (hlarge_after : forall t, t < T -> B <= t -> 2 * subGaussianTextbookDeltaRadius proxy T delta t chosen < meanGap trueMean best chosen) (haction : forall t : Nat, Measurable (fun omega : Omega => confidenceScoreArgmaxAction hK empiricalMean (subGaussianTextbookDeltaRadius proxy T delta) omega t)) (hproxy : forall t arm, t < T -> 0 < ((proxy t arm : NNReal) : Real)) (hsubG : forall t arm, t < T -> ProbabilityTheory.HasSubgaussianMGF (fun omega : Omega => empiricalMean omega t arm - trueMean arm) (proxy t arm) mu) : MeasureTheory.lintegral mu (fun omega : Omega => ((pullCount ((confidenceScoreArgmaxAction hK empiricalMean (subGaussianTextbookDeltaRadius proxy T delta)) omega) chosen T : Nat) : ENNReal)) <= (B : ENNReal) + (T : ENNReal) * ENNReal.ofReal delta
BanditRLProof.UCB.lintegral_confidenceScoreArgmax_pullCount_le_textbookDeltaRadiusHalfGapThreshold_add_horizon_delta [theorem] BanditRLProof/Algorithms/UCB.lean:3255
  theorem lintegral_confidenceScoreArgmax_pullCount_le_textbookDeltaRadiusHalfGapThreshold_add_horizon_delta {Omega : Type} [MeasurableSpace Omega] {K : Nat} (hK : 0 < K) [MeasurableSpace (Fin K)] [MeasurableSingletonClass (Fin K)] (mu : Measure Omega) [MeasureTheory.IsProbabilityMeasure mu] (trueMean : Fin K -> Real) (empiricalMean : Omega -> Nat -> Fin K -> Real) (proxy : Nat -> Fin K -> NNReal) (T : Nat) (delta : Real) (best chosen : Fin K) (B : Nat) (hT : 0 < T) (hdelta : 0 < delta) (hhalf_after : forall t, t < T -> B <= t -> subGaussianTextbookDeltaRadius proxy T delta t chosen < meanGap trueMean best chosen / 2) (haction : forall t : Nat, Measurable (fun omega : Omega => confidenceScoreArgmaxAction hK empiricalMean (subGaussianTextbookDeltaRadius proxy T delta) omega t)) (hproxy : forall t arm, t < T -> 0 < ((proxy t arm : NNReal) : Real)) (hsubG : forall t arm, t < T -> ProbabilityTheory.HasSubgaussianMGF (fun omega : Omega => empiricalMean omega t arm - trueMean arm) (proxy t arm) mu) : MeasureTheory.lintegral mu (fun omega : Omega => ((pullCount ((confidenceScoreArgmaxAction hK empiricalMean (subGaussianTextbookDeltaRadius proxy T delta)) omega) chosen T : Nat) : ENNReal)) <= (B : ENNReal) + (T : ENNReal) * ENNReal.ofReal delta
BanditRLProof.UCB.lintegral_confidenceScoreArgmax_pullCount_le_textbookDeltaRadiusEightProxyLogThreshold_add_horizon_delta [theorem] BanditRLProof/Algorithms/UCB.lean:3350
  theorem lintegral_confidenceScoreArgmax_pullCount_le_textbookDeltaRadiusEightProxyLogThreshold_add_horizon_delta {Omega : Type} [MeasurableSpace Omega] {K : Nat} (hK : 0 < K) [MeasurableSpace (Fin K)] [MeasurableSingletonClass (Fin K)] (mu : Measure Omega) [MeasureTheory.IsProbabilityMeasure mu] (trueMean : Fin K -> Real) (empiricalMean : Omega -> Nat -> Fin K -> Real) (proxy : Nat -> Fin K -> NNReal) (T : Nat) (delta : Real) (best chosen : Fin K) (B : Nat) (hT : 0 < T) (hdelta : 0 < delta) (hgap_pos : 0 < meanGap trueMean best chosen) (height_after : forall t, t < T -> B <= t -> 8 * ((proxy t chosen : NNReal) : Real) * Real.log (textbookDeltaScale (Arm := Fin K) T delta) < (meanGap trueMean best chosen) ^ 2) (haction : forall t : Nat, Measurable (fun omega : Omega => confidenceScoreArgmaxAction hK empiricalMean (subGaussianTextbookDeltaRadius proxy T delta) omega t)) (hproxy : forall t arm, t < T -> 0 < ((proxy t arm : NNReal) : Real)) (hsubG : forall t arm, t < T -> ProbabilityTheory.HasSubgaussianMGF (fun omega : Omega => empiricalMean omega t arm - trueMean arm) (proxy t arm) mu) : MeasureTheory.lintegral mu (fun omega : Omega => ((pullCount ((confidenceScoreArgmaxAction hK empiricalMean (subGaussianTextbookDeltaRadius proxy T delta)) omega) chosen T : Nat) : ENNReal)) <= (B : ENNReal) + (T : ENNReal) * ENNReal.ofReal delta
BanditRLProof.UCB.lintegral_confidenceScoreArgmax_pullCount_le_textbookDeltaRadiusProxyThreshold_add_horizon_delta [theorem] BanditRLProof/Algorithms/UCB.lean:3446
  theorem lintegral_confidenceScoreArgmax_pullCount_le_textbookDeltaRadiusProxyThreshold_add_horizon_delta {Omega : Type} [MeasurableSpace Omega] {K : Nat} (hK : 0 < K) [MeasurableSpace (Fin K)] [MeasurableSingletonClass (Fin K)] (mu : Measure Omega) [MeasureTheory.IsProbabilityMeasure mu] (trueMean : Fin K -> Real) (empiricalMean : Omega -> Nat -> Fin K -> Real) (proxy : Nat -> Fin K -> NNReal) (T : Nat) (delta : Real) (best chosen : Fin K) (B : Nat) (hT : 0 < T) (hdelta : 0 < delta) (hgap_pos : 0 < meanGap trueMean best chosen) (hlog_pos : 0 < Real.log (textbookDeltaScale (Arm := Fin K) T delta)) (hproxy_small_after : forall t, t < T -> B <= t -> ((proxy t chosen : NNReal) : Real) < (meanGap trueMean best chosen) ^ 2 / (8 * Real.log (textbookDeltaScale (Arm := Fin K) T delta))) (haction : forall t : Nat, Measurable (fun omega : Omega => confidenceScoreArgmaxAction hK empiricalMean (subGaussianTextbookDeltaRadius proxy T delta) omega t)) (hproxy : forall t arm, t < T -> 0 < ((proxy t arm : NNReal) : Real)) (hsubG : forall t arm, t < T -> ProbabilityTheory.HasSubgaussianMGF (fun omega : Omega => empiricalMean omega t arm - trueMean arm) (proxy t arm) mu) : MeasureTheory.lintegral mu (fun omega : Omega => ((pullCount ((confidenceScoreArgmaxAction hK empiricalMean (subGaussianTextbookDeltaRadius proxy T delta)) omega) chosen T : Nat) : ENNReal)) <= (B : ENNReal) + (T : ENNReal) * ENNReal.ofReal delta
BanditRLProof.UCB.lintegral_confidenceScoreArgmax_pullCount_le_textbookDeltaRadiusSampleCountThreshold_add_horizon_delta [theorem] BanditRLProof/Algorithms/UCB.lean:3542
  theorem lintegral_confidenceScoreArgmax_pullCount_le_textbookDeltaRadiusSampleCountThreshold_add_horizon_delta {Omega : Type} [MeasurableSpace Omega] {K : Nat} (hK : 0 < K) [MeasurableSpace (Fin K)] [MeasurableSingletonClass (Fin K)] (mu : Measure Omega) [MeasureTheory.IsProbabilityMeasure mu] (trueMean : Fin K -> Real) (empiricalMean : Omega -> Nat -> Fin K -> Real) (proxy : Nat -> Fin K -> NNReal) (T : Nat) (delta : Real) (best chosen : Fin K) (B : Nat) (varianceProxy : NNReal) (count : Nat -> Fin K -> Nat) (hT : 0 < T) (hdelta : 0 < delta) (hgap_pos : 0 < meanGap trueMean best chosen) (hlog_pos : 0 < Real.log (textbookDeltaScale (Arm := Fin K) T delta)) (hcount_pos_after : forall t, t < T -> B <= t -> 0 < count t chosen) (hproxy_le_after : forall t, t < T -> B <= t -> ((proxy t chosen : NNReal) : Real) <= ((varianceProxy : NNReal) : Real) / (count t chosen : Real)) (hcount_large_after : forall t, t < T -> B <= t -> 8 * ((varianceProxy : NNReal) : Real) * Real.log (textbookDeltaScale (Arm := Fin K) T delta) < (meanGap trueMean best chosen) ^ 2 * (count t chosen : Real)) (haction : forall t : Nat, Measurable (fun omega : Omega => confidenceScoreArgmaxAction hK empiricalMean (subGaussianTextbookDeltaRadius proxy T delta) omega t)) (hproxy : forall t arm, t < T -> 0 < ((proxy t arm : NNReal) : Real)) (hsubG : forall t arm, t < T -> ProbabilityTheory.HasSubgaussianMGF (fun omega : Omega => empiricalMean omega t arm - trueMean arm) (proxy t arm) mu) : MeasureTheory.lintegral mu (fun omega : Omega => ((pullCount ((confidenceScoreArgmaxAction hK empiricalMean (subGaussianTextbookDeltaRadius proxy T delta)) omega) chosen T : Nat) : ENNReal)) <= (B : ENNReal) + (T : ENNReal) * ENNReal.ofReal delta
BanditRLProof.UCB.lintegral_confidenceScoreArgmax_pullCount_le_textbookDeltaRadiusSampleCountLowerBound_add_horizon_delta [theorem] BanditRLProof/Algorithms/UCB.lean:3637
  theorem lintegral_confidenceScoreArgmax_pullCount_le_textbookDeltaRadiusSampleCountLowerBound_add_horizon_delta {Omega : Type} [MeasurableSpace Omega] {K : Nat} (hK : 0 < K) [MeasurableSpace (Fin K)] [MeasurableSingletonClass (Fin K)] (mu : Measure Omega) [MeasureTheory.IsProbabilityMeasure mu] (trueMean : Fin K -> Real) (empiricalMean : Omega -> Nat -> Fin K -> Real) (proxy : Nat -> Fin K -> NNReal) (T : Nat) (delta : Real) (best chosen : Fin K) (B : Nat) (varianceProxy : NNReal) (count : Nat -> Fin K -> Nat) (hT : 0 < T) (hdelta : 0 < delta) (hgap_pos : 0 < meanGap trueMean best chosen) (hlog_pos : 0 < Real.log (textbookDeltaScale (Arm := Fin K) T delta)) (hB_pos : 0 < B) (hthreshold_lt_B : 8 * ((varianceProxy : NNReal) : Real) * Real.log (textbookDeltaScale (Arm := Fin K) T delta) / (meanGap trueMean best chosen) ^ 2 < (B : Real)) (hcount_lower_after : forall t, t < T -> B <= t -> B <= count t chosen) (hproxy_le_after : forall t, t < T -> B <= t -> ((proxy t chosen : NNReal) : Real) <= ((varianceProxy : NNReal) : Real) / (count t chosen : Real)) (haction : forall t : Nat, Measurable (fun omega : Omega => confidenceScoreArgmaxAction hK empiricalMean (subGaussianTextbookDeltaRadius proxy T delta) omega t)) (hproxy : forall t arm, t < T -> 0 < ((proxy t arm : NNReal) : Real)) (hsubG : forall t arm, t < T -> ProbabilityTheory.HasSubgaussianMGF (fun omega : Omega => empiricalMean omega t arm - trueMean arm) (proxy t arm) mu) : MeasureTheory.lintegral mu (fun omega : Omega => ((pullCount ((confidenceScoreArgmaxAction hK empiricalMean (subGaussianTextbookDeltaRadius proxy T delta)) omega) chosen T : Nat) : ENNReal)) <= (B : ENNReal) + (T : ENNReal) * ENNReal.ofReal delta
BanditRLProof.UCB.lintegral_confidenceScoreArgmax_pullCount_le_textbookDeltaRadiusRecursiveSampleCount_add_horizon_delta [theorem] BanditRLProof/Algorithms/UCB.lean:3704
  theorem lintegral_confidenceScoreArgmax_pullCount_le_textbookDeltaRadiusRecursiveSampleCount_add_horizon_delta {Omega : Type} [MeasurableSpace Omega] {K : Nat} (hK : 0 < K) [MeasurableSpace (Fin K)] [MeasurableSingletonClass (Fin K)] [MeasurableSpace Nat] [MeasurableAdd₂ Nat] [OpensMeasurableSpace Nat] (mu : Measure Omega) [MeasureTheory.IsProbabilityMeasure mu] (trueMean : Fin K -> Real) (empiricalMean : Omega -> Nat -> Fin K -> Real) (proxy : Nat -> Fin K -> NNReal) (T : Nat) (delta : Real) (B : Nat) (best chosen : Fin K) (varianceProxy : NNReal) (hT : 0 < T) (hdelta : 0 < delta) (hgap_pos : 0 < meanGap trueMean best chosen) (hlog_pos : 0 < Real.log (textbookDeltaScale (Arm := Fin K) T delta)) (hB_pos : 0 < B) (hthreshold_lt_B : 8 * ((varianceProxy : NNReal) : Real) * Real.log (textbookDeltaScale (Arm := Fin K) T delta) / (meanGap trueMean best chosen) ^ 2 < (B : Real)) (haction : forall t : Nat, Measurable (fun omega : Omega => confidenceScoreArgmaxAction hK empiricalMean (subGaussianTextbookDeltaRadius proxy T delta) omega t)) (hproxy_le_selected_large : forall omega t, t < T -> confidenceScoreArgmaxAction hK empiricalMean (subGaussianTextbookDeltaRadius proxy T delta) omega t = chosen -> B <= pullCount ((confidenceScoreArgmaxAction hK empiricalMean (subGaussianTextbookDeltaRadius proxy T delta)) omega) chosen t -> ((proxy t chosen : NNReal) : Real) <= ((varianceProxy : NNReal) : Real) / (pullCount ((confidenceScoreArgmaxAction hK empiricalMean (subGaussianTextbookDeltaRadius proxy T delta)) omega) chosen t : Real)) (hproxy : forall t arm, t < T -> 0 < ((proxy t arm : NNReal) : Real)) (hsubG : forall t arm, t < T -> ProbabilityTheory.HasSubgaussianMGF (fun omega : Omega => empiricalMean omega t arm - trueMean arm) (proxy t arm) mu) : MeasureTheory.lintegral mu (fun omega : Omega => ((pullCount ((confidenceScoreArgmaxAction hK empiricalMean (subGaussianTextbookDeltaRadius proxy T delta)) omega) chosen T : Nat) : ENNReal)) <= (B : ENNReal) + (T : ENNReal) * ENNReal.ofReal delta
BanditRLProof.UCB.lintegral_confidenceScoreArgmax_pullCount_le_textbookDeltaRadiusSampleCountSource_add_horizon_delta [theorem] BanditRLProof/Algorithms/UCB.lean:3801
  theorem lintegral_confidenceScoreArgmax_pullCount_le_textbookDeltaRadiusSampleCountSource_add_horizon_delta {Omega : Type} [MeasurableSpace Omega] {K : Nat} (hK : 0 < K) [MeasurableSpace (Fin K)] [MeasurableSingletonClass (Fin K)] [MeasurableSpace Nat] [MeasurableAdd₂ Nat] [OpensMeasurableSpace Nat] (mu : Measure Omega) [MeasureTheory.IsProbabilityMeasure mu] (trueMean : Fin K -> Real) (empiricalMean : Omega -> Nat -> Fin K -> Real) (proxy : Nat -> Fin K -> NNReal) (T : Nat) (delta : Real) (B : Nat) (best chosen : Fin K) (varianceProxy : NNReal) (sampleCount : Omega -> Nat -> Fin K -> Nat) (hT : 0 < T) (hdelta : 0 < delta) (hgap_pos : 0 < meanGap trueMean best chosen) (hlog_pos : 0 < Real.log (textbookDeltaScale (Arm := Fin K) T delta)) (hB_pos : 0 < B) (hthreshold_lt_B : 8 * ((varianceProxy : NNReal) : Real) * Real.log (textbookDeltaScale (Arm := Fin K) T delta) / (meanGap trueMean best chosen) ^ 2 < (B : Real)) (haction : forall t : Nat, Measurable (fun omega : Omega => confidenceScoreArgmaxAction hK empiricalMean (subGaussianTextbookDeltaRadius proxy T delta) omega t)) (hsampleCount_eq_pullCount_selected_large : forall omega t, t < T -> confidenceScoreArgmaxAction hK empiricalMean (subGaussianTextbookDeltaRadius proxy T delta) omega t = chosen -> B <= pullCount ((confidenceScoreArgmaxAction hK empiricalMean (subGaussianTextbookDeltaRadius proxy T delta)) omega) chosen t -> sampleCount omega t chosen = pullCount ((confidenceScoreArgmaxAction hK empiricalMean (subGaussianTextbookDeltaRadius proxy T delta)) omega) chosen t) (hproxy_le_sampleCount_selected_large : forall omega t, t < T -> confidenceScoreArgmaxAction hK empiricalMean (subGaussianTextbookDeltaRadius proxy T delta) omega t = chosen -> B <= pullCount ((confidenceScoreArgmaxAction hK empiricalMean (subGaussianTextbookDeltaRadius proxy T delta)) omega) chosen t -> ((proxy t chosen : NNReal) : Real) <= ((varianceProxy : NNReal) : Real) / (sampleCount omega t chosen : Real)) (hproxy : forall t arm, t < T -> 0 < ((proxy t arm : NNReal) : Real)) (hsubG : forall t arm, t < T -> ProbabilityTheory.HasSubgaussianMGF (fun omega : Omega => empiricalMean omega t arm - trueMean arm) (proxy t arm) mu) : MeasureTheory.lintegral mu (fun omega : Omega => ((pullCount ((confidenceScoreArgmaxAction hK empiricalMean (subGaussianTextbookDeltaRadius proxy T delta)) omega) chosen T : Nat) : ENNReal)) <= (B : ENNReal) + (T : ENNReal) * ENNReal.ofReal delta
BanditRLProof.UCB.lintegral_historyAction_pullCount_le_textbookDeltaRadiusSampleCountSource_add_horizon_delta [theorem] BanditRLProof/Algorithms/UCB.lean:3888
  theorem lintegral_historyAction_pullCount_le_textbookDeltaRadiusSampleCountSource_add_horizon_delta {Omega : Type} [MeasurableSpace Omega] {K : Nat} (hK : 0 < K) [MeasurableSpace (Fin K)] [MeasurableSingletonClass (Fin K)] [MeasurableSpace Nat] [MeasurableAdd₂ Nat] [OpensMeasurableSpace Nat] (mu : Measure Omega) [MeasureTheory.IsProbabilityMeasure mu] (trueMean : Fin K -> Real) (empiricalMean : Omega -> Nat -> Fin K -> Real) (proxy : Nat -> Fin K -> NNReal) (T : Nat) (delta : Real) (B : Nat) (best chosen : Fin K) (varianceProxy : NNReal) (historyAction : Omega -> ActionTrace (Fin K)) (hT : 0 < T) (hdelta : 0 < delta) (hgap_pos : 0 < meanGap trueMean best chosen) (hlog_pos : 0 < Real.log (textbookDeltaScale (Arm := Fin K) T delta)) (hB_pos : 0 < B) (hthreshold_lt_B : 8 * ((varianceProxy : NNReal) : Real) * Real.log (textbookDeltaScale (Arm := Fin K) T delta) / (meanGap trueMean best chosen) ^ 2 < (B : Real)) (haction : forall t : Nat, Measurable (fun omega : Omega => confidenceScoreArgmaxAction hK empiricalMean (subGaussianTextbookDeltaRadius proxy T delta) omega t)) (hhistoryAction_eq_argmax : forall omega t, t < T -> historyAction omega t = confidenceScoreArgmaxAction hK empiricalMean (subGaussianTextbookDeltaRadius proxy T delta) omega t) (hproxy_le_history_selected_large : forall omega t, t < T -> historyAction omega t = chosen -> B <= pullCount (historyAction omega) chosen t -> ((proxy t chosen : NNReal) : Real) <= ((varianceProxy : NNReal) : Real) / (pullCount (historyAction omega) chosen t : Real)) (hproxy : forall t arm, t < T -> 0 < ((proxy t arm : NNReal) : Real)) (hsubG : forall t arm, t < T -> ProbabilityTheory.HasSubgaussianMGF (fun omega : Omega => empiricalMean omega t arm - trueMean arm) (proxy t arm) mu) : MeasureTheory.lintegral mu (fun omega : Omega => ((pullCount (historyAction omega) chosen T : Nat) : ENNReal)) <= (B : ENNReal) + (T : ENNReal) * ENNReal.ofReal delta
BanditRLProof.UCB.lintegral_generatedActionTrace_pullCount_le_textbookDeltaRadiusSampleCountSource_add_horizon_delta [theorem] BanditRLProof/Algorithms/UCB.lean:4009
  theorem lintegral_generatedActionTrace_pullCount_le_textbookDeltaRadiusSampleCountSource_add_horizon_delta {Omega State : Type} [MeasurableSpace Omega] [MeasurableSpace State] {K : Nat} (hK : 0 < K) [MeasurableSpace (Fin K)] [MeasurableSingletonClass (Fin K)] [MeasurableSpace Nat] [MeasurableAdd₂ Nat] [OpensMeasurableSpace Nat] (mu : Measure Omega) [MeasureTheory.IsProbabilityMeasure mu] (trueMean : Fin K -> Real) (empiricalMean : Omega -> Nat -> Fin K -> Real) (proxy : Nat -> Fin K -> NNReal) (T : Nat) (delta : Real) (B : Nat) (best chosen : Fin K) (varianceProxy : NNReal) (policy : Policy.MeasurablePolicy State (Fin K)) (state : Nat -> Omega -> State) (hT : 0 < T) (hdelta : 0 < delta) (hgap_pos : 0 < meanGap trueMean best chosen) (hlog_pos : 0 < Real.log (textbookDeltaScale (Arm := Fin K) T delta)) (hB_pos : 0 < B) (hthreshold_lt_B : 8 * ((varianceProxy : NNReal) : Real) * Real.log (textbookDeltaScale (Arm := Fin K) T delta) / (meanGap trueMean best chosen) ^ 2 < (B : Real)) (hstate : forall t : Nat, Measurable (state t)) (hgenerated_eq_argmax : forall omega t, (Policy.generatedActionTrace policy state omega) t = confidenceScoreArgmaxAction hK empiricalMean (subGaussianTextbookDeltaRadius proxy T delta) omega t) (hproxy_le_generated_selected_large : forall omega t, t < T -> (Policy.generatedActionTrace policy state omega) t = chosen -> B <= pullCount (Policy.generatedActionTrace policy state omega) chosen t -> ((proxy t chosen : NNReal) : Real) <= ((varianceProxy : NNReal) : Real) / (pullCount (Policy.generatedActionTrace policy state omega) chosen t : Real)) (hproxy : forall t arm, t < T -> 0 < ((proxy t arm : NNReal) : Real)) (hsubG : forall t arm, t < T -> ProbabilityTheory.HasSubgaussianMGF (fun omega : Omega => empiricalMean omega t arm - trueMean arm) (proxy t arm) mu) : MeasureTheory.lintegral mu (fun omega : Omega => ((pullCount (Policy.generatedActionTrace policy state omega) chosen T : Nat) : ENNReal)) <= (B : ENNReal) + (T : ENNReal) * ENNReal.ofReal delta
BanditRLProof.UCB.confidenceScoreArgmaxGeneratedState [def] BanditRLProof/Algorithms/UCB.lean:4099
  noncomputable def confidenceScoreArgmaxGeneratedState {Omega : Type} {K : Nat} (hK : 0 < K) (empiricalMean : Omega -> Nat -> Fin K -> Real) (proxy : Nat -> Fin K -> NNReal) (T : Nat) (delta : Real) : Nat -> Omega -> Fin K
BanditRLProof.UCB.confidenceScoreArgmaxGeneratedTrace [def] BanditRLProof/Algorithms/UCB.lean:4109
  noncomputable def confidenceScoreArgmaxGeneratedTrace {Omega : Type} {K : Nat} (hK : 0 < K) [MeasurableSpace (Fin K)] (empiricalMean : Omega -> Nat -> Fin K -> Real) (proxy : Nat -> Fin K -> NNReal) (T : Nat) (delta : Real) : Omega -> ActionTrace (Fin K)
BanditRLProof.UCB.lintegral_confidenceScoreArgmaxGeneratedTrace_pullCount_le_textbookDeltaRadiusSampleCountSource_add_horizon_delta [theorem] BanditRLProof/Algorithms/UCB.lean:4126
  theorem lintegral_confidenceScoreArgmaxGeneratedTrace_pullCount_le_textbookDeltaRadiusSampleCountSource_add_horizon_delta {Omega : Type} [MeasurableSpace Omega] {K : Nat} (hK : 0 < K) [MeasurableSpace (Fin K)] [MeasurableSingletonClass (Fin K)] [MeasurableSpace Nat] [MeasurableAdd₂ Nat] [OpensMeasurableSpace Nat] (mu : Measure Omega) [MeasureTheory.IsProbabilityMeasure mu] (trueMean : Fin K -> Real) (empiricalMean : Omega -> Nat -> Fin K -> Real) (proxy : Nat -> Fin K -> NNReal) (T : Nat) (delta : Real) (B : Nat) (best chosen : Fin K) (varianceProxy : NNReal) (hT : 0 < T) (hdelta : 0 < delta) (hgap_pos : 0 < meanGap trueMean best chosen) (hlog_pos : 0 < Real.log (textbookDeltaScale (Arm := Fin K) T delta)) (hB_pos : 0 < B) (hthreshold_lt_B : 8 * ((varianceProxy : NNReal) : Real) * Real.log (textbookDeltaScale (Arm := Fin K) T delta) / (meanGap trueMean best chosen) ^ 2 < (B : Real)) (haction : forall t : Nat, Measurable (fun omega : Omega => confidenceScoreArgmaxAction hK empiricalMean (subGaussianTextbookDeltaRadius proxy T delta) omega t)) (hproxy_le_generated_selected_large : forall omega t, t < T -> (confidenceScoreArgmaxGeneratedTrace hK empiricalMean proxy T delta omega) t = chosen -> B <= pullCount (confidenceScoreArgmaxGeneratedTrace hK empiricalMean proxy T delta omega) chosen t -> ((proxy t chosen : NNReal) : Real) <= ((varianceProxy : NNReal) : Real) / (pullCount (confidenceScoreArgmaxGeneratedTrace hK empiricalMean proxy T delta omega) chosen t : Real)) (hproxy : forall t arm, t < T -> 0 < ((proxy t arm : NNReal) : Real)) (hsubG : forall t arm, t < T -> ProbabilityTheory.HasSubgaussianMGF (fun omega : Omega => empiricalMean omega t arm - trueMean arm) (proxy t arm) mu) : MeasureTheory.lintegral mu (fun omega : Omega => ((pullCount (confidenceScoreArgmaxGeneratedTrace hK empiricalMean proxy T delta omega) chosen T : Nat) : ENNReal)) <= (B : ENNReal) + (T : ENNReal) * ENNReal.ofReal delta
BanditRLProof.UCB.measure_absDeviation_le_subGaussian_tail [theorem] BanditRLProof/Algorithms/UCB.lean:4214
  theorem measure_absDeviation_le_subGaussian_tail {Omega Arm : Type} [MeasurableSpace Omega] (mu : Measure Omega) [IsFiniteMeasure mu] (trueMean : Arm -> Real) (empiricalMean : Omega -> Nat -> Arm -> Real) (radius : Nat -> Arm -> Real) (proxy : Nat -> Arm -> NNReal) (t : Nat) (arm : Arm) (hradius : 0 <= radius t arm) (hsubG : ProbabilityTheory.HasSubgaussianMGF (fun omega : Omega => empiricalMean omega t arm - trueMean arm) (proxy t arm) mu) : mu {omega | radius t arm <= |empiricalMean omega t arm - trueMean arm|} <= subGaussianAbsDeviationTail radius proxy t arm
BanditRLProof.UCB.measure_finiteHorizonConfidenceBadEvent_le_subGaussian_tail_sum [theorem] BanditRLProof/Algorithms/UCB.lean:4298
  theorem measure_finiteHorizonConfidenceBadEvent_le_subGaussian_tail_sum {Omega Arm : Type} [MeasurableSpace Omega] [Fintype Arm] (mu : Measure Omega) [IsFiniteMeasure mu] (trueMean : Arm -> Real) (empiricalMean : Omega -> Nat -> Arm -> Real) (radius : Nat -> Arm -> Real) (proxy : Nat -> Arm -> NNReal) (T : Nat) (hradius : forall t arm, t < T -> 0 <= radius t arm) (hsubG : forall t arm, t < T -> ProbabilityTheory.HasSubgaussianMGF (fun omega : Omega => empiricalMean omega t arm - trueMean arm) (proxy t arm) mu) : mu (finiteHorizonConfidenceBadEvent trueMean empiricalMean radius T) <= (Finset.range T).sum (fun t => (Finset.univ : Finset Arm).sum (fun arm => subGaussianAbsDeviationTail radius proxy t arm + subGaussianAbsDeviationTail radius proxy t arm))
BanditRLProof.UCB.meanGap_le_two_realWidth_of_selected [theorem] BanditRLProof/Algorithms/UCBArmStreamExpectedPullCount.lean:120
  theorem meanGap_le_two_realWidth_of_selected {K : Nat} (hK : 0 < K) (c : Real) (stream : ArmRewardStream K) (t : Nat) (ht : K <= t) (trueMean : Fin K -> Real) (best chosen : Fin K) (hselected : armStreamAction hK c stream t = chosen) (hbest : trueMean best <= realEmpiricalMean (armStreamAction hK c stream) (armStreamReward hK c stream) best t + realWidth (armStreamAction hK c stream) c best t) (hchosen : realEmpiricalMean (armStreamAction hK c stream) (armStreamReward hK c stream) chosen t - realWidth (armStreamAction hK c stream) c chosen t <= trueMean chosen) : meanGap trueMean best chosen <= 2 * realWidth (armStreamAction hK c stream) c chosen t
BanditRLProof.UCB.armPrefixEmpiricalMean [def] BanditRLProof/Algorithms/UCBArmStreamTail.lean:169
  noncomputable def armPrefixEmpiricalMean {K : Nat} (arm : Fin K) (k : Nat) (stream : ArmRewardStream K) : Real
BanditRLProof.UCB.measure_armPrefixAverageConfidenceRadius_le_abs_empiricalMean_sub [theorem] BanditRLProof/Algorithms/UCBArmStreamTail.lean:188
  theorem measure_armPrefixAverageConfidenceRadius_le_abs_empiricalMean_sub {K : Nat} (nu : Kernel (Fin K) Real) [IsMarkovKernel nu] (arm : Fin K) (mean : Real) (sigma2 : NNReal) (hsubG : HasSubgaussianMGF (fun reward => reward - mean) sigma2 (nu arm)) (k : Nat) (hk : 0 < k) (hsigma2 : sigma2 ≠ 0) (delta : Real) (hdelta : 0 < delta) (hdelta_le_one : delta <= 1) : armStreamMeasure nu {stream : ArmRewardStream K | armPrefixAverageConfidenceRadius sigma2 k delta <= |armPrefixEmpiricalMean arm k stream - mean|} <= ENNReal.ofReal delta
BanditRLProof.UCB.countWidthThreshold_le_mul_mean_sub_sumRewards_of_empiricalMean_add_width_le [theorem] BanditRLProof/Algorithms/UCBArmStreamTail.lean:538
  theorem countWidthThreshold_le_mul_mean_sub_sumRewards_of_empiricalMean_add_width_le {K : Nat} (action : ActionTrace (Fin K)) (reward : RewardTrace Real) (arm : Fin K) (n : Nat) (mean c : Real) (sigma2 : NNReal) (hcount : 0 < pullCount action arm n) (hindex : realEmpiricalMean action reward arm n + realWidth action (c * (sigma2 : Real)) arm n <= mean) : countWidthThreshold c sigma2 n (pullCount action arm n) <= (pullCount action arm n : Real) * mean - sumRewards action reward arm n
BanditRLProof.UCB.countWidthThreshold_le_sumRewards_sub_mul_mean_of_mean_le_empiricalMean_sub_width [theorem] BanditRLProof/Algorithms/UCBArmStreamTail.lean:566
  theorem countWidthThreshold_le_sumRewards_sub_mul_mean_of_mean_le_empiricalMean_sub_width {K : Nat} (action : ActionTrace (Fin K)) (reward : RewardTrace Real) (arm : Fin K) (n : Nat) (mean c : Real) (sigma2 : NNReal) (hcount : 0 < pullCount action arm n) (hindex : mean <= realEmpiricalMean action reward arm n - realWidth action (c * (sigma2 : Real)) arm n) : countWidthThreshold c sigma2 n (pullCount action arm n) <= sumRewards action reward arm n - (pullCount action arm n : Real) * mean
BanditRLProof.UCB.measure_realEmpiricalMean_add_realWidth_le_mean [theorem] BanditRLProof/Algorithms/UCBArmStreamTail.lean:597
  theorem measure_realEmpiricalMean_add_realWidth_le_mean {K : Nat} (hK : 0 < K) (c : Real) (nu : Kernel (Fin K) Real) [IsMarkovKernel nu] (arm : Fin K) (mean : Real) (sigma2 : NNReal) (hsubG : HasSubgaussianMGF (fun reward => reward - mean) sigma2 (nu arm)) (n : Nat) : armStreamMeasure nu {stream : ArmRewardStream K | 0 < pullCount (armStreamAction hK (c * (sigma2 : Real)) stream) arm n ∧ realEmpiricalMean (armStreamAction hK (c * (sigma2 : Real)) stream) (armStreamReward hK (c * (sigma2 : Real)) stream) arm n + realWidth (armStreamAction hK (c * (sigma2 : Real)) stream) (c * (sigma2 : Real)) arm n <= mean} <= ((Finset.range (n + 1)).filter (fun k => 0 < k)).sum (fun k => ENNReal.ofReal (Real.exp (-(countWidthThreshold c sigma2 n k) ^ 2 / (2 * (k : Real) * (sigma2 : Real)))))
BanditRLProof.UCB.measure_mean_le_realEmpiricalMean_sub_realWidth [theorem] BanditRLProof/Algorithms/UCBArmStreamTail.lean:661
  theorem measure_mean_le_realEmpiricalMean_sub_realWidth {K : Nat} (hK : 0 < K) (c : Real) (nu : Kernel (Fin K) Real) [IsMarkovKernel nu] (arm : Fin K) (mean : Real) (sigma2 : NNReal) (hsubG : HasSubgaussianMGF (fun reward => reward - mean) sigma2 (nu arm)) (n : Nat) : armStreamMeasure nu {stream : ArmRewardStream K | 0 < pullCount (armStreamAction hK (c * (sigma2 : Real)) stream) arm n ∧ mean <= realEmpiricalMean (armStreamAction hK (c * (sigma2 : Real)) stream) (armStreamReward hK (c * (sigma2 : Real)) stream) arm n - realWidth (armStreamAction hK (c * (sigma2 : Real)) stream) (c * (sigma2 : Real)) arm n} <= ((Finset.range (n + 1)).filter (fun k => 0 < k)).sum (fun k => ENNReal.ofReal (Real.exp (-(countWidthThreshold c sigma2 n k) ^ 2 / (2 * (k : Real) * (sigma2 : Real)))))
BanditRLProof.UCB.measure_realEmpiricalMean_add_realWidth_le_mean_log_bound [theorem] BanditRLProof/Algorithms/UCBArmStreamTail.lean:826
  theorem measure_realEmpiricalMean_add_realWidth_le_mean_log_bound {K : Nat} (hK : 0 < K) (c : Real) (nu : Kernel (Fin K) Real) [IsMarkovKernel nu] (arm : Fin K) (mean : Real) (sigma2 : NNReal) (hsubG : HasSubgaussianMGF (fun reward => reward - mean) sigma2 (nu arm)) (hc : 0 <= c) (hsigma2 : sigma2 ≠ 0) (n : Nat) : armStreamMeasure nu {stream : ArmRewardStream K | 0 < pullCount (armStreamAction hK (c * (sigma2 : Real)) stream) arm n ∧ realEmpiricalMean (armStreamAction hK (c * (sigma2 : Real)) stream) (armStreamReward hK (c * (sigma2 : Real)) stream) arm n + realWidth (armStreamAction hK (c * (sigma2 : Real)) stream) (c * (sigma2 : Real)) arm n <= mean} <= (n : ENNReal) * ENNReal.ofReal (Real.exp (-c * Real.log ((n + 1 : Nat) : Real)))
BanditRLProof.UCB.measure_mean_le_realEmpiricalMean_sub_realWidth_log_bound [theorem] BanditRLProof/Algorithms/UCBArmStreamTail.lean:851
  theorem measure_mean_le_realEmpiricalMean_sub_realWidth_log_bound {K : Nat} (hK : 0 < K) (c : Real) (nu : Kernel (Fin K) Real) [IsMarkovKernel nu] (arm : Fin K) (mean : Real) (sigma2 : NNReal) (hsubG : HasSubgaussianMGF (fun reward => reward - mean) sigma2 (nu arm)) (hc : 0 <= c) (hsigma2 : sigma2 ≠ 0) (n : Nat) : armStreamMeasure nu {stream : ArmRewardStream K | 0 < pullCount (armStreamAction hK (c * (sigma2 : Real)) stream) arm n ∧ mean <= realEmpiricalMean (armStreamAction hK (c * (sigma2 : Real)) stream) (armStreamReward hK (c * (sigma2 : Real)) stream) arm n - realWidth (armStreamAction hK (c * (sigma2 : Real)) stream) (c * (sigma2 : Real)) arm n} <= (n : ENNReal) * ENNReal.ofReal (Real.exp (-c * Real.log ((n + 1 : Nat) : Real)))
BanditRLProof.UCB.measure_realEmpiricalMean_add_realWidth_le_mean_rpow_bound [theorem] BanditRLProof/Algorithms/UCBArmStreamTail.lean:877
  theorem measure_realEmpiricalMean_add_realWidth_le_mean_rpow_bound {K : Nat} (hK : 0 < K) (c : Real) (nu : Kernel (Fin K) Real) [IsMarkovKernel nu] (arm : Fin K) (mean : Real) (sigma2 : NNReal) (hsubG : HasSubgaussianMGF (fun reward => reward - mean) sigma2 (nu arm)) (hc : 0 <= c) (hsigma2 : sigma2 ≠ 0) (n : Nat) : armStreamMeasure nu {stream : ArmRewardStream K | 0 < pullCount (armStreamAction hK (c * (sigma2 : Real)) stream) arm n /\ realEmpiricalMean (armStreamAction hK (c * (sigma2 : Real)) stream) (armStreamReward hK (c * (sigma2 : Real)) stream) arm n + realWidth (armStreamAction hK (c * (sigma2 : Real)) stream) (c * (sigma2 : Real)) arm n <= mean} <= (1 : ENNReal) / (((n + 1 : Nat) : ENNReal) ^ (c - 1))
BanditRLProof.UCB.measure_mean_le_realEmpiricalMean_sub_realWidth_rpow_bound [theorem] BanditRLProof/Algorithms/UCBArmStreamTail.lean:900
  theorem measure_mean_le_realEmpiricalMean_sub_realWidth_rpow_bound {K : Nat} (hK : 0 < K) (c : Real) (nu : Kernel (Fin K) Real) [IsMarkovKernel nu] (arm : Fin K) (mean : Real) (sigma2 : NNReal) (hsubG : HasSubgaussianMGF (fun reward => reward - mean) sigma2 (nu arm)) (hc : 0 <= c) (hsigma2 : sigma2 ≠ 0) (n : Nat) : armStreamMeasure nu {stream : ArmRewardStream K | 0 < pullCount (armStreamAction hK (c * (sigma2 : Real)) stream) arm n /\ mean <= realEmpiricalMean (armStreamAction hK (c * (sigma2 : Real)) stream) (armStreamReward hK (c * (sigma2 : Real)) stream) arm n - realWidth (armStreamAction hK (c * (sigma2 : Real)) stream) (c * (sigma2 : Real)) arm n} <= (1 : ENNReal) / (((n + 1 : Nat) : ENNReal) ^ (c - 1))
BanditRLProof.UCB.selectedPolicySuccessorEmpiricalMeanAt [def] BanditRLProof/Algorithms/UCBConditionalRewardLaw.lean:22
  noncomputable def selectedPolicySuccessorEmpiricalMeanAt {Omega : Type u} {Action : Type} [DecidableEq Action] (action : Omega -> ActionTrace Action) (reward : Omega -> RewardTrace Rat) (omega : Omega) (t : Nat) (arm : Action) : Real
BanditRLProof.UCB.SelectedPolicySuccessorInitializedScoreMaxSource.meanGap_le_two_radius_of_not_badEvent [theorem] BanditRLProof/Algorithms/UCBConditionalRewardLaw.lean:106
  theorem SelectedPolicySuccessorInitializedScoreMaxSource.meanGap_le_two_radius_of_not_badEvent {Omega : Type u} {Action : Type} [DecidableEq Action] {action : Omega -> ActionTrace Action} {reward : Omega -> RewardTrace Rat} {arms : Finset Action} {armMean : Action -> Rat} {sigma2 : NNReal} {T : Nat} {delta : Real} (source : SelectedPolicySuccessorInitializedScoreMaxSource action reward arms armMean sigma2 T delta) (omega : Omega) (t : Nat) (ht : t ∈ source.times) (hgood : omega ∉ ConditionalExpectationReward.successorArmEmpiricalMeanFiniteArmTimeBadEvent action reward arms armMean sigma2 T delta) : meanGap (fun arm => (armMean arm : Real)) source.best (source.chosen omega t) <= 2 * selectedPolicySuccessorRadiusAt action sigma2 arms T delta omega t (source.chosen omega t)
BanditRLProof.ConditionalExpectationReward.successorArmEmpiricalMean_abs_tail_exact_pullCount_ennreal_delta_of_reward_map_eq_selected_policy_centeredKernel [theorem] BanditRLProof/Algorithms/UCBConditionalRewardLawCenteredKernel.lean:367
  theorem successorArmEmpiricalMean_abs_tail_exact_pullCount_ennreal_delta_of_reward_map_eq_selected_policy_centeredKernel {Omega Context State Action : Type} [mOmega : MeasurableSpace Omega] [StandardBorelSpace Omega] [MeasurableSpace Context] [MeasurableSpace State] [MeasurableSpace Action] [MeasurableSingletonClass Action] [Countable Action] [DecidableEq Action] (mu : Measure Omega) [IsProbabilityMeasure mu] (rewardKernel : RewardKernel.MarkovRewardKernel (Context × Action) Rat) (policy : Nat -> Policy.MeasurablePolicy State Action) (context : (n : Nat) -> History.FiniteRewardHistory Rat n -> Context) (state : (n : Nat) -> History.FiniteRewardHistory Rat n -> State) (mean : Context -> Action -> Rat) (varianceProxy : Context -> Action -> NNReal) (defaultAction arm : Action) (armMean : Rat) (reward : Omega -> RewardTrace Rat) (hreward : forall t : Nat, Measurable (fun omega => reward omega t)) (sigma2 : NNReal) (hcontext : forall n : Nat, Measurable (context n)) (hstate : forall n : Nat, Measurable (state n)) (hmean : Measurable (fun pair : Context × Action => mean pair.1 pair.2)) (hkernel : RewardKernel.CenteredRewardKernelLaw rewardKernel mean varianceProxy) (hvariance : forall i : Nat, forall history : History.FiniteRewardHistory Rat i, varianceProxy (context i history) ((policy i).action (state i history)) <= sigma2) (harmMean : forall i : Nat, forall history : History.FiniteRewardHistory Rat i, mean (context i history) arm = armMean) (h_reward_map_eq_policy : forall i : Nat, Filter.Eventually (fun omega : Omega => @Measure.map Omega Rat mOmega inferInstance (fun y : Omega => reward y (i + 1)) (@ProbabilityTheory.condExpKernel Omega mOmega _ mu _ ((History.historyFiltrationSucc (generatedActionFromRewardHistory policy state defaultAction reward) reward (generatedActionFromRewardHistory_measurable (policy := policy) (state := state) (defaultAction := defaultAction) (reward := reward) hreward hstate) hreward) i) omega) = RewardKernel.selectedMeasure rewardKernel (context i (History.finiteRewardHistoryOfTrace (reward omega) i)) ((policy i).action (state i (History.finiteRewardHistoryOfTrace (reward omega) i)))) (ae (mu.trim ((History.historyFiltrationSucc (generatedActionFromRewardHistory policy state defaultAction reward) reward (generatedActionFromRewardHistory_measurable (policy := policy) (state := state) (defaultAction := defaultAction) (reward := reward) hreward hstate) hreward).le i)))) (n k : Nat) (hk : 0 < k) (hsigma2 : 0 < (((sigma2 : NNReal) : Real))) (delta : Real) (hdelta : 0 < delta) : let action := generatedActionFromRewardHistory policy state defaultAction reward let count : Omega -> Nat := fun omega => successorArmPullCount (action omega) arm n mu {omega | count omega = k ∧ successorArmEmpiricalMeanExactCountRadius sigma2 k delta <= |successorArmEmpiricalMean (action omega) (reward omega) arm n - (armMean : Real)|} <= ENNReal.ofReal delta
BanditRLProof.ConditionalExpectationReward.successorArmEmpiricalMean_abs_tail_random_pullCount_ennreal_delta_of_reward_map_eq_selected_policy_centeredKernel [theorem] BanditRLProof/Algorithms/UCBConditionalRewardLawCenteredKernel.lean:572
  theorem successorArmEmpiricalMean_abs_tail_random_pullCount_ennreal_delta_of_reward_map_eq_selected_policy_centeredKernel {Omega Context State Action : Type} [mOmega : MeasurableSpace Omega] [StandardBorelSpace Omega] [MeasurableSpace Context] [MeasurableSpace State] [MeasurableSpace Action] [MeasurableSingletonClass Action] [Countable Action] [DecidableEq Action] (mu : Measure Omega) [IsProbabilityMeasure mu] (rewardKernel : RewardKernel.MarkovRewardKernel (Context × Action) Rat) (policy : Nat -> Policy.MeasurablePolicy State Action) (context : (n : Nat) -> History.FiniteRewardHistory Rat n -> Context) (state : (n : Nat) -> History.FiniteRewardHistory Rat n -> State) (mean : Context -> Action -> Rat) (varianceProxy : Context -> Action -> NNReal) (defaultAction arm : Action) (armMean : Rat) (reward : Omega -> RewardTrace Rat) (hreward : forall t : Nat, Measurable (fun omega => reward omega t)) (sigma2 : NNReal) (hcontext : forall n : Nat, Measurable (context n)) (hstate : forall n : Nat, Measurable (state n)) (hmean : Measurable (fun pair : Context × Action => mean pair.1 pair.2)) (hkernel : RewardKernel.CenteredRewardKernelLaw rewardKernel mean varianceProxy) (hvariance : forall i : Nat, forall history : History.FiniteRewardHistory Rat i, varianceProxy (context i history) ((policy i).action (state i history)) <= sigma2) (harmMean : forall i : Nat, forall history : History.FiniteRewardHistory Rat i, mean (context i history) arm = armMean) (h_reward_map_eq_policy : forall i : Nat, Filter.Eventually (fun omega : Omega => @Measure.map Omega Rat mOmega inferInstance (fun y : Omega => reward y (i + 1)) (@ProbabilityTheory.condExpKernel Omega mOmega _ mu _ ((History.historyFiltrationSucc (generatedActionFromRewardHistory policy state defaultAction reward) reward (generatedActionFromRewardHistory_measurable (policy := policy) (state := state) (defaultAction := defaultAction) (reward := reward) hreward hstate) hreward) i) omega) = RewardKernel.selectedMeasure rewardKernel (context i (History.finiteRewardHistoryOfTrace (reward omega) i)) ((policy i).action (state i (History.finiteRewardHistoryOfTrace (reward omega) i)))) (ae (mu.trim ((History.historyFiltrationSucc (generatedActionFromRewardHistory policy state defaultAction reward) reward (generatedActionFromRewardHistory_measurable (policy := policy) (state := state) (defaultAction := defaultAction) (reward := reward) hreward hstate) hreward).le i)))) (n : Nat) (hn : 0 < n) (hsigma2 : 0 < (((sigma2 : NNReal) : Real))) (delta : Real) (hdelta : 0 < delta) : let action := generatedActionFromRewardHistory policy state defaultAction reward let count : Omega -> Nat := fun omega => successorArmPullCount (action omega) arm n mu {omega | 0 < count omega ∧ successorArmEmpiricalMeanPeelingRadius sigma2 (count omega) n delta <= |successorArmEmpiricalMean (action omega) (reward omega) arm n - (armMean : Real)|} <= ENNReal.ofReal delta
BanditRLProof.ConditionalExpectationReward.successorArmEmpiricalMean_simultaneous_finiteArmTime_abs_tail_ennreal_delta_of_reward_map_eq_selected_policy_centeredKernel [theorem] BanditRLProof/Algorithms/UCBConditionalRewardLawCenteredKernel.lean:698
  theorem successorArmEmpiricalMean_simultaneous_finiteArmTime_abs_tail_ennreal_delta_of_reward_map_eq_selected_policy_centeredKernel {Omega Context State Action : Type} [mOmega : MeasurableSpace Omega] [StandardBorelSpace Omega] [MeasurableSpace Context] [MeasurableSpace State] [MeasurableSpace Action] [MeasurableSingletonClass Action] [Countable Action] [DecidableEq Action] (mu : Measure Omega) [IsProbabilityMeasure mu] (rewardKernel : RewardKernel.MarkovRewardKernel (Context × Action) Rat) (policy : Nat -> Policy.MeasurablePolicy State Action) (context : (n : Nat) -> History.FiniteRewardHistory Rat n -> Context) (state : (n : Nat) -> History.FiniteRewardHistory Rat n -> State) (mean : Context -> Action -> Rat) (varianceProxy : Context -> Action -> NNReal) (defaultAction : Action) (arms : Finset Action) (harms : arms.Nonempty) (armMean : Action -> Rat) (reward : Omega -> RewardTrace Rat) (hreward : forall t : Nat, Measurable (fun omega => reward omega t)) (sigma2 : NNReal) (hcontext : forall n : Nat, Measurable (context n)) (hstate : forall n : Nat, Measurable (state n)) (hmean : Measurable (fun pair : Context × Action => mean pair.1 pair.2)) (hkernel : RewardKernel.CenteredRewardKernelLaw rewardKernel mean varianceProxy) (hvariance : forall i : Nat, forall history : History.FiniteRewardHistory Rat i, varianceProxy (context i history) ((policy i).action (state i history)) <= sigma2) (harmMean : forall i : Nat, forall history : History.FiniteRewardHistory Rat i, forall arm, arm ∈ arms -> mean (context i history) arm = armMean arm) (h_reward_map_eq_policy : forall i : Nat, Filter.Eventually (fun omega : Omega => @Measure.map Omega Rat mOmega inferInstance (fun y : Omega => reward y (i + 1)) (@ProbabilityTheory.condExpKernel Omega mOmega _ mu _ ((History.historyFiltrationSucc (generatedActionFromRewardHistory policy state defaultAction reward) reward (generatedActionFromRewardHistory_measurable (policy := policy) (state := state) (defaultAction := defaultAction) (reward := reward) hreward hstate) hreward) i) omega) = RewardKernel.selectedMeasure rewardKernel (context i (History.finiteRewardHistoryOfTrace (reward omega) i)) ((policy i).action (state i (History.finiteRewardHistoryOfTrace (reward omega) i)))) (ae (mu.trim ((History.historyFiltrationSucc (generatedActionFromRewardHistory policy state defaultAction reward) reward (generatedActionFromRewardHistory_measurable (policy := policy) (state := state) (defaultAction := defaultAction) (reward := reward) hreward hstate) hreward).le i)))) (T : Nat) (hT : 0 < T) (hsigma2 : 0 < (((sigma2 : NNReal) : Real))) (delta : Real) (hdelta : 0 < delta) : let action := generatedActionFromRewardHistory policy state defaultAction reward mu (successorArmEmpiricalMeanFiniteArmTimeBadEvent action reward arms armMean sigma2 T delta) <= ENNReal.ofReal delta
BanditRLProof.UCB.successorArmEmpiricalMeanFiniteArmTimePeelingRadius_eq [theorem] BanditRLProof/Algorithms/UCBConditionalRewardLawPolicy.lean:645
  theorem successorArmEmpiricalMeanFiniteArmTimePeelingRadius_eq {K : Nat} (sigma2 : NNReal) (k n T : Nat) (delta : Real) : ConditionalExpectationReward.successorArmEmpiricalMeanFiniteArmTimePeelingRadius sigma2 k n (Finset.univ : Finset (Fin K)) T delta = (2 * Real.sqrt ((1 / 2 : Real) * (((sigma2 : NNReal) : Real) * (k : Real)) * selectedPolicySuccessorFiniteArmTimeLogBudget K T n delta) + selectedPolicySuccessorFiniteArmTimeLogBudget K T n delta) / (k : Real)
BanditRLProof.UCB.two_mul_successorArmEmpiricalMeanFiniteArmTimePeelingRadius_lt_gap [theorem] BanditRLProof/Algorithms/UCBConditionalRewardLawPolicy.lean:666
  theorem two_mul_successorArmEmpiricalMeanFiniteArmTimePeelingRadius_lt_gap {K : Nat} (sigma2 : NNReal) (k n T : Nat) (delta gap : Real) (hk : 0 < k) (hgap : 0 < gap) (hquadratic : 32 * (((sigma2 : NNReal) : Real)) * selectedPolicySuccessorFiniteArmTimeLogBudget K T n delta < gap ^ 2 * (k : Real)) (hlinear : 4 * selectedPolicySuccessorFiniteArmTimeLogBudget K T n delta < gap * (k : Real)) : 2 * ConditionalExpectationReward.successorArmEmpiricalMeanFiniteArmTimePeelingRadius sigma2 k n (Finset.univ : Finset (Fin K)) T delta < gap
BanditRLProof.UCB.successorArmEmpiricalMeanFiniteArmTimePeelingRadius_lt_gap_of_threshold [theorem] BanditRLProof/Algorithms/UCBConditionalRewardLawPolicy.lean:721
  theorem successorArmEmpiricalMeanFiniteArmTimePeelingRadius_lt_gap_of_threshold {K : Nat} (sigma2 : NNReal) (T : Nat) (delta gap : Real) (B : Nat) (hB : 0 < B) (hgap : 0 < gap) (hquadratic : forall n : Nat, n <= T -> 32 * (((sigma2 : NNReal) : Real)) * selectedPolicySuccessorFiniteArmTimeLogBudget K T n delta < gap ^ 2 * (B : Real)) (hlinear : forall n : Nat, n <= T -> 4 * selectedPolicySuccessorFiniteArmTimeLogBudget K T n delta < gap * (B : Real)) : forall k n : Nat, B <= k -> n <= T -> 2 * ConditionalExpectationReward.successorArmEmpiricalMeanFiniteArmTimePeelingRadius sigma2 k n (Finset.univ : Finset (Fin K)) T delta < gap
BanditRLProof.UCB.successorArmEmpiricalMeanFiniteArmTimePeelingRadius_lt_gap_of_global_threshold [theorem] BanditRLProof/Algorithms/UCBConditionalRewardLawPolicy.lean:759
  theorem successorArmEmpiricalMeanFiniteArmTimePeelingRadius_lt_gap_of_global_threshold {K : Nat} (hK : 0 < K) (sigma2 : NNReal) (T : Nat) (hT : 0 < T) (delta : Real) (hdelta : 0 < delta) (gap : Real) (hgap : 0 < gap) (B : Nat) (hB : 0 < B) (hquadratic : 32 * (((sigma2 : NNReal) : Real)) * selectedPolicySuccessorFiniteArmTimeLogBudget K T T delta < gap ^ 2 * (B : Real)) (hlinear : 4 * selectedPolicySuccessorFiniteArmTimeLogBudget K T T delta < gap * (B : Real)) : forall k n : Nat, B <= k -> n <= T -> 2 * ConditionalExpectationReward.successorArmEmpiricalMeanFiniteArmTimePeelingRadius sigma2 k n (Finset.univ : Finset (Fin K)) T delta < gap
BanditRLProof.UCB.successorArmEmpiricalMeanFiniteArmTimePeelingRadius_lt_gap_of_explicitPullThreshold [theorem] BanditRLProof/Algorithms/UCBConditionalRewardLawPolicy.lean:794
  theorem successorArmEmpiricalMeanFiniteArmTimePeelingRadius_lt_gap_of_explicitPullThreshold {K : Nat} (hK : 0 < K) (sigma2 : NNReal) (T : Nat) (hT : 0 < T) (delta : Real) (hdelta : 0 < delta) (gap : Real) (hgap : 0 < gap) : forall k n : Nat, selectedPolicySuccessorPullThreshold K sigma2 T delta gap <= k -> n <= T -> 2 * ConditionalExpectationReward.successorArmEmpiricalMeanFiniteArmTimePeelingRadius sigma2 k n (Finset.univ : Finset (Fin K)) T delta < gap
BanditRLProof.UCB.measure_successorArmPullCount_selectedPolicySuccessorGeneratedUCBAction_gt_threshold_le_of_largeGap [theorem] BanditRLProof/Algorithms/UCBConditionalRewardLawPolicy.lean:862
  theorem measure_successorArmPullCount_selectedPolicySuccessorGeneratedUCBAction_gt_threshold_le_of_largeGap {Omega : Type} [MeasurableSpace Omega] {K : Nat} (hK : 0 < K) (mu : Measure Omega) (reward : Omega -> RewardTrace Rat) (armMean : Fin K -> Rat) (sigma2 : NNReal) (T : Nat) (delta : Real) (defaultAction best chosen : Fin K) (B : Nat) (hB : 0 < B) (hradius : forall k n : Nat, B <= k -> n <= T -> 2 * ConditionalExpectationReward.successorArmEmpiricalMeanFiniteArmTimePeelingRadius sigma2 k n (Finset.univ : Finset (Fin K)) T delta < meanGap (fun arm => (armMean arm : Real)) best chosen) (hlargeGap : mu (selectedPolicySuccessorLargeGapEvent (selectedPolicySuccessorGeneratedUCBInitializedScoreMaxSource hK reward armMean sigma2 T delta defaultAction best)) <= ENNReal.ofReal delta) : mu {omega | B < ConditionalExpectationReward.successorArmPullCount (selectedPolicySuccessorGeneratedUCBAction hK sigma2 T delta defaultAction reward omega) chosen (T + 1)} <= ENNReal.ofReal delta
BanditRLProof.UCB.lintegral_successorArmPullCount_selectedPolicySuccessorGeneratedUCBAction_le_threshold_add_horizon_mul_delta_of_largeGap [theorem] BanditRLProof/Algorithms/UCBConditionalRewardLawPolicy.lean:1386
  theorem lintegral_successorArmPullCount_selectedPolicySuccessorGeneratedUCBAction_le_threshold_add_horizon_mul_delta_of_largeGap {Omega : Type} [MeasurableSpace Omega] {K : Nat} (hK : 0 < K) (mu : Measure Omega) [IsProbabilityMeasure mu] (reward : Omega -> RewardTrace Rat) (hreward : forall t : Nat, Measurable (fun omega : Omega => reward omega t)) (armMean : Fin K -> Rat) (sigma2 : NNReal) (T : Nat) (delta : Real) (defaultAction best chosen : Fin K) (B : Nat) (hB : 0 < B) (hradius : forall k n : Nat, B <= k -> n <= T -> 2 * ConditionalExpectationReward.successorArmEmpiricalMeanFiniteArmTimePeelingRadius sigma2 k n (Finset.univ : Finset (Fin K)) T delta < meanGap (fun arm => (armMean arm : Real)) best chosen) (hlargeGap : mu (selectedPolicySuccessorLargeGapEvent (selectedPolicySuccessorGeneratedUCBInitializedScoreMaxSource hK reward armMean sigma2 T delta defaultAction best)) <= ENNReal.ofReal delta) : ∫⁻ omega, (ConditionalExpectationReward.successorArmPullCount (selectedPolicySuccessorGeneratedUCBAction hK sigma2 T delta defaultAction reward omega) chosen (T + 1) : ENNReal) ∂mu <= (B : ENNReal) + (T : ENNReal) * ENNReal.ofReal delta
BanditRLProof.UCB.successorArmEmpiricalMeanTelescopingPeelingRadius_eq [theorem] BanditRLProof/Algorithms/UCBFixedPolicyTelescopingAnytimeRegret.lean:487
  theorem successorArmEmpiricalMeanTelescopingPeelingRadius_eq {K : Nat} (sigma2 : NNReal) (k n : Nat) (delta : Real) : ConditionalExpectationReward.successorArmEmpiricalMeanPeelingRadius sigma2 k (n + 1) (Concentration.telescopingConfidenceShare delta n / (K : Real)) = (2 * Real.sqrt ((1 / 2 : Real) * (((sigma2 : NNReal) : Real) * (k : Real)) * selectedPolicySuccessorTelescopingLogBudget K n delta) + selectedPolicySuccessorTelescopingLogBudget K n delta) / (k : Real)
BanditRLProof.UCB.two_mul_successorArmEmpiricalMeanTelescopingPeelingRadius_lt_gap_of_threshold [theorem] BanditRLProof/Algorithms/UCBFixedPolicyTelescopingAnytimeRegret.lean:576
  theorem two_mul_successorArmEmpiricalMeanTelescopingPeelingRadius_lt_gap_of_threshold {K : Nat} (hK : 0 < K) (sigma2 : NNReal) (delta gap : Real) (hdelta : 0 < delta) (hgap : 0 < gap) (k n T : Nat) (hk : selectedPolicySuccessorTelescopingPullThreshold K sigma2 T delta gap <= k) (hnT : n <= T) : 2 * ConditionalExpectationReward.successorArmEmpiricalMeanPeelingRadius sigma2 k (n + 1) (Concentration.telescopingConfidenceShare delta n / (K : Real)) < gap
BanditRLProof.UCB.selectedPolicySuccessorTelescoping_meanGap_le_two_radius_of_not_badEvent [theorem] BanditRLProof/Algorithms/UCBFixedPolicyTelescopingAnytimeRegret.lean:635
  theorem selectedPolicySuccessorTelescoping_meanGap_le_two_radius_of_not_badEvent {Omega : Type} {K : Nat} (hK : 0 < K) (reward : Omega -> RewardTrace Rat) (armMean : Fin K -> Rat) (sigma2 : NNReal) (delta : Real) (defaultAction best : Fin K) (omega : Omega) (t : Nat) (ht : K <= t) (hgood : omega ∉ ConditionalExpectationReward.successorArmEmpiricalMeanFintypeTelescopingAllTimeBadEvent (selectedPolicySuccessorTelescopingGeneratedUCBAction hK sigma2 delta defaultAction reward) reward armMean sigma2 delta) : let action := selectedPolicySuccessorTelescopingGeneratedUCBAction hK sigma2 delta defaultAction reward meanGap (fun arm => (armMean arm : Real)) best (action omega (t + 1)) <= 2 * selectedPolicySuccessorTelescopingRadiusAt action sigma2 delta omega t (action omega (t + 1))
BanditRLProof.UCB.selectedPolicySuccessorTelescoping_pullCount_le_of_not_badEvent [theorem] BanditRLProof/Algorithms/UCBFixedPolicyTelescopingAnytimeRegret.lean:712
  theorem selectedPolicySuccessorTelescoping_pullCount_le_of_not_badEvent {Omega : Type} {K : Nat} (hK : 0 < K) (reward : Omega -> RewardTrace Rat) (armMean : Fin K -> Rat) (sigma2 : NNReal) (delta : Real) (hdelta : 0 < delta) (defaultAction best chosen : Fin K) (omega : Omega) (T : Nat) (hgap : 0 < meanGap (fun arm => (armMean arm : Real)) best chosen) (hgood : omega ∉ ConditionalExpectationReward.successorArmEmpiricalMeanFintypeTelescopingAllTimeBadEvent (selectedPolicySuccessorTelescopingGeneratedUCBAction hK sigma2 delta defaultAction reward) reward armMean sigma2 delta) : ConditionalExpectationReward.successorArmPullCount (selectedPolicySuccessorTelescopingGeneratedUCBAction hK sigma2 delta defaultAction reward omega) chosen (T + 1) <= selectedPolicySuccessorTelescopingPullThreshold K sigma2 T delta (meanGap (fun arm => (armMean arm : Real)) best chosen)
BanditRLProof.UCB.actionRewardHistoryStepKernelFamily_selectedPolicySuccessorTelescoping_allTimeConfidence [theorem] BanditRLProof/Algorithms/UCBFixedPolicyTelescopingAnytimeRegret.lean:790
  theorem actionRewardHistoryStepKernelFamily_selectedPolicySuccessorTelescoping_allTimeConfidence {Context : Type} {K : Nat} [MeasurableSpace Context] (hK : 0 < K) (mu0 : Measure (Prod (Fin K) Rat)) [IsProbabilityMeasure mu0] (rewardKernel : RewardKernel.MarkovRewardKernel (Prod Context (Fin K)) Rat) (context : (n : Nat) -> ((j : Finset.Iic n) -> Rat) -> Context) (mean : Context -> Fin K -> Rat) (varianceProxy : Context -> Fin K -> NNReal) (defaultAction : Fin K) (armMean : Fin K -> Rat) (sigma2 : NNReal) (delta : Real) (hcontext : forall n : Nat, Measurable (context n)) (hmean : Measurable (fun pair : Prod Context (Fin K) => mean pair.1 pair.2)) (law : RewardKernel.CenteredRewardKernelLaw rewardKernel mean varianceProxy) (hvariance : forall i : Nat, forall history : ((j : Finset.Iic i) -> Rat), varianceProxy (context i history) ((selectedPolicySuccessorTelescopingHistoryPolicy hK sigma2 delta defaultAction i).action (selectedPolicySuccessorTelescopingHistoryState hK sigma2 delta defaultAction i history)) <= sigma2) (harmMean : forall i : Nat, forall history : ((j : Finset.Iic i) -> Rat), forall arm : Fin K, mean (context i history) arm = armMean arm) (hsigma2 : 0 < (((sigma2 : NNReal) : Real))) (hdelta : 0 < delta) : let policy := selectedPolicySuccessorTelescopingHistoryPolicy hK sigma2 delta defaultAction let state := selectedPolicySuccessorTelescopingHistoryState hK sigma2 delta defaultAction let pairContext : (i : Nat) -> ((j : Finset.Iic i) -> Prod (Fin K) Rat) -> Context := fun i history => context i (History.pairHistoryRewardProjection history) let pairState : (i : Nat) -> ((j : Finset.Iic i) -> Prod (Fin K) Rat) -> SelectedPolicySuccessorFiniteHistoryState K := fun i history => state i (History.pairHistoryRewardProjection history) let hpairContext : forall i : Nat, Measurable (pairContext i) := fun i => (hcontext i).comp (History.measurable_pairHistoryRewardProjection (Action := Fin K) (Reward := Rat) i) let hpairState : forall i : Nat, Measurable (pairState i) := fun i => (measurable_selectedPolicySuccessorTelescopingHistoryState hK sigma2 delta defaultAction i).comp (History.measurable_pairHistoryRewardProjection (Action := Fin K) (Reward := Rat) i) let stepKernel := RewardKernel.actionRewardHistoryStepKernelFamily rewardKernel policy pairContext pairState hpairContext hpairState let mu := ProbabilityTheory.Kernel.trajMeasure (X := fun _ : Nat => Prod (Fin K) Rat) mu0 stepKernel let reward : (Nat -> Prod (Fin K) Rat) -> RewardTrace Rat := fun trajectory t => (trajectory t).2 let generatedAction := selectedPolicySuccessorTelescopingGeneratedUCBAction hK sigma2 delta defaultAction reward mu (ConditionalExpectationReward.successorArmEmpiricalMeanFintypeTelescopingAllTimeBadEvent generatedAction reward armMean sigma2 delta) <= ENNReal.ofReal delta
BanditRLProof.UCB.measure_selectedPolicySuccessorTelescoping_pullCount_gt_threshold_le_of_allTimeConfidence [theorem] BanditRLProof/Algorithms/UCBFixedPolicyTelescopingAnytimeRegret.lean:956
  theorem measure_selectedPolicySuccessorTelescoping_pullCount_gt_threshold_le_of_allTimeConfidence {Omega : Type} [MeasurableSpace Omega] {K : Nat} (hK : 0 < K) (mu : Measure Omega) (reward : Omega -> RewardTrace Rat) (armMean : Fin K -> Rat) (sigma2 : NNReal) (delta : Real) (hdelta : 0 < delta) (defaultAction best chosen : Fin K) (T : Nat) (hgap : 0 < meanGap (fun arm => (armMean arm : Real)) best chosen) (hconfidence : mu (ConditionalExpectationReward.successorArmEmpiricalMeanFintypeTelescopingAllTimeBadEvent (selectedPolicySuccessorTelescopingGeneratedUCBAction hK sigma2 delta defaultAction reward) reward armMean sigma2 delta) <= ENNReal.ofReal delta) : mu {omega | selectedPolicySuccessorTelescopingPullThreshold K sigma2 T delta (meanGap (fun arm => (armMean arm : Real)) best chosen) < ConditionalExpectationReward.successorArmPullCount (selectedPolicySuccessorTelescopingGeneratedUCBAction hK sigma2 delta defaultAction reward omega) chosen (T + 1)} <= ENNReal.ofReal delta
BanditRLProof.UCB.lintegral_selectedPolicySuccessorTelescoping_pullCount_le_of_allTimeConfidence [theorem] BanditRLProof/Algorithms/UCBFixedPolicyTelescopingAnytimeRegret.lean:991
  theorem lintegral_selectedPolicySuccessorTelescoping_pullCount_le_of_allTimeConfidence {Omega : Type} [MeasurableSpace Omega] {K : Nat} (hK : 0 < K) (mu : Measure Omega) [IsProbabilityMeasure mu] (reward : Omega -> RewardTrace Rat) (hreward : forall t : Nat, Measurable (fun omega : Omega => reward omega t)) (armMean : Fin K -> Rat) (sigma2 : NNReal) (delta : Real) (hdelta : 0 < delta) (defaultAction best chosen : Fin K) (T : Nat) (hgap : 0 < meanGap (fun arm => (armMean arm : Real)) best chosen) (hconfidence : mu (ConditionalExpectationReward.successorArmEmpiricalMeanFintypeTelescopingAllTimeBadEvent (selectedPolicySuccessorTelescopingGeneratedUCBAction hK sigma2 delta defaultAction reward) reward armMean sigma2 delta) <= ENNReal.ofReal delta) : ∫⁻ omega, (ConditionalExpectationReward.successorArmPullCount (selectedPolicySuccessorTelescopingGeneratedUCBAction hK sigma2 delta defaultAction reward omega) chosen (T + 1) : ENNReal) ∂mu <= (selectedPolicySuccessorTelescopingPullThreshold K sigma2 T delta (meanGap (fun arm => (armMean arm : Real)) best chosen) : ENNReal) + (T : ENNReal) * ENNReal.ofReal delta
BanditRLProof.UCB.lintegral_ofReal_pseudoRegret_selectedPolicySuccessorTelescoping_le_of_allTimeConfidence [theorem] BanditRLProof/Algorithms/UCBFixedPolicyTelescopingAnytimeRegret.lean:1091
  theorem lintegral_ofReal_pseudoRegret_selectedPolicySuccessorTelescoping_le_of_allTimeConfidence {Omega : Type} [MeasurableSpace Omega] {K : Nat} (mu : Measure Omega) [IsProbabilityMeasure mu] (model : FiniteBanditModel K) (reward : Omega -> RewardTrace Rat) (hreward : forall t : Nat, Measurable (fun omega : Omega => reward omega t)) (sigma2 : NNReal) (delta : Real) (hdelta : 0 < delta) (defaultAction : Fin K) (T : Nat) (hconfidence : mu (ConditionalExpectationReward.successorArmEmpiricalMeanFintypeTelescopingAllTimeBadEvent (selectedPolicySuccessorTelescopingGeneratedUCBAction model.hK sigma2 delta defaultAction reward) reward model.mean sigma2 delta) <= ENNReal.ofReal delta) : ∫⁻ omega, ENNReal.ofReal (((pseudoRegret model (selectedPolicySuccessorTelescopingGeneratedUCBRegretAction model.hK sigma2 delta defaultAction reward omega) T : Rat) : Real)) ∂mu <= (Finset.univ : Finset (Fin K)).sum (fun arm => ENNReal.ofReal (((model.gap arm : Rat) : Real)) * ((selectedPolicySuccessorTelescopingPullThreshold K sigma2 T delta (((model.gap arm : Rat) : Real)) : Nat) : ENNReal) + ENNReal.ofReal (((model.gap arm : Rat) : Real)) * ((T : ENNReal) * ENNReal.ofReal delta))
BanditRLProof.UCB.selectedPolicySuccessorTelescoping_allHorizonPullCount_of_not_badEvent [theorem] BanditRLProof/Algorithms/UCBFixedPolicyTelescopingAnytimeRegret.lean:1151
  theorem selectedPolicySuccessorTelescoping_allHorizonPullCount_of_not_badEvent {Omega : Type} {K : Nat} (hK : 0 < K) (reward : Omega -> RewardTrace Rat) (armMean : Fin K -> Rat) (sigma2 : NNReal) (delta : Real) (hdelta : 0 < delta) (defaultAction best : Fin K) (omega : Omega) (hgood : omega ∉ ConditionalExpectationReward.successorArmEmpiricalMeanFintypeTelescopingAllTimeBadEvent (selectedPolicySuccessorTelescopingGeneratedUCBAction hK sigma2 delta defaultAction reward) reward armMean sigma2 delta) : forall T : Nat, forall chosen : Fin K, 0 < meanGap (fun arm => (armMean arm : Real)) best chosen -> ConditionalExpectationReward.successorArmPullCount (selectedPolicySuccessorTelescopingGeneratedUCBAction hK sigma2 delta defaultAction reward omega) chosen (T + 1) <= selectedPolicySuccessorTelescopingPullThreshold K sigma2 T delta (meanGap (fun arm => (armMean arm : Real)) best chosen)
BanditRLProof.UCB.measure_selectedPolicySuccessorTelescoping_allTimeBadEvent_le_trajMeasure [theorem] BanditRLProof/Algorithms/UCBFixedPolicyTelescopingAnytimeRegret.lean:1213
  theorem measure_selectedPolicySuccessorTelescoping_allTimeBadEvent_le_trajMeasure {Context : Type} {K : Nat} [MeasurableSpace Context] (hK : 0 < K) (mu0 : Measure (Prod (Fin K) Rat)) [IsProbabilityMeasure mu0] (rewardKernel : RewardKernel.MarkovRewardKernel (Prod Context (Fin K)) Rat) (context : (n : Nat) -> ((j : Finset.Iic n) -> Rat) -> Context) (mean : Context -> Fin K -> Rat) (varianceProxy : Context -> Fin K -> NNReal) (defaultAction : Fin K) (armMean : Fin K -> Rat) (sigma2 : NNReal) (delta : Real) (hcontext : forall n : Nat, Measurable (context n)) (hmean : Measurable (fun pair : Prod Context (Fin K) => mean pair.1 pair.2)) (law : RewardKernel.CenteredRewardKernelLaw rewardKernel mean varianceProxy) (hvariance : forall i : Nat, forall history : ((j : Finset.Iic i) -> Rat), varianceProxy (context i history) ((selectedPolicySuccessorTelescopingHistoryPolicy hK sigma2 delta defaultAction i).action (selectedPolicySuccessorTelescopingHistoryState hK sigma2 delta defaultAction i history)) <= sigma2) (harmMean : forall i : Nat, forall history : ((j : Finset.Iic i) -> Rat), forall arm : Fin K, mean (context i history) arm = armMean arm) (hsigma2 : 0 < (((sigma2 : NNReal) : Real))) (hdelta : 0 < delta) : let mu := selectedPolicySuccessorTelescopingActionRewardTrajMeasure hK mu0 rewardKernel context hcontext sigma2 delta defaultAction let reward : (Nat -> Prod (Fin K) Rat) -> RewardTrace Rat := fun trajectory t => (trajectory t).2 let action := selectedPolicySuccessorTelescopingGeneratedUCBAction hK sigma2 delta defaultAction reward mu (ConditionalExpectationReward.successorArmEmpiricalMeanFintypeTelescopingAllTimeBadEvent action reward armMean sigma2 delta) <= ENNReal.ofReal delta
BanditRLProof.UCB.realEmpiricalMean [def] BanditRLProof/Algorithms/UCBRealHistoryIndex.lean:19
  noncomputable def realEmpiricalMean {K : Nat} (action : ActionTrace (Fin K)) (reward : RewardTrace Real) (arm : Fin K) (n : Nat) : Real
BanditRLProof.UCB.measurable_realEmpiricalMean [theorem] BanditRLProof/Algorithms/UCBRealHistoryIndex.lean:138
  theorem measurable_realEmpiricalMean {Omega : Type u} {K : Nat} [MeasurableSpace Omega] [MeasurableSingletonClass (Fin K)] (action : Omega -> ActionTrace (Fin K)) (reward : Omega -> RewardTrace Real) (haction : forall t, Measurable (fun omega => action omega t)) (hreward : forall t, Measurable (fun omega => reward omega t)) (arm : Fin K) (n : Nat) : Measurable (fun omega => realEmpiricalMean (action omega) (reward omega) arm n)
BanditRLProof.UCB.realHistoryEmpiricalMean_finitePairHistoryOfTrace [theorem] BanditRLProof/Algorithms/UCBRealHistoryIndex.lean:207
  theorem realHistoryEmpiricalMean_finitePairHistoryOfTrace {K : Nat} (action : ActionTrace (Fin K)) (reward : RewardTrace Real) (n : Nat) (arm : Fin K) : ETC.realHistoryEmpMean n (History.finitePairHistoryOfTrace action reward n) arm = realEmpiricalMean action reward arm (n + 1)
BanditRLProof.ConditionalExpectationReward.successorArmEmpiricalMean [def] BanditRLProof/ConditionalRewardLawSource.lean:33575
  noncomputable def successorArmEmpiricalMean {Action : Type x} [DecidableEq Action] (action : ActionTrace Action) (reward : RewardTrace Rat) (arm : Action) (n : Nat) : Real
BanditRLProof.ConditionalExpectationReward.successorArmEmpiricalMeanExactCountRadius [def] BanditRLProof/ConditionalRewardLawSource.lean:34134
  noncomputable def successorArmEmpiricalMeanExactCountRadius (sigma2 : NNReal) (k : Nat) (delta : Real) : Real
BanditRLProof.ConditionalExpectationReward.successorArmEmpiricalMean_abs_tail_exact_pullCount_ennreal_delta_of_reward_map_eq_selected_policy_definitionalRawRangeMeasurableMeanRangeHistoryVarianceBounded [theorem] BanditRLProof/ConditionalRewardLawSource.lean:34145
  theorem successorArmEmpiricalMean_abs_tail_exact_pullCount_ennreal_delta_of_reward_map_eq_selected_policy_definitionalRawRangeMeasurableMeanRangeHistoryVarianceBounded {Omega : Type u} {Context : Type v} {State : Type w} {Action : Type x} [mOmega : MeasurableSpace Omega] [StandardBorelSpace Omega] [MeasurableSpace Context] [MeasurableSpace State] [MeasurableSpace Action] [MeasurableSingletonClass Action] [Countable Action] [DecidableEq Action] (mu : MeasureTheory.Measure Omega) [MeasureTheory.IsProbabilityMeasure mu] (rewardKernel : RewardKernel.MarkovRewardKernel (Prod Context Action) Rat) (policy : Nat -> Policy.MeasurablePolicy State Action) (context : (n : Nat) -> ((j : Finset.Iic n) -> Rat) -> Context) (state : (n : Nat) -> ((j : Finset.Iic n) -> Rat) -> State) (mean : Context -> Action -> Rat) (varianceProxy : Context -> Action -> NNReal) (defaultAction arm : Action) (armMean : Rat) (reward : Omega -> RewardTrace Rat) (hreward : forall t : Nat, Measurable (fun omega : Omega => reward omega t)) (rewardLo rewardHi meanLo meanHi : Nat -> Real) (sigma2 : NNReal) (hcontext : forall n : Nat, Measurable (context n)) (hstate : forall n : Nat, Measurable (state n)) (hmean : Measurable (fun pair : Prod Context Action => mean pair.1 pair.2)) (hkernel : RewardKernel.CenteredRewardKernelLaw rewardKernel mean varianceProxy) (hraw : forall i : Nat, forall omega : Omega, Set.Icc (rewardLo i) (rewardHi i) (((reward omega (i + 1) : Rat) : Real))) (hmean_range : forall i : Nat, forall context : Context, forall action : Action, Set.Icc (meanLo i) (meanHi i) (((mean context action : Rat) : Real))) (hvariance : forall i : Nat, forall history : ((j : Finset.Iic i) -> Rat), varianceProxy (context i history) ((policy i).action (state i history)) <= sigma2) (harmMean : forall i : Nat, forall history : ((j : Finset.Iic i) -> Rat), mean (context i history) arm = armMean) (h_reward_map_eq_policy : forall i : Nat, Filter.Eventually (fun omega : Omega => @MeasureTheory.Measure.map Omega Rat mOmega inferInstance (fun y : Omega => reward y (i + 1)) (@ProbabilityTheory.condExpKernel Omega mOmega _ mu _ ((History.historyFiltrationSucc (generatedActionFromRewardHistory policy state defaultAction reward) reward (generatedActionFromRewardHistory_measurable (policy := policy) (state := state) (defaultAction := defaultAction) (reward := reward) hreward hstate) hreward) i) omega) = RewardKernel.selectedMeasure rewardKernel (context i (History.finiteRewardHistoryOfTrace (reward omega) i)) ((policy i).action (state i (History.finiteRewardHistoryOfTrace (reward omega) i)))) (ae (mu.trim ((History.historyFiltrationSucc (generatedActionFromRewardHistory policy state defaultAction reward) reward (generatedActionFromRewardHistory_measurable (policy := policy) (state := state) (defaultAction := defaultAction) (reward := reward) hreward hstate) hreward).le i)))) (n k : Nat) (hk : 0 < k) (hsigma2 : 0 < (((sigma2 : NNReal) : Real))) (delta : Real) (hdelta : 0 < delta) : let action := generatedActionFromRewardHistory policy state defaultAction reward
BanditRLProof.ConditionalExpectationReward.successorArmEmpiricalMeanPeelingRadius [def] BanditRLProof/ConditionalRewardLawSource.lean:34369
  noncomputable def successorArmEmpiricalMeanPeelingRadius (sigma2 : NNReal) (k n : Nat) (delta : Real) : Real
BanditRLProof.ConditionalExpectationReward.successorArmEmpiricalMean_abs_tail_random_pullCount_ennreal_delta_of_reward_map_eq_selected_policy_definitionalRawRangeMeasurableMeanRangeHistoryVarianceBounded [theorem] BanditRLProof/ConditionalRewardLawSource.lean:34383
  theorem successorArmEmpiricalMean_abs_tail_random_pullCount_ennreal_delta_of_reward_map_eq_selected_policy_definitionalRawRangeMeasurableMeanRangeHistoryVarianceBounded {Omega : Type u} {Context : Type v} {State : Type w} {Action : Type x} [mOmega : MeasurableSpace Omega] [StandardBorelSpace Omega] [MeasurableSpace Context] [MeasurableSpace State] [MeasurableSpace Action] [MeasurableSingletonClass Action] [Countable Action] [DecidableEq Action] (mu : MeasureTheory.Measure Omega) [MeasureTheory.IsProbabilityMeasure mu] (rewardKernel : RewardKernel.MarkovRewardKernel (Prod Context Action) Rat) (policy : Nat -> Policy.MeasurablePolicy State Action) (context : (n : Nat) -> ((j : Finset.Iic n) -> Rat) -> Context) (state : (n : Nat) -> ((j : Finset.Iic n) -> Rat) -> State) (mean : Context -> Action -> Rat) (varianceProxy : Context -> Action -> NNReal) (defaultAction arm : Action) (armMean : Rat) (reward : Omega -> RewardTrace Rat) (hreward : forall t : Nat, Measurable (fun omega : Omega => reward omega t)) (rewardLo rewardHi meanLo meanHi : Nat -> Real) (sigma2 : NNReal) (hcontext : forall n : Nat, Measurable (context n)) (hstate : forall n : Nat, Measurable (state n)) (hmean : Measurable (fun pair : Prod Context Action => mean pair.1 pair.2)) (hkernel : RewardKernel.CenteredRewardKernelLaw rewardKernel mean varianceProxy) (hraw : forall i : Nat, forall omega : Omega, Set.Icc (rewardLo i) (rewardHi i) (((reward omega (i + 1) : Rat) : Real))) (hmean_range : forall i : Nat, forall context : Context, forall action : Action, Set.Icc (meanLo i) (meanHi i) (((mean context action : Rat) : Real))) (hvariance : forall i : Nat, forall history : ((j : Finset.Iic i) -> Rat), varianceProxy (context i history) ((policy i).action (state i history)) <= sigma2) (harmMean : forall i : Nat, forall history : ((j : Finset.Iic i) -> Rat), mean (context i history) arm = armMean) (h_reward_map_eq_policy : forall i : Nat, Filter.Eventually (fun omega : Omega => @MeasureTheory.Measure.map Omega Rat mOmega inferInstance (fun y : Omega => reward y (i + 1)) (@ProbabilityTheory.condExpKernel Omega mOmega _ mu _ ((History.historyFiltrationSucc (generatedActionFromRewardHistory policy state defaultAction reward) reward (generatedActionFromRewardHistory_measurable (policy := policy) (state := state) (defaultAction := defaultAction) (reward := reward) hreward hstate) hreward) i) omega) = RewardKernel.selectedMeasure rewardKernel (context i (History.finiteRewardHistoryOfTrace (reward omega) i)) ((policy i).action (state i (History.finiteRewardHistoryOfTrace (reward omega) i)))) (ae (mu.trim ((History.historyFiltrationSucc (generatedActionFromRewardHistory policy state defaultAction reward) reward (generatedActionFromRewardHistory_measurable (policy := policy) (state := state) (defaultAction := defaultAction) (reward := reward) hreward hstate) hreward).le i)))) (n : Nat) (hn : 0 < n) (hsigma2 : 0 < (((sigma2 : NNReal) : Real))) (delta : Real) (hdelta : 0 < delta) : let action := generatedActionFromRewardHistory policy state defaultAction reward
BanditRLProof.ConditionalExpectationReward.successorArmEmpiricalMeanFiniteArmTimeConfidenceShare [def] BanditRLProof/ConditionalRewardLawSource.lean:34524
  noncomputable def successorArmEmpiricalMeanFiniteArmTimeConfidenceShare {Action : Type x} [DecidableEq Action] (arms : Finset Action) (T : Nat) (delta : Real) : Real
BanditRLProof.ConditionalExpectationReward.successorArmEmpiricalMeanFiniteArmTimePeelingRadius [def] BanditRLProof/ConditionalRewardLawSource.lean:34530
  noncomputable def successorArmEmpiricalMeanFiniteArmTimePeelingRadius {Action : Type x} [DecidableEq Action] (sigma2 : NNReal) (k n : Nat) (arms : Finset Action) (T : Nat) (delta : Real) : Real
BanditRLProof.ConditionalExpectationReward.successorArmEmpiricalMeanFiniteArmTimeBadEvent [def] BanditRLProof/ConditionalRewardLawSource.lean:34541
  def successorArmEmpiricalMeanFiniteArmTimeBadEvent {Omega : Type u} {Action : Type x} [DecidableEq Action] (action : Omega -> ActionTrace Action) (reward : Omega -> RewardTrace Rat) (arms : Finset Action) (armMean : Action -> Rat) (sigma2 : NNReal) (T : Nat) (delta : Real) : Set Omega
BanditRLProof.ConditionalExpectationReward.successorArmEmpiricalMean_simultaneous_finiteArmTime_abs_tail_ennreal_delta_of_reward_map_eq_selected_policy_definitionalRawRangeMeasurableMeanRangeHistoryVarianceBounded [theorem] BanditRLProof/ConditionalRewardLawSource.lean:34564
  theorem successorArmEmpiricalMean_simultaneous_finiteArmTime_abs_tail_ennreal_delta_of_reward_map_eq_selected_policy_definitionalRawRangeMeasurableMeanRangeHistoryVarianceBounded {Omega : Type u} {Context : Type v} {State : Type w} {Action : Type x} [mOmega : MeasurableSpace Omega] [StandardBorelSpace Omega] [MeasurableSpace Context] [MeasurableSpace State] [MeasurableSpace Action] [MeasurableSingletonClass Action] [Countable Action] [DecidableEq Action] (mu : MeasureTheory.Measure Omega) [MeasureTheory.IsProbabilityMeasure mu] (rewardKernel : RewardKernel.MarkovRewardKernel (Prod Context Action) Rat) (policy : Nat -> Policy.MeasurablePolicy State Action) (context : (n : Nat) -> ((j : Finset.Iic n) -> Rat) -> Context) (state : (n : Nat) -> ((j : Finset.Iic n) -> Rat) -> State) (mean : Context -> Action -> Rat) (varianceProxy : Context -> Action -> NNReal) (defaultAction : Action) (arms : Finset Action) (harms : arms.Nonempty) (armMean : Action -> Rat) (reward : Omega -> RewardTrace Rat) (hreward : forall t : Nat, Measurable (fun omega : Omega => reward omega t)) (rewardLo rewardHi meanLo meanHi : Nat -> Real) (sigma2 : NNReal) (hcontext : forall n : Nat, Measurable (context n)) (hstate : forall n : Nat, Measurable (state n)) (hmean : Measurable (fun pair : Prod Context Action => mean pair.1 pair.2)) (hkernel : RewardKernel.CenteredRewardKernelLaw rewardKernel mean varianceProxy) (hraw : forall i : Nat, forall omega : Omega, Set.Icc (rewardLo i) (rewardHi i) (((reward omega (i + 1) : Rat) : Real))) (hmean_range : forall i : Nat, forall context : Context, forall action : Action, Set.Icc (meanLo i) (meanHi i) (((mean context action : Rat) : Real))) (hvariance : forall i : Nat, forall history : ((j : Finset.Iic i) -> Rat), varianceProxy (context i history) ((policy i).action (state i history)) <= sigma2) (harmMean : forall i : Nat, forall history : ((j : Finset.Iic i) -> Rat), forall arm, arm ∈ arms -> mean (context i history) arm = armMean arm) (h_reward_map_eq_policy : forall i : Nat, Filter.Eventually (fun omega : Omega => @MeasureTheory.Measure.map Omega Rat mOmega inferInstance (fun y : Omega => reward y (i + 1)) (@ProbabilityTheory.condExpKernel Omega mOmega _ mu _ ((History.historyFiltrationSucc (generatedActionFromRewardHistory policy state defaultAction reward) reward (generatedActionFromRewardHistory_measurable (policy := policy) (state := state) (defaultAction := defaultAction) (reward := reward) hreward hstate) hreward) i) omega) = RewardKernel.selectedMeasure rewardKernel (context i (History.finiteRewardHistoryOfTrace (reward omega) i)) ((policy i).action (state i (History.finiteRewardHistoryOfTrace (reward omega) i)))) (ae (mu.trim ((History.historyFiltrationSucc (generatedActionFromRewardHistory policy state defaultAction reward) reward (generatedActionFromRewardHistory_measurable (policy := policy) (state := state) (defaultAction := defaultAction) (reward := reward) hreward hstate) hreward).le i)))) (T : Nat) (hT : 0 < T) (hsigma2 : 0 < (((sigma2 : NNReal) : Real))) (delta : Real) (hdelta : 0 < delta) :
BanditRLProof.ConditionalExpectationReward.successorArmEmpiricalMean_abs_tail_ennreal_delta_of_reward_map_eq_selected_policy_definitionalRawRangeMeasurableMeanRangeHistoryVarianceBounded [theorem] BanditRLProof/ConditionalRewardLawSource.lean:34725
  theorem successorArmEmpiricalMean_abs_tail_ennreal_delta_of_reward_map_eq_selected_policy_definitionalRawRangeMeasurableMeanRangeHistoryVarianceBounded {Omega : Type u} {Context : Type v} {State : Type w} {Action : Type x} [mOmega : MeasurableSpace Omega] [StandardBorelSpace Omega] [MeasurableSpace Context] [MeasurableSpace State] [MeasurableSpace Action] [MeasurableSingletonClass Action] [Countable Action] [DecidableEq Action] (mu : MeasureTheory.Measure Omega) [MeasureTheory.IsProbabilityMeasure mu] (rewardKernel : RewardKernel.MarkovRewardKernel (Prod Context Action) Rat) (policy : Nat -> Policy.MeasurablePolicy State Action) (context : (n : Nat) -> ((j : Finset.Iic n) -> Rat) -> Context) (state : (n : Nat) -> ((j : Finset.Iic n) -> Rat) -> State) (mean : Context -> Action -> Rat) (varianceProxy : Context -> Action -> NNReal) (defaultAction arm : Action) (armMean : Rat) (reward : Omega -> RewardTrace Rat) (hreward : forall t : Nat, Measurable (fun omega : Omega => reward omega t)) (rewardLo rewardHi meanLo meanHi : Nat -> Real) (varianceCeiling : Nat -> NNReal) (hcontext : forall n : Nat, Measurable (context n)) (hstate : forall n : Nat, Measurable (state n)) (hmean : Measurable (fun pair : Prod Context Action => mean pair.1 pair.2)) (hkernel : RewardKernel.CenteredRewardKernelLaw rewardKernel mean varianceProxy) (hraw : forall i : Nat, forall omega : Omega, Set.Icc (rewardLo i) (rewardHi i) (((reward omega (i + 1) : Rat) : Real))) (hmean_range : forall i : Nat, forall context : Context, forall action : Action, Set.Icc (meanLo i) (meanHi i) (((mean context action : Rat) : Real))) (hvariance : forall i : Nat, forall history : ((j : Finset.Iic i) -> Rat), varianceProxy (context i history) ((policy i).action (state i history)) <= varianceCeiling i) (harmMean : forall i : Nat, forall history : ((j : Finset.Iic i) -> Rat), mean (context i history) arm = armMean) (h_reward_map_eq_policy : forall i : Nat, Filter.Eventually (fun omega : Omega => @MeasureTheory.Measure.map Omega Rat mOmega inferInstance (fun y : Omega => reward y (i + 1)) (@ProbabilityTheory.condExpKernel Omega mOmega _ mu _ ((History.historyFiltrationSucc (generatedActionFromRewardHistory policy state defaultAction reward) reward (generatedActionFromRewardHistory_measurable (policy := policy) (state := state) (defaultAction := defaultAction) (reward := reward) hreward hstate) hreward) i) omega) = RewardKernel.selectedMeasure rewardKernel (context i (History.finiteRewardHistoryOfTrace (reward omega) i)) ((policy i).action (state i (History.finiteRewardHistoryOfTrace (reward omega) i)))) (ae (mu.trim ((History.historyFiltrationSucc (generatedActionFromRewardHistory policy state defaultAction reward) reward (generatedActionFromRewardHistory_measurable (policy := policy) (state := state) (defaultAction := defaultAction) (reward := reward) hreward hstate) hreward).le i)))) (n : Nat) (htotalVariance : 0 < ((((Finset.range n).sum (fun t => match t with | 0 => 0
BanditRLProof.ConditionalExpectationReward.successorArmEmpiricalMeanFintypeGeometricAllTimeBadEvent [def] BanditRLProof/ConditionalRewardPartialTrajectoryGeometricAllTime.lean:29
  noncomputable def successorArmEmpiricalMeanFintypeGeometricAllTimeBadEvent {Omega : Type u} {Action : Type x} [Fintype Action] [DecidableEq Action] (action : Omega -> ActionTrace Action) (reward : Omega -> RewardTrace Rat) (armMean : Action -> Rat) (sigma2 : NNReal) (delta : Real) : Set Omega
BanditRLProof.ConditionalExpectationReward.actionRewardHistoryStepKernelFamily_successorArmEmpiricalMean_simultaneous_fintype_geometricAllTime_abs_tail_ennreal_delta_trajMeasure [theorem] BanditRLProof/ConditionalRewardPartialTrajectoryGeometricAllTime.lean:49
  theorem actionRewardHistoryStepKernelFamily_successorArmEmpiricalMean_simultaneous_fintype_geometricAllTime_abs_tail_ennreal_delta_trajMeasure {Context : Type v} {State : Type w} {Action : Type x} [MeasurableSpace Context] [MeasurableSpace State] [MeasurableSpace Action] [StandardBorelSpace Action] [MeasurableSingletonClass Action] [Fintype Action] [Nonempty Action] [DecidableEq Action] (mu0 : Measure (Prod Action Rat)) [IsProbabilityMeasure mu0] (rewardKernel : RewardKernel.MarkovRewardKernel (Prod Context Action) Rat) (policy : Nat -> Policy.MeasurablePolicy State Action) (context : (n : Nat) -> ((j : Finset.Iic n) -> Rat) -> Context) (state : (n : Nat) -> ((j : Finset.Iic n) -> Rat) -> State) (hcontext : forall n : Nat, Measurable (context n)) (hstate : forall n : Nat, Measurable (state n)) (mean : Context -> Action -> Rat) (varianceProxy : Context -> Action -> NNReal) (law : RewardKernel.CenteredRewardKernelLaw rewardKernel mean varianceProxy) (hmean : Measurable (fun pair : Prod Context Action => mean pair.1 pair.2)) (armMean : Action -> Rat) (sigma2 : NNReal) (hvariance : forall i : Nat, forall history : ((j : Finset.Iic i) -> Rat), varianceProxy (context i history) ((policy i).action (state i history)) <= sigma2) (harmMean : forall i : Nat, forall history : ((j : Finset.Iic i) -> Rat), forall arm : Action, mean (context i history) arm = armMean arm) (hsigma2 : 0 < (((sigma2 : NNReal) : Real))) (delta : Real) (hdelta : 0 < delta) : let pairContext : (i : Nat) -> ((j : Finset.Iic i) -> Prod Action Rat) -> Context := fun i history => context i (History.pairHistoryRewardProjection history) let pairState : (i : Nat) -> ((j : Finset.Iic i) -> Prod Action Rat) -> State := fun i history => state i (History.pairHistoryRewardProjection history) let hpairContext : forall i : Nat, Measurable (pairContext i) := fun i => (hcontext i).comp (History.measurable_pairHistoryRewardProjection (Action := Action) (Reward := Rat) i) let hpairState : forall i : Nat, Measurable (pairState i) := fun i => (hstate i).comp (History.measurable_pairHistoryRewardProjection (Action := Action) (Reward := Rat) i) let stepKernel := RewardKernel.actionRewardHistoryStepKernelFamily rewardKernel policy pairContext pairState hpairContext hpairState let mu := ProbabilityTheory.Kernel.trajMeasure (X := fun _ : Nat => Prod Action Rat) mu0 stepKernel let action : (Nat -> Prod Action Rat) -> ActionTrace Action := fun trajectory t => (trajectory t).1 let reward : (Nat -> Prod Action Rat) -> RewardTrace Rat := fun trajectory t => (trajectory t).2 mu (successorArmEmpiricalMeanFintypeGeometricAllTimeBadEvent action reward armMean sigma2 delta) <= ENNReal.ofReal delta
BanditRLProof.ConditionalExpectationReward.actionRewardHistoryStepKernelFamily_successorArmEmpiricalMean_abs_tail_exact_pullCount_ennreal_delta_trajMeasure_on_horizon [theorem] BanditRLProof/ConditionalRewardPartialTrajectoryMaskedLaw.lean:582
  theorem actionRewardHistoryStepKernelFamily_successorArmEmpiricalMean_abs_tail_exact_pullCount_ennreal_delta_trajMeasure_on_horizon {Context : Type v} {State : Type w} {Action : Type x} [MeasurableSpace Context] [MeasurableSpace State] [MeasurableSpace Action] [StandardBorelSpace Action] [MeasurableSingletonClass Action] [Countable Action] [Nonempty Action] [DecidableEq Action] (mu0 : Measure (Prod Action Rat)) [IsProbabilityMeasure mu0] (rewardKernel : RewardKernel.MarkovRewardKernel (Prod Context Action) Rat) (policy : Nat -> Policy.MeasurablePolicy State Action) (context : (n : Nat) -> ((j : Finset.Iic n) -> Rat) -> Context) (state : (n : Nat) -> ((j : Finset.Iic n) -> Rat) -> State) (hcontext : forall n : Nat, Measurable (context n)) (hstate : forall n : Nat, Measurable (state n)) (mean : Context -> Action -> Rat) (varianceProxy : Context -> Action -> NNReal) (law : RewardKernel.CenteredRewardKernelLaw rewardKernel mean varianceProxy) (hmean : Measurable (fun pair : Prod Context Action => mean pair.1 pair.2)) (arm : Action) (armMean : Rat) (sigma2 : NNReal) (n k : Nat) (hvariance : forall i : Nat, i < n - 1 -> forall history : ((j : Finset.Iic i) -> Rat), varianceProxy (context i history) ((policy i).action (state i history)) <= sigma2) (harmMean : forall i : Nat, forall history : ((j : Finset.Iic i) -> Rat), mean (context i history) arm = armMean) (hk : 0 < k) (hsigma2 : 0 < (((sigma2 : NNReal) : Real))) (delta : Real) (hdelta : 0 < delta) : let pairContext : (i : Nat) -> ((j : Finset.Iic i) -> Prod Action Rat) -> Context := fun i history => context i (History.pairHistoryRewardProjection history) let pairState : (i : Nat) -> ((j : Finset.Iic i) -> Prod Action Rat) -> State := fun i history => state i (History.pairHistoryRewardProjection history) let hpairContext : forall i : Nat, Measurable (pairContext i) := fun i => (hcontext i).comp (History.measurable_pairHistoryRewardProjection (Action := Action) (Reward := Rat) i) let hpairState : forall i : Nat, Measurable (pairState i) := fun i => (hstate i).comp (History.measurable_pairHistoryRewardProjection (Action := Action) (Reward := Rat) i) let stepKernel := RewardKernel.actionRewardHistoryStepKernelFamily rewardKernel policy pairContext pairState hpairContext hpairState let mu := ProbabilityTheory.Kernel.trajMeasure (X := fun _ : Nat => Prod Action Rat) mu0 stepKernel let action : (Nat -> Prod Action Rat) -> ActionTrace Action := fun trajectory t => (trajectory t).1 let reward : (Nat -> Prod Action Rat) -> RewardTrace Rat := fun trajectory t => (trajectory t).2 let count : (Nat -> Prod Action Rat) -> Nat := fun trajectory => successorArmPullCount (action trajectory) arm n mu {trajectory | count trajectory = k ∧ successorArmEmpiricalMeanExactCountRadius sigma2 k delta <= |successorArmEmpiricalMean (action trajectory) (reward trajectory) arm n - (armMean : Real)|} <= ENNReal.ofReal delta
BanditRLProof.ConditionalExpectationReward.actionRewardHistoryStepKernelFamily_successorArmEmpiricalMean_abs_tail_random_pullCount_ennreal_delta_trajMeasure_on_horizon [theorem] BanditRLProof/ConditionalRewardPartialTrajectoryMaskedLaw.lean:817
  theorem actionRewardHistoryStepKernelFamily_successorArmEmpiricalMean_abs_tail_random_pullCount_ennreal_delta_trajMeasure_on_horizon {Context : Type v} {State : Type w} {Action : Type x} [MeasurableSpace Context] [MeasurableSpace State] [MeasurableSpace Action] [StandardBorelSpace Action] [MeasurableSingletonClass Action] [Countable Action] [Nonempty Action] [DecidableEq Action] (mu0 : Measure (Prod Action Rat)) [IsProbabilityMeasure mu0] (rewardKernel : RewardKernel.MarkovRewardKernel (Prod Context Action) Rat) (policy : Nat -> Policy.MeasurablePolicy State Action) (context : (n : Nat) -> ((j : Finset.Iic n) -> Rat) -> Context) (state : (n : Nat) -> ((j : Finset.Iic n) -> Rat) -> State) (hcontext : forall n : Nat, Measurable (context n)) (hstate : forall n : Nat, Measurable (state n)) (mean : Context -> Action -> Rat) (varianceProxy : Context -> Action -> NNReal) (law : RewardKernel.CenteredRewardKernelLaw rewardKernel mean varianceProxy) (hmean : Measurable (fun pair : Prod Context Action => mean pair.1 pair.2)) (arm : Action) (armMean : Rat) (sigma2 : NNReal) (n : Nat) (hvariance : forall i : Nat, i < n - 1 -> forall history : ((j : Finset.Iic i) -> Rat), varianceProxy (context i history) ((policy i).action (state i history)) <= sigma2) (harmMean : forall i : Nat, forall history : ((j : Finset.Iic i) -> Rat), mean (context i history) arm = armMean) (hn : 0 < n) (hsigma2 : 0 < (((sigma2 : NNReal) : Real))) (delta : Real) (hdelta : 0 < delta) : let pairContext : (i : Nat) -> ((j : Finset.Iic i) -> Prod Action Rat) -> Context := fun i history => context i (History.pairHistoryRewardProjection history) let pairState : (i : Nat) -> ((j : Finset.Iic i) -> Prod Action Rat) -> State := fun i history => state i (History.pairHistoryRewardProjection history) let hpairContext : forall i : Nat, Measurable (pairContext i) := fun i => (hcontext i).comp (History.measurable_pairHistoryRewardProjection (Action := Action) (Reward := Rat) i) let hpairState : forall i : Nat, Measurable (pairState i) := fun i => (hstate i).comp (History.measurable_pairHistoryRewardProjection (Action := Action) (Reward := Rat) i) let stepKernel := RewardKernel.actionRewardHistoryStepKernelFamily rewardKernel policy pairContext pairState hpairContext hpairState let mu := ProbabilityTheory.Kernel.trajMeasure (X := fun _ : Nat => Prod Action Rat) mu0 stepKernel let action : (Nat -> Prod Action Rat) -> ActionTrace Action := fun trajectory t => (trajectory t).1 let reward : (Nat -> Prod Action Rat) -> RewardTrace Rat := fun trajectory t => (trajectory t).2 let count : (Nat -> Prod Action Rat) -> Nat := fun trajectory => successorArmPullCount (action trajectory) arm n mu {trajectory | 0 < count trajectory ∧ successorArmEmpiricalMeanPeelingRadius sigma2 (count trajectory) n delta <= |successorArmEmpiricalMean (action trajectory) (reward trajectory) arm n - (armMean : Real)|} <= ENNReal.ofReal delta
BanditRLProof.ConditionalExpectationReward.actionRewardHistoryStepKernelFamily_successorArmEmpiricalMean_simultaneous_finiteArmTime_abs_tail_ennreal_delta_trajMeasure [theorem] BanditRLProof/ConditionalRewardPartialTrajectoryMaskedLaw.lean:956
  theorem actionRewardHistoryStepKernelFamily_successorArmEmpiricalMean_simultaneous_finiteArmTime_abs_tail_ennreal_delta_trajMeasure {Context : Type v} {State : Type w} {Action : Type x} [MeasurableSpace Context] [MeasurableSpace State] [MeasurableSpace Action] [StandardBorelSpace Action] [MeasurableSingletonClass Action] [Countable Action] [Nonempty Action] [DecidableEq Action] (mu0 : Measure (Prod Action Rat)) [IsProbabilityMeasure mu0] (rewardKernel : RewardKernel.MarkovRewardKernel (Prod Context Action) Rat) (policy : Nat -> Policy.MeasurablePolicy State Action) (context : (n : Nat) -> ((j : Finset.Iic n) -> Rat) -> Context) (state : (n : Nat) -> ((j : Finset.Iic n) -> Rat) -> State) (hcontext : forall n : Nat, Measurable (context n)) (hstate : forall n : Nat, Measurable (state n)) (mean : Context -> Action -> Rat) (varianceProxy : Context -> Action -> NNReal) (law : RewardKernel.CenteredRewardKernelLaw rewardKernel mean varianceProxy) (hmean : Measurable (fun pair : Prod Context Action => mean pair.1 pair.2)) (arms : Finset Action) (harms : arms.Nonempty) (armMean : Action -> Rat) (sigma2 : NNReal) (T : Nat) (hvariance : forall i : Nat, i < T - 1 -> forall history : ((j : Finset.Iic i) -> Rat), varianceProxy (context i history) ((policy i).action (state i history)) <= sigma2) (harmMean : forall i : Nat, forall history : ((j : Finset.Iic i) -> Rat), forall arm, arm ∈ arms -> mean (context i history) arm = armMean arm) (hT : 0 < T) (hsigma2 : 0 < (((sigma2 : NNReal) : Real))) (delta : Real) (hdelta : 0 < delta) : let pairContext : (i : Nat) -> ((j : Finset.Iic i) -> Prod Action Rat) -> Context := fun i history => context i (History.pairHistoryRewardProjection history) let pairState : (i : Nat) -> ((j : Finset.Iic i) -> Prod Action Rat) -> State := fun i history => state i (History.pairHistoryRewardProjection history) let hpairContext : forall i : Nat, Measurable (pairContext i) := fun i => (hcontext i).comp (History.measurable_pairHistoryRewardProjection (Action := Action) (Reward := Rat) i) let hpairState : forall i : Nat, Measurable (pairState i) := fun i => (hstate i).comp (History.measurable_pairHistoryRewardProjection (Action := Action) (Reward := Rat) i) let stepKernel := RewardKernel.actionRewardHistoryStepKernelFamily rewardKernel policy pairContext pairState hpairContext hpairState let mu := ProbabilityTheory.Kernel.trajMeasure (X := fun _ : Nat => Prod Action Rat) mu0 stepKernel let action : (Nat -> Prod Action Rat) -> ActionTrace Action := fun trajectory t => (trajectory t).1 let reward : (Nat -> Prod Action Rat) -> RewardTrace Rat := fun trajectory t => (trajectory t).2 mu (successorArmEmpiricalMeanFiniteArmTimeBadEvent action reward arms armMean sigma2 T delta) <= ENNReal.ofReal delta
BanditRLProof.ConditionalExpectationReward.successorArmEmpiricalMeanFintypeTelescopingAllTimeBadEvent [def] BanditRLProof/ConditionalRewardPartialTrajectoryTelescopingAllTime.lean:29
  noncomputable def successorArmEmpiricalMeanFintypeTelescopingAllTimeBadEvent {Omega : Type u} {Action : Type x} [Fintype Action] [DecidableEq Action] (action : Omega -> ActionTrace Action) (reward : Omega -> RewardTrace Rat) (armMean : Action -> Rat) (sigma2 : NNReal) (delta : Real) : Set Omega
BanditRLProof.ConditionalExpectationReward.actionRewardHistoryStepKernelFamily_successorArmEmpiricalMean_simultaneous_fintype_telescopingAllTime_abs_tail_ennreal_delta_trajMeasure [theorem] BanditRLProof/ConditionalRewardPartialTrajectoryTelescopingAllTime.lean:49
  theorem actionRewardHistoryStepKernelFamily_successorArmEmpiricalMean_simultaneous_fintype_telescopingAllTime_abs_tail_ennreal_delta_trajMeasure {Context : Type v} {State : Type w} {Action : Type x} [MeasurableSpace Context] [MeasurableSpace State] [MeasurableSpace Action] [StandardBorelSpace Action] [MeasurableSingletonClass Action] [Fintype Action] [Nonempty Action] [DecidableEq Action] (mu0 : Measure (Prod Action Rat)) [IsProbabilityMeasure mu0] (rewardKernel : RewardKernel.MarkovRewardKernel (Prod Context Action) Rat) (policy : Nat -> Policy.MeasurablePolicy State Action) (context : (n : Nat) -> ((j : Finset.Iic n) -> Rat) -> Context) (state : (n : Nat) -> ((j : Finset.Iic n) -> Rat) -> State) (hcontext : forall n : Nat, Measurable (context n)) (hstate : forall n : Nat, Measurable (state n)) (mean : Context -> Action -> Rat) (varianceProxy : Context -> Action -> NNReal) (law : RewardKernel.CenteredRewardKernelLaw rewardKernel mean varianceProxy) (hmean : Measurable (fun pair : Prod Context Action => mean pair.1 pair.2)) (armMean : Action -> Rat) (sigma2 : NNReal) (hvariance : forall i : Nat, forall history : ((j : Finset.Iic i) -> Rat), varianceProxy (context i history) ((policy i).action (state i history)) <= sigma2) (harmMean : forall i : Nat, forall history : ((j : Finset.Iic i) -> Rat), forall arm : Action, mean (context i history) arm = armMean arm) (hsigma2 : 0 < (((sigma2 : NNReal) : Real))) (delta : Real) (hdelta : 0 < delta) : let pairContext : (i : Nat) -> ((j : Finset.Iic i) -> Prod Action Rat) -> Context := fun i history => context i (History.pairHistoryRewardProjection history) let pairState : (i : Nat) -> ((j : Finset.Iic i) -> Prod Action Rat) -> State := fun i history => state i (History.pairHistoryRewardProjection history) let hpairContext : forall i : Nat, Measurable (pairContext i) := fun i => (hcontext i).comp (History.measurable_pairHistoryRewardProjection (Action := Action) (Reward := Rat) i) let hpairState : forall i : Nat, Measurable (pairState i) := fun i => (hstate i).comp (History.measurable_pairHistoryRewardProjection (Action := Action) (Reward := Rat) i) let stepKernel := RewardKernel.actionRewardHistoryStepKernelFamily rewardKernel policy pairContext pairState hpairContext hpairState let mu := ProbabilityTheory.Kernel.trajMeasure (X := fun _ : Nat => Prod Action Rat) mu0 stepKernel let action : (Nat -> Prod Action Rat) -> ActionTrace Action := fun trajectory t => (trajectory t).1 let reward : (Nat -> Prod Action Rat) -> RewardTrace Rat := fun trajectory t => (trajectory t).2 mu (successorArmEmpiricalMeanFintypeTelescopingAllTimeBadEvent action reward armMean sigma2 delta) <= ENNReal.ofReal delta
BanditRLProof.DelayedFeedback.DelayedSAPOEliminationSnapshot.mem_eliminated_iff [theorem] BanditRLProof/DelayedFeedback/Elimination.lean:35
  theorem mem_eliminated_iff {K : Nat} (snapshot : DelayedSAPOEliminationSnapshot K) (i : Fin K) : i ∈ snapshot.eliminated ↔ i ∈ snapshot.active ∧ snapshot.ucbStar < snapshot.empiricalMean i - (9 : ℝ) * snapshot.empiricalWidth i
BanditRLProof.DelayedFeedback.DelayedSAPOEliminationSnapshot.mem_remainingActive_iff [theorem] BanditRLProof/DelayedFeedback/Elimination.lean:45
  theorem mem_remainingActive_iff {K : Nat} (snapshot : DelayedSAPOEliminationSnapshot K) (i : Fin K) : i ∈ snapshot.remainingActive ↔ i ∈ snapshot.active ∧ snapshot.empiricalMean i - (9 : ℝ) * snapshot.empiricalWidth i ≤ snapshot.ucbStar
BanditRLProof.DelayedFeedback.DelayedSAPOProcessedPrefixCountCertificate.ucbStar_le_empiricalMean_add_width [theorem] BanditRLProof/DelayedFeedback/ProcessedPrefixCounts.lean:266
  theorem ucbStar_le_empiricalMean_add_width {K : Nat} [Nonempty (Fin K)] {snapshot : DelayedSAPOSourceConfidenceSnapshot K} {ledger : DelayedSAPOProcessedPrefix K} {horizon : Nat} (certificate : DelayedSAPOProcessedPrefixCountCertificate snapshot ledger horizon) (mean : Fin K -> Real) (hgood : snapshot.EliminationGoodEvent mean) (i : Fin K) : snapshot.ucbStar <= snapshot.empiricalMean i + snapshot.empiricalWidth i
BanditRLProof.DelayedFeedback.DelayedSAPOProcessedPrefixCountCertificate.activeArmGapBranch [theorem] BanditRLProof/DelayedFeedback/ProcessedPrefixCounts.lean:289
  theorem activeArmGapBranch {K : Nat} [Nonempty (Fin K)] {snapshot : DelayedSAPOSourceConfidenceSnapshot K} {ledger : DelayedSAPOProcessedPrefix K} {horizon : Nat} (certificate : DelayedSAPOProcessedPrefixCountCertificate snapshot ledger horizon) (hhorizon : 1 < horizon) (mean : Fin K -> Real) (hgood : snapshot.EliminationGoodEvent mean) {optimal i : Fin K} (hoptimalActive : optimal ∈ snapshot.active) (hiActive : i ∈ snapshot.active) : (snapshot.ucbStar <= snapshot.empiricalMean optimal + snapshot.empiricalWidth optimal /\ snapshot.empiricalWidth optimal <= 3 * snapshot.empiricalWidth i) \/ (exists scale count : Real, 0 < scale /\ count <= 96 * scale /\ snapshot.empiricalWidth i = sourceEmpiricalWidthScale scale count)
BanditRLProof.DelayedFeedback.gap_le_sixteen_mul_empiricalWidth_of_mem_remainingActive [theorem] BanditRLProof/DelayedFeedback/StochasticGapOrderingAudit.lean:158
  theorem gap_le_sixteen_mul_empiricalWidth_of_mem_remainingActive {K : Nat} [Nonempty (Fin K)] (snapshot : DelayedSAPOSourceConfidenceSnapshot K) (mean : Fin K -> Real) (optimal i : Fin K) (hgood : snapshot.EliminationGoodEvent mean) (hi : i ∈ snapshot.remainingActive) (hucbCurrent : snapshot.ucbStar <= snapshot.empiricalMean optimal + snapshot.empiricalWidth optimal) (hoptimalWidth : snapshot.empiricalWidth optimal <= 3 * snapshot.empiricalWidth i) : mean i - mean optimal <= 16 * snapshot.empiricalWidth i
BanditRLProof.DelayedFeedback.gap_le_sixteen_mul_empiricalWidth_of_mem_remainingActive_of_large_or_small_count [theorem] BanditRLProof/DelayedFeedback/StochasticGapOrderingAudit.lean:191
  theorem gap_le_sixteen_mul_empiricalWidth_of_mem_remainingActive_of_large_or_small_count {K : Nat} [Nonempty (Fin K)] (snapshot : DelayedSAPOSourceConfidenceSnapshot K) (mean : Fin K -> Real) (optimal i : Fin K) (hmeanBounds : forall j, mean j ∈ Set.Icc (0 : Real) 1) (hgood : snapshot.EliminationGoodEvent mean) (hi : i ∈ snapshot.remainingActive) (hbranch : (snapshot.ucbStar <= snapshot.empiricalMean optimal + snapshot.empiricalWidth optimal /\ snapshot.empiricalWidth optimal <= 3 * snapshot.empiricalWidth i) \/ (exists scale count : Real, 0 < scale /\ count <= 96 * scale /\ snapshot.empiricalWidth i = sourceEmpiricalWidthScale scale count)) : mean i - mean optimal <= 16 * snapshot.empiricalWidth i
BanditRLProof.DelayedFeedback.gap_le_twenty_mul_gap_at_earlier_elimination_snapshot [theorem] BanditRLProof/DelayedFeedback/StochasticGapOrderingAudit.lean:229
  theorem gap_le_twenty_mul_gap_at_earlier_elimination_snapshot {K : Nat} [Nonempty (Fin K)] (snapshot : DelayedSAPOSourceConfidenceSnapshot K) (mean : Fin K -> Real) (optimal iEarlier iLater : Fin K) (hoptimal : forall j, mean optimal <= mean j) (hgood : snapshot.EliminationGoodEvent mean) (hEarlierEliminated : iEarlier ∈ snapshot.eliminated) (hLaterRemaining : iLater ∈ snapshot.remainingActive) (hucbCurrent : snapshot.ucbStar <= snapshot.empiricalMean optimal + snapshot.empiricalWidth optimal) (hoptimalWidth : snapshot.empiricalWidth optimal <= 3 * snapshot.empiricalWidth iLater) (hpairWidth : snapshot.empiricalWidth iLater <= 10 * snapshot.empiricalWidth iEarlier) : mean iLater - mean optimal <= 20 * (mean iEarlier - mean optimal)
BanditRLProof.DelayedFeedback.gap_le_twenty_mul_gap_at_earlier_elimination_snapshot_of_large_or_small_count [theorem] BanditRLProof/DelayedFeedback/StochasticGapOrderingAudit.lean:260
  theorem gap_le_twenty_mul_gap_at_earlier_elimination_snapshot_of_large_or_small_count {K : Nat} [Nonempty (Fin K)] (snapshot : DelayedSAPOSourceConfidenceSnapshot K) (mean : Fin K -> Real) (optimal iEarlier iLater : Fin K) (hoptimal : forall j, mean optimal <= mean j) (hmeanBounds : forall j, mean j ∈ Set.Icc (0 : Real) 1) (hgood : snapshot.EliminationGoodEvent mean) (hEarlierEliminated : iEarlier ∈ snapshot.eliminated) (hLaterRemaining : iLater ∈ snapshot.remainingActive) (hbranch : (snapshot.ucbStar <= snapshot.empiricalMean optimal + snapshot.empiricalWidth optimal /\ snapshot.empiricalWidth optimal <= 3 * snapshot.empiricalWidth iLater) \/ (exists scale count : Real, 0 < scale /\ count <= 96 * scale /\ snapshot.empiricalWidth iLater = sourceEmpiricalWidthScale scale count)) (hpairWidth : snapshot.empiricalWidth iLater <= 10 * snapshot.empiricalWidth iEarlier) : mean iLater - mean optimal <= 20 * (mean iEarlier - mean optimal)
BanditRL.OnlineLearning.empiricalMean_update [theorem] BanditRLProof/OnlineLearningFTL.lean:30
  theorem empiricalMean_update (y : ℕ → ℝ) (t : ℕ) (ht : 0 < t) : empiricalMean y (t+1) = empiricalMean y t + (y t - empiricalMean y t) / (t+1)
BanditRL.OnlineLearning.meanPredict_stability [theorem] BanditRLProof/OnlineLearningFTL.lean:42
  theorem meanPredict_stability (y : ℕ → ℝ) (t : ℕ) (hy : ∀ i ≤ t, y i ∈ Set.Icc (0 : ℝ) 1) : (meanPredict y t - y t)^2 - (empiricalMean y (t+1) - y t)^2 ≤ 4 / (t+1)
BanditRL.OnlineLearning.theorem_1_3 [theorem] BanditRLProof/OnlineLearningFTL.lean:81
  theorem theorem_1_3 (y : ℕ → ℝ) (T : ℕ) (hT : 0 < T) (hy : ∀ t < T, y t ∈ Set.Icc (0 : ℝ) 1) : (∑ t ∈ Finset.range T, (meanPredict y t - y t)^2) - (∑ t ∈ Finset.range T, (empiricalMean y T - y t)^2) ≤ 4 + 4 * Real.log T
BanditRL.OnlineLearning.meanPredict_initial_stability [theorem] BanditRLProof/OnlineLearningFTL.lean:99
  theorem meanPredict_initial_stability (y : ℕ → ℝ) (hy : y 0 ∈ Set.Icc (0 : ℝ) 1) : (meanPredict y 0 - y 0)^2 - (empiricalMean y 1 - y 0)^2 ≤ (1 : ℝ) / 4
BanditRL.OnlineLearning.meanPredict_regret_refined [theorem] BanditRLProof/OnlineLearningFTL.lean:106
  theorem meanPredict_regret_refined (y : ℕ → ℝ) (T : ℕ) (hT : 0 < T) (hy : ∀ t < T, y t ∈ Set.Icc (0 : ℝ) 1) : (∑ t ∈ Finset.range T, (meanPredict y t - y t)^2) - (∑ t ∈ Finset.range T, (empiricalMean y T - y t)^2) ≤ (1 : ℝ) / 4 + ∑ t ∈ Finset.range (T - 1), 4 / ((t : ℝ) + 2)
BanditRL.OnlineLearning.empiricalMean [def] BanditRLProof/OnlineLearningMean.lean:8
  noncomputable def empiricalMean (y : ℕ → ℝ) (n : ℕ) : ℝ
BanditRL.OnlineLearning.empiricalMean_decomposition [theorem] BanditRLProof/OnlineLearningMean.lean:12
  theorem empiricalMean_decomposition (y : ℕ → ℝ) (n : ℕ) (hn : 0 < n) (u : ℝ) : (∑ t ∈ Finset.range n, (u - y t)^2) = (∑ t ∈ Finset.range n, (empiricalMean y n - y t)^2) + n * (u - empiricalMean y n)^2
BanditRL.OnlineLearning.empiricalMean_minimizes [theorem] BanditRLProof/OnlineLearningMean.lean:28
  theorem empiricalMean_minimizes (y : ℕ → ℝ) (n : ℕ) (hn : 0 < n) (u : ℝ) : (∑ t ∈ Finset.range n, (empiricalMean y n - y t)^2) ≤ ∑ t ∈ Finset.range n, (u - y t)^2
BanditRL.OnlineLearning.empiricalMean_mem [theorem] BanditRLProof/OnlineLearningMean.lean:36
  theorem empiricalMean_mem (y : ℕ → ℝ) (n : ℕ) (hn : 0 < n) (hy : ∀ t < n, y t ∈ Set.Icc (0 : ℝ) 1) : empiricalMean y n ∈ Set.Icc (0 : ℝ) 1
BanditRL.OnlineLearning.empiricalMean_unique [theorem] BanditRLProof/OnlineLearningMean.lean:48
  theorem empiricalMean_unique (y : ℕ → ℝ) (n : ℕ) (hn : 0 < n) (u : ℝ) (hu : (∑ t ∈ Finset.range n, (u-y t)^2) ≤ ∑ t ∈ Finset.range n, (empiricalMean y n-y t)^2) : u = empiricalMean y n
