⚠ [3472/3989] Replayed BanditRLProof.ConcentrationMartingaleMaximal
warning: BanditRLProof/ConcentrationMartingaleMaximal.lean:58:18: `mul_le_mul_left'` has been deprecated: Use `mul_le_mul_right` instead
warning: BanditRLProof/ConcentrationMartingaleMaximal.lean:70:25: Used `tac1 <;> tac2` where `(tac1; tac2)` would suffice

Note: This linter can be disabled with `set_option linter.unnecessarySeqFocus false`
warning: BanditRLProof/ConcentrationMartingaleMaximal.lean:70:37: Used `tac1 <;> tac2` where `(tac1; tac2)` would suffice

Note: This linter can be disabled with `set_option linter.unnecessarySeqFocus false`
warning: BanditRLProof/ConcentrationMartingaleMaximal.lean:85:4: Used `tac1 <;> tac2` where `(tac1; tac2)` would suffice

Note: This linter can be disabled with `set_option linter.unnecessarySeqFocus false`
⚠ [3693/3989] Replayed BanditRLProof.Algorithms.KLUCBBernoulli
warning: BanditRLProof/Algorithms/KLUCBBernoulli.lean:44:5: unused variable `hp`

Note: This linter can be disabled with `set_option linter.unusedVariables false`
warning: BanditRLProof/Algorithms/KLUCBBernoulli.lean:45:7: unused variable `hq`

Note: This linter can be disabled with `set_option linter.unusedVariables false`
warning: BanditRLProof/Algorithms/KLUCBBernoulli.lean:46:9: unused variable `hq0`

Note: This linter can be disabled with `set_option linter.unusedVariables false`
warning: BanditRLProof/Algorithms/KLUCBBernoulli.lean:47:11: unused variable `hp0`

Note: This linter can be disabled with `set_option linter.unusedVariables false`
warning: BanditRLProof/Algorithms/KLUCBBernoulli.lean:48:14: unused variable `hq1`

Note: This linter can be disabled with `set_option linter.unusedVariables false`
warning: BanditRLProof/Algorithms/KLUCBBernoulli.lean:49:11: unused variable `hp1`

Note: This linter can be disabled with `set_option linter.unusedVariables false`
warning: BanditRLProof/Algorithms/KLUCBBernoulli.lean:130:30: unused variable `hp1`

Note: This linter can be disabled with `set_option linter.unusedVariables false`
warning: BanditRLProof/Algorithms/KLUCBBernoulli.lean:132:30: This simp argument is unused:
  hp1

Hint: Omit it from the simp argument list.
  simp [bernoulliKLCore, hp0,̵ ̵h̵p̵1̵]

Note: This linter can be disabled with `set_option linter.unusedSimpArgs false`
warning: BanditRLProof/Algorithms/KLUCBBernoulli.lean:197:74: Used `tac1 <;> tac2` where `(tac1; tac2)` would suffice

Note: This linter can be disabled with `set_option linter.unnecessarySeqFocus false`
warning: BanditRLProof/Algorithms/KLUCBBernoulli.lean:203:47: Used `tac1 <;> tac2` where `(tac1; tac2)` would suffice

Note: This linter can be disabled with `set_option linter.unnecessarySeqFocus false`
warning: BanditRLProof/Algorithms/KLUCBBernoulli.lean:204:28: Used `tac1 <;> tac2` where `(tac1; tac2)` would suffice

Note: This linter can be disabled with `set_option linter.unnecessarySeqFocus false`
warning: BanditRLProof/Algorithms/KLUCBBernoulli.lean:238:67: Used `tac1 <;> tac2` where `(tac1; tac2)` would suffice

Note: This linter can be disabled with `set_option linter.unnecessarySeqFocus false`
warning: BanditRLProof/Algorithms/KLUCBBernoulli.lean:241:61: Used `tac1 <;> tac2` where `(tac1; tac2)` would suffice

Note: This linter can be disabled with `set_option linter.unnecessarySeqFocus false`
warning: BanditRLProof/Algorithms/KLUCBBernoulli.lean:428:35: unused variable `hbudget`

Note: This linter can be disabled with `set_option linter.unusedVariables false`
warning: BanditRLProof/Algorithms/KLUCBBernoulli.lean:432:31: This simp argument is unused:
  hbudget

Hint: Omit it from the simp argument list.
  simp [bernoulliKL_self hp,̵ ̵h̵b̵u̵d̵g̵e̵t̵]

Note: This linter can be disabled with `set_option linter.unusedSimpArgs false`
warning: BanditRLProof/Algorithms/KLUCBBernoulli.lean:495:25: unused variable `hbudget`

Note: This linter can be disabled with `set_option linter.unusedVariables false`
warning: BanditRLProof/Algorithms/KLUCBBernoulli.lean:497:23: This simp argument is unused:
  hbudget

Hint: Omit it from the simp argument list.
  simp [confidenceSet,̵ ̵h̵b̵u̵d̵g̵e̵t̵]

Note: This linter can be disabled with `set_option linter.unusedSimpArgs false`
⚠ [3709/3989] Replayed BanditRLProof.LowerBounds.GaussianTesting
warning: BanditRLProof/LowerBounds/GaussianTesting.lean:69:35: Used `tac1 <;> tac2` where `(tac1; tac2)` would suffice

Note: This linter can be disabled with `set_option linter.unnecessarySeqFocus false`
⚠ [3722/3989] Replayed BanditRLProof.LowerBounds.DyadicAddresses
warning: BanditRLProof/LowerBounds/DyadicAddresses.lean:41:75: Used `tac1 <;> tac2` where `(tac1; tac2)` would suffice

Note: This linter can be disabled with `set_option linter.unnecessarySeqFocus false`
⚠ [3781/3989] Replayed BanditRLProof.Algorithms.UCBConditionalRewardLawPolicy
warning: BanditRLProof/Algorithms/UCBConditionalRewardLawPolicy.lean:478:6: try 'simp' instead of 'simpa'

Note: This linter can be disabled with `set_option linter.unnecessarySimpa false`
warning: BanditRLProof/Algorithms/UCBConditionalRewardLawPolicy.lean:1379:9: `mul_le_mul_left'` has been deprecated: Use `mul_le_mul_right` instead
warning: BanditRLProof/Algorithms/UCBConditionalRewardLawPolicy.lean:1376:12: This simp argument is unused:
  overflow

Hint: Omit it from the simp argument list.
  simp [o̵v̵e̵r̵f̵l̵o̵w̵,̵ ̵IsProbabilityMeasure.measure_univ]

Note: This linter can be disabled with `set_option linter.unusedSimpArgs false`
⚠ [3782/3989] Replayed BanditRLProof.Algorithms.UCBConditionalRewardLawRegret
warning: BanditRLProof/Algorithms/UCBConditionalRewardLawRegret.lean:252:14: `mul_le_mul_left'` has been deprecated: Use `mul_le_mul_right` instead
⚠ [3801/3989] Replayed BanditRLProof.Algorithms.StochasticGradientBanditTheoremTwoStarvation
warning: BanditRLProof/Algorithms/StochasticGradientBanditTheoremTwoStarvation.lean:155:4: try 'simp' instead of 'simpa'

Note: This linter can be disabled with `set_option linter.unnecessarySimpa false`
⚠ [3812/3989] Replayed BanditRLProof.LowerBounds.InstanceDependent
warning: BanditRLProof/LowerBounds/InstanceDependent.lean:643:2: `push_neg` has been deprecated. Prefer using `push Not` instead.
If you'd rather continue using `push_neg` in your project, you can implement it as follows:
```
open Lean.Parser.Tactic in
macro "push_neg" cfg:optConfig loc:(location)? : tactic =>
  `(tactic| push $cfg:optConfig Not $[$loc]?)
```
warning: BanditRLProof/LowerBounds/InstanceDependent.lean:1742:8: `mul_le_mul_left'` has been deprecated: Use `mul_le_mul_right` instead
⚠ [3843/3989] Replayed BanditRLProof.Algorithms.HOOTree
warning: BanditRLProof/Algorithms/HOOTree.lean:103:6: try 'simp' instead of 'simpa'

Note: This linter can be disabled with `set_option linter.unnecessarySimpa false`
warning: BanditRLProof/Algorithms/HOOTree.lean:113:6: try 'simp' instead of 'simpa'

Note: This linter can be disabled with `set_option linter.unnecessarySimpa false`
⚠ [3845/3989] Replayed BanditRLProof.Algorithms.HOOHistory
warning: BanditRLProof/Algorithms/HOOHistory.lean:45:17: try 'simp' instead of 'simpa'

Note: This linter can be disabled with `set_option linter.unnecessarySimpa false`
warning: BanditRLProof/Algorithms/HOOHistory.lean:119:38: `Fin.coe_castSucc` has been deprecated: Use `Fin.val_castSucc` instead
⚠ [3851/3989] Replayed BanditRLProof.Algorithms.HOOConditionalMGF
warning: BanditRLProof/Algorithms/HOOConditionalMGF.lean:53:6: try 'simp' instead of 'simpa'

Note: This linter can be disabled with `set_option linter.unnecessarySimpa false`
⚠ [3852/3989] Replayed BanditRLProof.Algorithms.HOOConcentration
warning: BanditRLProof/Algorithms/HOOConcentration.lean:78:6: try 'simp' instead of 'simpa'

Note: This linter can be disabled with `set_option linter.unnecessarySimpa false`
warning: BanditRLProof/Algorithms/HOOConcentration.lean:119:23: Used `tac1 <;> tac2` where `(tac1; tac2)` would suffice

Note: This linter can be disabled with `set_option linter.unnecessarySeqFocus false`
⚠ [3856/3989] Replayed BanditRLProof.Algorithms.HOOPathComparison
warning: BanditRLProof/Algorithms/HOOPathComparison.lean:44:2: `push_neg` has been deprecated. Prefer using `push Not` instead.
If you'd rather continue using `push_neg` in your project, you can implement it as follows:
```
open Lean.Parser.Tactic in
macro "push_neg" cfg:optConfig loc:(location)? : tactic =>
  `(tactic| push $cfg:optConfig Not $[$loc]?)
```
⚠ [3895/4687] Replayed BanditRLProof.Algorithms.HOOExpectedRegret
warning: BanditRLProof/Algorithms/HOOExpectedRegret.lean:124:23: Used `tac1 <;> tac2` where `(tac1; tac2)` would suffice

Note: This linter can be disabled with `set_option linter.unnecessarySeqFocus false`
⚠ [3896/4687] Replayed BanditRLProof.Algorithms.HOORegretAlgebra
warning: BanditRLProof/Algorithms/HOORegretAlgebra.lean:54:4: Used `tac1 <;> tac2` where `(tac1; tac2)` would suffice

Note: This linter can be disabled with `set_option linter.unnecessarySeqFocus false`
warning: BanditRLProof/Algorithms/HOORegretAlgebra.lean:61:23: Used `tac1 <;> tac2` where `(tac1; tac2)` would suffice

Note: This linter can be disabled with `set_option linter.unnecessarySeqFocus false`
warning: BanditRLProof/Algorithms/HOORegretAlgebra.lean:64:21: Used `tac1 <;> tac2` where `(tac1; tac2)` would suffice

Note: This linter can be disabled with `set_option linter.unnecessarySeqFocus false`
warning: BanditRLProof/Algorithms/HOORegretAlgebra.lean:64:59: Used `tac1 <;> tac2` where `(tac1; tac2)` would suffice

Note: This linter can be disabled with `set_option linter.unnecessarySeqFocus false`
⚠ [4080/4687] Replayed BanditRLProof.OFULConcreteHistoryRidgeSelection
warning: BanditRLProof/OFULConcreteHistoryRidgeSelection.lean:50:4: try 'simp' instead of 'simpa'

Note: This linter can be disabled with `set_option linter.unnecessarySimpa false`
⚠ [4134/4687] Replayed BanditRLProof.Algorithms.UCBFixedPolicyTelescopingAnytimeRegret
warning: BanditRLProof/Algorithms/UCBFixedPolicyTelescopingAnytimeRegret.lean:309:4: try 'simp' instead of 'simpa'

Note: This linter can be disabled with `set_option linter.unnecessarySimpa false`
warning: BanditRLProof/Algorithms/UCBFixedPolicyTelescopingAnytimeRegret.lean:455:32: unused variable `hK`

Note: This linter can be disabled with `set_option linter.unusedVariables false`
⚠ [4135/4687] Replayed BanditRLProof.Algorithms.KLUCBGeneratedRegret
warning: BanditRLProof/Algorithms/KLUCBGeneratedRegret.lean:251:4: try 'simp' instead of 'simpa'

Note: This linter can be disabled with `set_option linter.unnecessarySimpa false`
warning: BanditRLProof/Algorithms/KLUCBGeneratedRegret.lean:450:5: unused variable `hbest`

Note: This linter can be disabled with `set_option linter.unusedVariables false`
warning: BanditRLProof/Algorithms/KLUCBGeneratedRegret.lean:681:8: 'change
  UCB.selectedPolicySuccessorTelescopingPullThreshold K sigma2 T delta effectiveGap <=
    ConditionalExpectationReward.successorArmPullCount (action omega) chosen (t + 1)' tactic does nothing

Note: This linter can be disabled with `set_option linter.unusedTactic false`
⚠ [4153/4687] Replayed BanditRLProof.RL.FiniteHorizonStochasticRewardCumulativeConcentration
warning: BanditRLProof/RL/FiniteHorizonStochasticRewardCumulativeConcentration.lean:176:6: try 'simp' instead of 'simpa'

Note: This linter can be disabled with `set_option linter.unnecessarySimpa false`
⚠ [4154/4687] Replayed BanditRLProof.RL.FiniteHorizonStochasticRewardBellmanInnovationConcentration
warning: BanditRLProof/RL/FiniteHorizonStochasticRewardBellmanInnovationConcentration.lean:379:6: try 'simp' instead of 'simpa'

Note: This linter can be disabled with `set_option linter.unnecessarySimpa false`
⚠ [4174/4687] Replayed BanditRLProof.RL.FiniteHorizonStochasticRewardIIDEmpiricalRewardConfidence
warning: BanditRLProof/RL/FiniteHorizonStochasticRewardIIDEmpiricalRewardConfidence.lean:156:0: automatically included section variable(s) unused in theorem `BanditRLProof.FiniteHorizonRL.RewardStepTrace.stateAt_cons_zero`:
  [MeasurableSpace State]
  [MeasurableSpace Action]
consider restructuring your `variable` declarations so that the variables are not in scope or explicitly omit them:
  omit [MeasurableSpace State] [MeasurableSpace Action] in theorem ...

Note: This linter can be disabled with `set_option linter.unusedSectionVars false`
warning: BanditRLProof/RL/FiniteHorizonStochasticRewardIIDEmpiricalRewardConfidence.lean:168:0: automatically included section variable(s) unused in theorem `BanditRLProof.FiniteHorizonRL.RewardStepTrace.stateAt_cons_succ`:
  [MeasurableSpace State]
  [MeasurableSpace Action]
consider restructuring your `variable` declarations so that the variables are not in scope or explicitly omit them:
  omit [MeasurableSpace State] [MeasurableSpace Action] in theorem ...

Note: This linter can be disabled with `set_option linter.unusedSectionVars false`
warning: BanditRLProof/RL/FiniteHorizonStochasticRewardIIDEmpiricalRewardConfidence.lean:227:0: automatically included section variable(s) unused in theorem `BanditRLProof.FiniteHorizonRL.MDP.measurable_maskedRewardDeviationAt`:
  [Nonempty State]
  [Nonempty Action]
consider restructuring your `variable` declarations so that the variables are not in scope or explicitly omit them:
  omit [Nonempty State] [Nonempty Action] in theorem ...

Note: This linter can be disabled with `set_option linter.unusedSectionVars false`
warning: BanditRLProof/RL/FiniteHorizonStochasticRewardIIDEmpiricalRewardConfidence.lean:243:0: automatically included section variable(s) unused in theorem `BanditRLProof.FiniteHorizonRL.MDP.measurable_maskedRewardDeviationAt_trajectory`:
  [Nonempty State]
  [Nonempty Action]
consider restructuring your `variable` declarations so that the variables are not in scope or explicitly omit them:
  omit [Nonempty State] [Nonempty Action] in theorem ...

Note: This linter can be disabled with `set_option linter.unusedSectionVars false`
warning: BanditRLProof/RL/FiniteHorizonStochasticRewardIIDEmpiricalRewardConfidence.lean:271:0: automatically included section variable(s) unused in theorem `BanditRLProof.FiniteHorizonRL.MDP.measurable_sampledEpisodeStepOfStochasticTrajectory`:
  [DecidableEq State]
  [DecidableEq Action]
  [MeasurableSingletonClass State]
  [MeasurableSingletonClass Action]
  [Nonempty State]
  [Nonempty Action]
consider restructuring your `variable` declarations so that the variables are not in scope or explicitly omit them:
  omit [DecidableEq
  State] [DecidableEq
  Action] [MeasurableSingletonClass
  State] [MeasurableSingletonClass Action] [Nonempty State] [Nonempty Action] in theorem ...

Note: This linter can be disabled with `set_option linter.unusedSectionVars false`
warning: BanditRLProof/RL/FiniteHorizonStochasticRewardIIDEmpiricalRewardConfidence.lean:319:0: automatically included section variable(s) unused in theorem `BanditRLProof.FiniteHorizonRL.MDP.MeanCompatibleRewardKernel.actionRewardStateKernel_maskedRewardDeviation_hasSubgaussianMGF`:
  [MeasurableSingletonClass State]
  [Nonempty State]
  [Nonempty Action]
consider restructuring your `variable` declarations so that the variables are not in scope or explicitly omit them:
  omit [MeasurableSingletonClass State] [Nonempty State] [Nonempty Action] in theorem ...

Note: This linter can be disabled with `set_option linter.unusedSectionVars false`
warning: BanditRLProof/RL/FiniteHorizonStochasticRewardIIDEmpiricalRewardConfidence.lean:482:36: unused variable `source`

Note: This linter can be disabled with `set_option linter.unusedVariables false`
⚠ [4175/4687] Replayed BanditRLProof.RL.FiniteHorizonStochasticRewardIIDAllCoordinateEmpiricalModelConfidence
warning: BanditRLProof/RL/FiniteHorizonStochasticRewardIIDAllCoordinateEmpiricalModelConfidence.lean:30:0: automatically included section variable(s) unused in theorem `BanditRLProof.FiniteHorizonRL.MDP.rewardStepTrace_stateAt_eq_trajectoryStateAt_eraseTrajectory`:
  [DecidableEq State]
  [DecidableEq Action]
  [MeasurableSingletonClass State]
  [MeasurableSingletonClass Action]
  [Nonempty State]
  [Nonempty Action]
consider restructuring your `variable` declarations so that the variables are not in scope or explicitly omit them:
  omit [DecidableEq
  State] [DecidableEq
  Action] [MeasurableSingletonClass
  State] [MeasurableSingletonClass Action] [Nonempty State] [Nonempty Action] in theorem ...

Note: This linter can be disabled with `set_option linter.unusedSectionVars false`
warning: BanditRLProof/RL/FiniteHorizonStochasticRewardIIDAllCoordinateEmpiricalModelConfidence.lean:56:0: automatically included section variable(s) unused in theorem `BanditRLProof.FiniteHorizonRL.MDP.sampledEpisodeStep_action_eq_knownRewardEpisodeStep`:
  [DecidableEq State]
  [DecidableEq Action]
  [MeasurableSingletonClass State]
  [MeasurableSingletonClass Action]
  [Nonempty State]
  [Nonempty Action]
consider restructuring your `variable` declarations so that the variables are not in scope or explicitly omit them:
  omit [DecidableEq
  State] [DecidableEq
  Action] [MeasurableSingletonClass
  State] [MeasurableSingletonClass Action] [Nonempty State] [Nonempty Action] in theorem ...

Note: This linter can be disabled with `set_option linter.unusedSectionVars false`
warning: BanditRLProof/RL/FiniteHorizonStochasticRewardIIDAllCoordinateEmpiricalModelConfidence.lean:68:0: automatically included section variable(s) unused in theorem `BanditRLProof.FiniteHorizonRL.MDP.sampledEpisodeStep_nextState_eq_knownRewardEpisodeStep`:
  [DecidableEq State]
  [DecidableEq Action]
  [MeasurableSingletonClass State]
  [MeasurableSingletonClass Action]
  [Nonempty State]
  [Nonempty Action]
consider restructuring your `variable` declarations so that the variables are not in scope or explicitly omit them:
  omit [DecidableEq
  State] [DecidableEq
  Action] [MeasurableSingletonClass
  State] [MeasurableSingletonClass Action] [Nonempty State] [Nonempty Action] in theorem ...

Note: This linter can be disabled with `set_option linter.unusedSectionVars false`
warning: BanditRLProof/RL/FiniteHorizonStochasticRewardIIDAllCoordinateEmpiricalModelConfidence.lean:162:5: unused variable `source`

Note: This linter can be disabled with `set_option linter.unusedVariables false`
warning: BanditRLProof/RL/FiniteHorizonStochasticRewardIIDAllCoordinateEmpiricalModelConfidence.lean:320:0: automatically included section variable(s) unused in theorem `BanditRLProof.FiniteHorizonRL.MDP.MeanCompatibleRewardKernel.simultaneousRewardDelta_pos`:
  [DecidableEq State]
  [DecidableEq Action]
  [MeasurableSingletonClass State]
  [MeasurableSingletonClass Action]
  [Nonempty State]
  [Nonempty Action]
consider restructuring your `variable` declarations so that the variables are not in scope or explicitly omit them:
  omit [DecidableEq
  State] [DecidableEq
  Action] [MeasurableSingletonClass
  State] [MeasurableSingletonClass Action] [Nonempty State] [Nonempty Action] in theorem ...

Note: This linter can be disabled with `set_option linter.unusedSectionVars false`
warning: BanditRLProof/RL/FiniteHorizonStochasticRewardIIDAllCoordinateEmpiricalModelConfidence.lean:329:0: automatically included section variable(s) unused in theorem `BanditRLProof.FiniteHorizonRL.MDP.MeanCompatibleRewardKernel.simultaneousRewardDelta_le_one`:
  [DecidableEq State]
  [DecidableEq Action]
  [MeasurableSingletonClass State]
  [MeasurableSingletonClass Action]
  [Nonempty State]
  [Nonempty Action]
consider restructuring your `variable` declarations so that the variables are not in scope or explicitly omit them:
  omit [DecidableEq
  State] [DecidableEq
  Action] [MeasurableSingletonClass
  State] [MeasurableSingletonClass Action] [Nonempty State] [Nonempty Action] in theorem ...

Note: This linter can be disabled with `set_option linter.unusedSectionVars false`
warning: BanditRLProof/RL/FiniteHorizonStochasticRewardIIDAllCoordinateEmpiricalModelConfidence.lean:390:0: automatically included section variable(s) unused in theorem `BanditRLProof.FiniteHorizonRL.MDP.MeanCompatibleRewardKernel.maskedRewardDeviation_sum_abs_lt_of_not_mem_simultaneousRewardBadEvent`:
  [MeasurableSingletonClass State]
  [MeasurableSingletonClass Action]
  [Nonempty State]
  [Nonempty Action]
consider restructuring your `variable` declarations so that the variables are not in scope or explicitly omit them:
  omit [MeasurableSingletonClass
  State] [MeasurableSingletonClass Action] [Nonempty State] [Nonempty Action] in theorem ...

Note: This linter can be disabled with `set_option linter.unusedSectionVars false`
warning: BanditRLProof/RL/FiniteHorizonStochasticRewardIIDAllCoordinateEmpiricalModelConfidence.lean:408:0: automatically included section variable(s) unused in theorem `BanditRLProof.FiniteHorizonRL.MDP.MeanCompatibleRewardKernel.maskedRewardDeviation_sum_eq_sampledBatch_rewardSum_sub`:
  [MeasurableSingletonClass State]
  [MeasurableSingletonClass Action]
  [Nonempty State]
  [Nonempty Action]
consider restructuring your `variable` declarations so that the variables are not in scope or explicitly omit them:
  omit [MeasurableSingletonClass
  State] [MeasurableSingletonClass Action] [Nonempty State] [Nonempty Action] in theorem ...

Note: This linter can be disabled with `set_option linter.unusedSectionVars false`
warning: BanditRLProof/RL/FiniteHorizonStochasticRewardIIDAllCoordinateEmpiricalModelConfidence.lean:444:5: unused variable `source`

Note: This linter can be disabled with `set_option linter.unusedVariables false`
warning: BanditRLProof/RL/FiniteHorizonStochasticRewardIIDAllCoordinateEmpiricalModelConfidence.lean:565:0: automatically included section variable(s) unused in theorem `BanditRLProof.FiniteHorizonRL.MDP.StochasticAllCoordinateConfidence.upperValueRemaining_abs_le`:
  [Nonempty State]
consider restructuring your `variable` declarations so that the variables are not in scope or explicitly omit them:
  omit [Nonempty State] in theorem ...

Note: This linter can be disabled with `set_option linter.unusedSectionVars false`
⚠ [4194/4687] Replayed BanditRLProof.RL.FiniteHorizonAdaptiveCumulativeCountMartingaleConfidence
warning: BanditRLProof/RL/FiniteHorizonAdaptiveCumulativeCountMartingaleConfidence.lean:409:0: automatically included section variable(s) unused in theorem `BanditRLProof.FiniteHorizonRL.AdaptiveEpisodeBatchSource.coordinateIncrement_zero_hasSubgaussianMGF`:
  [Nonempty State]
  [Nonempty Action]
consider restructuring your `variable` declarations so that the variables are not in scope or explicitly omit them:
  omit [Nonempty State] [Nonempty Action] in theorem ...

Note: This linter can be disabled with `set_option linter.unusedSectionVars false`
warning: BanditRLProof/RL/FiniteHorizonAdaptiveCumulativeCountMartingaleConfidence.lean:662:0: automatically included section variable(s) unused in theorem `BanditRLProof.FiniteHorizonRL.AdaptiveEpisodeBatchSource.cumulativeCountIndex_nonempty`:
  [DecidableEq State]
  [DecidableEq Action]
  [MeasurableSingletonClass State]
  [MeasurableSingletonClass Action]
consider restructuring your `variable` declarations so that the variables are not in scope or explicitly omit them:
  omit [DecidableEq
  State] [DecidableEq Action] [MeasurableSingletonClass State] [MeasurableSingletonClass Action] in theorem ...

Note: This linter can be disabled with `set_option linter.unusedSectionVars false`
warning: BanditRLProof/RL/FiniteHorizonAdaptiveCumulativeCountMartingaleConfidence.lean:671:0: automatically included section variable(s) unused in theorem `BanditRLProof.FiniteHorizonRL.AdaptiveEpisodeBatchSource.cumulativeCountLocalDelta_pos`:
  [DecidableEq State]
  [DecidableEq Action]
  [MeasurableSingletonClass State]
  [MeasurableSingletonClass Action]
  [Nonempty State]
  [Nonempty Action]
consider restructuring your `variable` declarations so that the variables are not in scope or explicitly omit them:
  omit [DecidableEq
  State] [DecidableEq
  Action] [MeasurableSingletonClass
  State] [MeasurableSingletonClass Action] [Nonempty State] [Nonempty Action] in theorem ...

Note: This linter can be disabled with `set_option linter.unusedSectionVars false`
warning: BanditRLProof/RL/FiniteHorizonAdaptiveCumulativeCountMartingaleConfidence.lean:681:0: automatically included section variable(s) unused in theorem `BanditRLProof.FiniteHorizonRL.AdaptiveEpisodeBatchSource.cumulativeCountLocalDelta_le_one`:
  [DecidableEq State]
  [DecidableEq Action]
  [MeasurableSingletonClass State]
  [MeasurableSingletonClass Action]
  [Nonempty State]
  [Nonempty Action]
consider restructuring your `variable` declarations so that the variables are not in scope or explicitly omit them:
  omit [DecidableEq
  State] [DecidableEq
  Action] [MeasurableSingletonClass
  State] [MeasurableSingletonClass Action] [Nonempty State] [Nonempty Action] in theorem ...

Note: This linter can be disabled with `set_option linter.unusedSectionVars false`
warning: BanditRLProof/RL/FiniteHorizonAdaptiveCumulativeCountMartingaleConfidence.lean:728:0: automatically included section variable(s) unused in theorem `BanditRLProof.FiniteHorizonRL.AdaptiveEpisodeBatchSource.cumulativeCoordinateDeviation_abs_lt_of_not_mem_badEvent`:
  [MeasurableSingletonClass State]
  [MeasurableSingletonClass Action]
consider restructuring your `variable` declarations so that the variables are not in scope or explicitly omit them:
  omit [MeasurableSingletonClass State] [MeasurableSingletonClass Action] in theorem ...

Note: This linter can be disabled with `set_option linter.unusedSectionVars false`
warning: BanditRLProof/RL/FiniteHorizonAdaptiveCumulativeCountMartingaleConfidence.lean:775:0: automatically included section variable(s) unused in theorem `BanditRLProof.FiniteHorizonRL.AdaptiveEpisodeBatchSource.coordinateIncrement_eq_rawCount_sub_meanAt`:
  [MeasurableSingletonClass State]
  [MeasurableSingletonClass Action]
  [Nonempty State]
  [Nonempty Action]
consider restructuring your `variable` declarations so that the variables are not in scope or explicitly omit them:
  omit [MeasurableSingletonClass
  State] [MeasurableSingletonClass Action] [Nonempty State] [Nonempty Action] in theorem ...

Note: This linter can be disabled with `set_option linter.unusedSectionVars false`
warning: BanditRLProof/RL/FiniteHorizonAdaptiveCumulativeCountMartingaleConfidence.lean:818:0: automatically included section variable(s) unused in theorem `BanditRLProof.FiniteHorizonRL.AdaptiveEpisodeBatchSource.cumulativeCoordinateRawCount_visit`:
  [MeasurableSingletonClass State]
  [MeasurableSingletonClass Action]
  [Nonempty State]
  [Nonempty Action]
consider restructuring your `variable` declarations so that the variables are not in scope or explicitly omit them:
  omit [MeasurableSingletonClass
  State] [MeasurableSingletonClass Action] [Nonempty State] [Nonempty Action] in theorem ...

Note: This linter can be disabled with `set_option linter.unusedSectionVars false`
warning: BanditRLProof/RL/FiniteHorizonAdaptiveCumulativeCountMartingaleConfidence.lean:834:0: automatically included section variable(s) unused in theorem `BanditRLProof.FiniteHorizonRL.AdaptiveEpisodeBatchSource.cumulativeCoordinateRawCount_transition`:
  [MeasurableSingletonClass State]
  [MeasurableSingletonClass Action]
  [Nonempty State]
  [Nonempty Action]
consider restructuring your `variable` declarations so that the variables are not in scope or explicitly omit them:
  omit [MeasurableSingletonClass
  State] [MeasurableSingletonClass Action] [Nonempty State] [Nonempty Action] in theorem ...

Note: This linter can be disabled with `set_option linter.unusedSectionVars false`
warning: BanditRLProof/RL/FiniteHorizonAdaptiveCumulativeCountMartingaleConfidence.lean:849:0: automatically included section variable(s) unused in theorem `BanditRLProof.FiniteHorizonRL.AdaptiveEpisodeBatchSource.coordinateMeanAt_transition_eq_visit_mul_transition`:
  [Nonempty State]
  [Nonempty Action]
consider restructuring your `variable` declarations so that the variables are not in scope or explicitly omit them:
  omit [Nonempty State] [Nonempty Action] in theorem ...

Note: This linter can be disabled with `set_option linter.unusedSectionVars false`
⚠ [4202/4687] Replayed BanditRLProof.RL.FiniteHorizonAdaptiveCumulativeExploratoryBehaviorRegret
warning: BanditRLProof/RL/FiniteHorizonAdaptiveCumulativeExploratoryBehaviorRegret.lean:30:0: automatically included section variable(s) unused in theorem `BanditRLProof.FiniteHorizonRL.DeterministicMarkovPolicyTable.exploratoryActionPMF_apply`:
  [DecidableEq State]
  [MeasurableSingletonClass State]
  [MeasurableSingletonClass Action]
  [Nonempty State]
consider restructuring your `variable` declarations so that the variables are not in scope or explicitly omit them:
  omit [DecidableEq
  State] [MeasurableSingletonClass State] [MeasurableSingletonClass Action] [Nonempty State] in theorem ...

Note: This linter can be disabled with `set_option linter.unusedSectionVars false`
warning: BanditRLProof/RL/FiniteHorizonAdaptiveCumulativeExploratoryBehaviorRegret.lean:91:8: try 'simp' instead of 'simpa'

Note: This linter can be disabled with `set_option linter.unnecessarySimpa false`
warning: BanditRLProof/RL/FiniteHorizonAdaptiveCumulativeExploratoryBehaviorRegret.lean:43:0: automatically included section variable(s) unused in theorem `BanditRLProof.FiniteHorizonRL.DeterministicMarkovPolicyTable.integral_exploratoryActionPMF`:
  [DecidableEq State]
  [MeasurableSingletonClass State]
  [Nonempty State]
consider restructuring your `variable` declarations so that the variables are not in scope or explicitly omit them:
  omit [DecidableEq State] [MeasurableSingletonClass State] [Nonempty State] in theorem ...

Note: This linter can be disabled with `set_option linter.unusedSectionVars false`
warning: BanditRLProof/RL/FiniteHorizonAdaptiveCumulativeExploratoryBehaviorRegret.lean:151:0: automatically included section variable(s) unused in theorem `BanditRLProof.FiniteHorizonRL.MDP.bellmanQ_abs_le`:
  [DecidableEq State]
  [DecidableEq Action]
  [MeasurableSingletonClass State]
  [MeasurableSingletonClass Action]
  [Nonempty State]
  [Nonempty Action]
consider restructuring your `variable` declarations so that the variables are not in scope or explicitly omit them:
  omit [DecidableEq
  State] [DecidableEq
  Action] [MeasurableSingletonClass
  State] [MeasurableSingletonClass Action] [Nonempty State] [Nonempty Action] in theorem ...

Note: This linter can be disabled with `set_option linter.unusedSectionVars false`
warning: BanditRLProof/RL/FiniteHorizonAdaptiveCumulativeExploratoryBehaviorRegret.lean:172:0: automatically included section variable(s) unused in theorem `BanditRLProof.FiniteHorizonRL.MDP.transitionValue_sub_le_const`:
  [DecidableEq State]
  [DecidableEq Action]
  [MeasurableSingletonClass Action]
  [Nonempty State]
  [Nonempty Action]
consider restructuring your `variable` declarations so that the variables are not in scope or explicitly omit them:
  omit [DecidableEq
  State] [DecidableEq Action] [MeasurableSingletonClass Action] [Nonempty State] [Nonempty Action] in theorem ...

Note: This linter can be disabled with `set_option linter.unusedSectionVars false`
warning: BanditRLProof/RL/FiniteHorizonAdaptiveCumulativeExploratoryBehaviorRegret.lean:234:0: automatically included section variable(s) unused in theorem `BanditRLProof.FiniteHorizonRL.DeterministicMarkovPolicyTable.toMarkovPolicy_bellman`:
  [DecidableEq State]
  [DecidableEq Action]
  [MeasurableSingletonClass Action]
  [Nonempty State]
  [Nonempty Action]
consider restructuring your `variable` declarations so that the variables are not in scope or explicitly omit them:
  omit [DecidableEq
  State] [DecidableEq Action] [MeasurableSingletonClass Action] [Nonempty State] [Nonempty Action] in theorem ...

Note: This linter can be disabled with `set_option linter.unusedSectionVars false`
⚠ [4212/4687] Replayed BanditRLProof.RL.FiniteHorizonAdaptiveStochasticRewardSampledEmpiricalOptimisticSelfConsistentSchedule
warning: BanditRLProof/RL/FiniteHorizonAdaptiveStochasticRewardSampledEmpiricalOptimisticSelfConsistentSchedule.lean:269:0: automatically included section variable(s) unused in theorem `BanditRLProof.FiniteHorizonRL.AdaptiveStochasticEpisodeBatchSource.selfConsistentCountShrinkEpisodeThreshold_lt_scheduledEpisodes`:
  [DecidableEq State]
  [DecidableEq Action]
  [Nonempty State]
  [Nonempty Action]
consider restructuring your `variable` declarations so that the variables are not in scope or explicitly omit them:
  omit [DecidableEq State] [DecidableEq Action] [Nonempty State] [Nonempty Action] in theorem ...

Note: This linter can be disabled with `set_option linter.unusedSectionVars false`
warning: BanditRLProof/RL/FiniteHorizonAdaptiveStochasticRewardSampledEmpiricalOptimisticSelfConsistentSchedule.lean:284:0: automatically included section variable(s) unused in theorem `BanditRLProof.FiniteHorizonRL.AdaptiveStochasticEpisodeBatchSource.selfConsistentRewardShrinkEpisodeThreshold_lt_scheduledEpisodes`:
  [DecidableEq State]
  [DecidableEq Action]
  [MeasurableSingletonClass State]
  [MeasurableSingletonClass Action]
  [Nonempty State]
  [Nonempty Action]
consider restructuring your `variable` declarations so that the variables are not in scope or explicitly omit them:
  omit [DecidableEq
  State] [DecidableEq
  Action] [MeasurableSingletonClass
  State] [MeasurableSingletonClass Action] [Nonempty State] [Nonempty Action] in theorem ...

Note: This linter can be disabled with `set_option linter.unusedSectionVars false`
warning: BanditRLProof/RL/FiniteHorizonAdaptiveStochasticRewardSampledEmpiricalOptimisticSelfConsistentSchedule.lean:301:0: automatically included section variable(s) unused in theorem `BanditRLProof.FiniteHorizonRL.AdaptiveStochasticEpisodeBatchSource.selfConsistentScheduled_countMargin_and_halfContraction`:
  [DecidableEq State]
  [DecidableEq Action]
  [Nonempty State]
consider restructuring your `variable` declarations so that the variables are not in scope or explicitly omit them:
  omit [DecidableEq State] [DecidableEq Action] [Nonempty State] in theorem ...

Note: This linter can be disabled with `set_option linter.unusedSectionVars false`
warning: BanditRLProof/RL/FiniteHorizonAdaptiveStochasticRewardSampledEmpiricalOptimisticSelfConsistentSchedule.lean:372:0: automatically included section variable(s) unused in theorem `BanditRLProof.FiniteHorizonRL.AdaptiveStochasticEpisodeBatchSource.selfConsistentScheduledCountRadius_lt_mass_div_scale_sq`:
  [MeasurableSingletonClass State]
  [MeasurableSingletonClass Action]
consider restructuring your `variable` declarations so that the variables are not in scope or explicitly omit them:
  omit [MeasurableSingletonClass State] [MeasurableSingletonClass Action] in theorem ...

Note: This linter can be disabled with `set_option linter.unusedSectionVars false`
warning: BanditRLProof/RL/FiniteHorizonAdaptiveStochasticRewardSampledEmpiricalOptimisticSelfConsistentSchedule.lean:430:0: automatically included section variable(s) unused in theorem `BanditRLProof.FiniteHorizonRL.AdaptiveStochasticEpisodeBatchSource.selfConsistentScheduledRewardBudget_nonneg`:
  [MeasurableSingletonClass State]
  [MeasurableSingletonClass Action]
consider restructuring your `variable` declarations so that the variables are not in scope or explicitly omit them:
  omit [MeasurableSingletonClass State] [MeasurableSingletonClass Action] in theorem ...

Note: This linter can be disabled with `set_option linter.unusedSectionVars false`
warning: BanditRLProof/RL/FiniteHorizonAdaptiveStochasticRewardSampledEmpiricalOptimisticSelfConsistentSchedule.lean:499:0: automatically included section variable(s) unused in theorem `BanditRLProof.FiniteHorizonRL.AdaptiveStochasticEpisodeBatchSource.selfConsistentScheduledTransitionContraction_nonneg`:
  [MeasurableSingletonClass State]
  [MeasurableSingletonClass Action]
consider restructuring your `variable` declarations so that the variables are not in scope or explicitly omit them:
  omit [MeasurableSingletonClass State] [MeasurableSingletonClass Action] in theorem ...

Note: This linter can be disabled with `set_option linter.unusedSectionVars false`
warning: BanditRLProof/RL/FiniteHorizonAdaptiveStochasticRewardSampledEmpiricalOptimisticSelfConsistentSchedule.lean:586:0: automatically included section variable(s) unused in theorem `BanditRLProof.FiniteHorizonRL.AdaptiveStochasticEpisodeBatchSource.selfConsistentScheduledTransitionContraction_lt_one`:
  [MeasurableSingletonClass State]
  [MeasurableSingletonClass Action]
consider restructuring your `variable` declarations so that the variables are not in scope or explicitly omit them:
  omit [MeasurableSingletonClass State] [MeasurableSingletonClass Action] in theorem ...

Note: This linter can be disabled with `set_option linter.unusedSectionVars false`
warning: BanditRLProof/RL/FiniteHorizonAdaptiveStochasticRewardSampledEmpiricalOptimisticSelfConsistentSchedule.lean:784:0: automatically included section variable(s) unused in theorem `BanditRLProof.FiniteHorizonRL.AdaptiveStochasticEpisodeBatchSource.selfConsistentScheduledNormalizedSuccessorGlobalReturnRadius_tendsto_zero`:
  [DecidableEq State]
  [DecidableEq Action]
  [MeasurableSingletonClass State]
  [MeasurableSingletonClass Action]
  [Nonempty State]
  [Nonempty Action]
consider restructuring your `variable` declarations so that the variables are not in scope or explicitly omit them:
  omit [DecidableEq
  State] [DecidableEq
  Action] [MeasurableSingletonClass
  State] [MeasurableSingletonClass Action] [Nonempty State] [Nonempty Action] in theorem ...

Note: This linter can be disabled with `set_option linter.unusedSectionVars false`
warning: BanditRLProof/RL/FiniteHorizonAdaptiveStochasticRewardSampledEmpiricalOptimisticSelfConsistentSchedule.lean:874:8: unused variable `visitFloor`

Note: This linter can be disabled with `set_option linter.unusedVariables false`
warning: BanditRLProof/RL/FiniteHorizonAdaptiveStochasticRewardSampledEmpiricalOptimisticSelfConsistentSchedule.lean:879:8: unused variable `localDelta`

Note: This linter can be disabled with `set_option linter.unusedVariables false`
⚠ [4223/4687] Replayed BanditRLProof.RL.FiniteHorizonAdaptiveCumulativeRealizedBehaviorRegret
warning: BanditRLProof/RL/FiniteHorizonAdaptiveCumulativeRealizedBehaviorRegret.lean:42:0: automatically included section variable(s) unused in theorem `BanditRLProof.FiniteHorizonRL.MDP.traceStateAtFrom_tail`:
  [MeasurableSpace State]
  [MeasurableSpace Action]
  [Fintype State]
  [Fintype Action]
  [DecidableEq State]
  [DecidableEq Action]
  [MeasurableSingletonClass State]
  [MeasurableSingletonClass Action]
  [Nonempty State]
  [Nonempty Action]
consider restructuring your `variable` declarations so that the variables are not in scope or explicitly omit them:
  omit [MeasurableSpace
  State] [MeasurableSpace
  Action] [Fintype
  State] [Fintype
  Action] [DecidableEq
  State] [DecidableEq
  Action] [MeasurableSingletonClass
  State] [MeasurableSingletonClass Action] [Nonempty State] [Nonempty Action] in theorem ...

Note: This linter can be disabled with `set_option linter.unusedSectionVars false`
warning: BanditRLProof/RL/FiniteHorizonAdaptiveCumulativeRealizedBehaviorRegret.lean:50:32: This simp argument is unused:
  Fin.tail

Hint: Omit it from the simp argument list.
  simp [traceStateAtFrom,̵ ̵F̵i̵n̵.̵t̵a̵i̵l̵]

Note: This linter can be disabled with `set_option linter.unusedSimpArgs false`
warning: BanditRLProof/RL/FiniteHorizonAdaptiveCumulativeRealizedBehaviorRegret.lean:82:0: automatically included section variable(s) unused in theorem `BanditRLProof.FiniteHorizonRL.EpisodeBatch.measurable_episodeReturn`:
  [DecidableEq State]
  [DecidableEq Action]
  [MeasurableSingletonClass State]
  [MeasurableSingletonClass Action]
  [Nonempty State]
  [Nonempty Action]
consider restructuring your `variable` declarations so that the variables are not in scope or explicitly omit them:
  omit [DecidableEq
  State] [DecidableEq
  Action] [MeasurableSingletonClass
  State] [MeasurableSingletonClass Action] [Nonempty State] [Nonempty Action] in theorem ...

Note: This linter can be disabled with `set_option linter.unusedSectionVars false`
warning: BanditRLProof/RL/FiniteHorizonAdaptiveCumulativeRealizedBehaviorRegret.lean:95:0: automatically included section variable(s) unused in theorem `BanditRLProof.FiniteHorizonRL.EpisodeBatch.abs_episodeReturn_le_horizon_of_rewardConsistent`:
  [DecidableEq State]
  [DecidableEq Action]
  [MeasurableSingletonClass State]
  [MeasurableSingletonClass Action]
  [Nonempty State]
  [Nonempty Action]
consider restructuring your `variable` declarations so that the variables are not in scope or explicitly omit them:
  omit [DecidableEq
  State] [DecidableEq
  Action] [MeasurableSingletonClass
  State] [MeasurableSingletonClass Action] [Nonempty State] [Nonempty Action] in theorem ...

Note: This linter can be disabled with `set_option linter.unusedSectionVars false`
warning: BanditRLProof/RL/FiniteHorizonAdaptiveCumulativeRealizedBehaviorRegret.lean:165:0: automatically included section variable(s) unused in theorem `BanditRLProof.FiniteHorizonRL.MarkovPolicy.integral_cumulativeReward_eval_iidTrajectoryFamilyMeasure`:
  [DecidableEq State]
  [DecidableEq Action]
  [MeasurableSingletonClass State]
  [MeasurableSingletonClass Action]
  [Nonempty State]
  [Nonempty Action]
consider restructuring your `variable` declarations so that the variables are not in scope or explicitly omit them:
  omit [DecidableEq
  State] [DecidableEq
  Action] [MeasurableSingletonClass
  State] [MeasurableSingletonClass Action] [Nonempty State] [Nonempty Action] in theorem ...

Note: This linter can be disabled with `set_option linter.unusedSectionVars false`
warning: BanditRLProof/RL/FiniteHorizonAdaptiveCumulativeRealizedBehaviorRegret.lean:537:0: automatically included section variable(s) unused in theorem `BanditRLProof.FiniteHorizonRL.AdaptiveEpisodeBatchSource.batchReturnVarianceProxy_pos`:
  [DecidableEq State]
  [DecidableEq Action]
  [MeasurableSingletonClass State]
  [MeasurableSingletonClass Action]
  [Nonempty State]
  [Nonempty Action]
consider restructuring your `variable` declarations so that the variables are not in scope or explicitly omit them:
  omit [DecidableEq
  State] [DecidableEq
  Action] [MeasurableSingletonClass
  State] [MeasurableSingletonClass Action] [Nonempty State] [Nonempty Action] in theorem ...

Note: This linter can be disabled with `set_option linter.unusedSectionVars false`
warning: BanditRLProof/RL/FiniteHorizonAdaptiveCumulativeRealizedBehaviorRegret.lean:623:5: unused variable `source`

Note: This linter can be disabled with `set_option linter.unusedVariables false`
warning: BanditRLProof/RL/FiniteHorizonAdaptiveCumulativeRealizedBehaviorRegret.lean:680:32: This simp argument is unused:
  Preorder.frestrictLe₂_apply

Hint: Omit it from the simp argument list.
  simp only [successorReturnIncrement, successorReturnPrefixIncrement, P̵r̵e̵o̵r̵d̵e̵r̵.̵f̵r̵e̵s̵t̵r̵i̵c̵t̵L̵e̵_̵a̵p̵p̵l̵y̵,̵ ̵P̵r̵e̵o̵r̵d̵e̵r̵.̵f̵r̵e̵s̵t̵r̵i̵c̵t̵L̵e̵₂̵_̵a̵p̵p̵l̵y̵]̵P̲r̲e̲o̲r̲d̲e̲r̲.̲f̲r̲e̲s̲t̲r̲i̲c̲t̲L̲e̲_̲a̲p̲p̲l̲y̲]̲

Note: This linter can be disabled with `set_option linter.unusedSimpArgs false`
warning: BanditRLProof/RL/FiniteHorizonAdaptiveCumulativeRealizedBehaviorRegret.lean:684:0: automatically included section variable(s) unused in theorem `BanditRLProof.FiniteHorizonRL.AdaptiveEpisodeBatchSource.cumulativeSuccessorReturnDeviation_eq_fin_sum`:
  [DecidableEq State]
  [DecidableEq Action]
  [MeasurableSingletonClass State]
  [MeasurableSingletonClass Action]
  [Nonempty State]
  [Nonempty Action]
consider restructuring your `variable` declarations so that the variables are not in scope or explicitly omit them:
  omit [DecidableEq
  State] [DecidableEq
  Action] [MeasurableSingletonClass
  State] [MeasurableSingletonClass Action] [Nonempty State] [Nonempty Action] in theorem ...

Note: This linter can be disabled with `set_option linter.unusedSectionVars false`
warning: BanditRLProof/RL/FiniteHorizonAdaptiveCumulativeRealizedBehaviorRegret.lean:854:0: automatically included section variable(s) unused in theorem `BanditRLProof.FiniteHorizonRL.AdaptiveCumulativeEmpiricalOptimisticSource.exploratorySource_successorExpectedCumulativeRegret_eq`:
  [Nonempty State]
consider restructuring your `variable` declarations so that the variables are not in scope or explicitly omit them:
  omit [Nonempty State] in theorem ...

Note: This linter can be disabled with `set_option linter.unusedSectionVars false`
⚠ [4225/4687] Replayed BanditRLProof.RL.FiniteHorizonAdaptiveCumulativeEpisodewiseRealizedBehaviorConsistency
warning: BanditRLProof/RL/FiniteHorizonAdaptiveCumulativeEpisodewiseRealizedBehaviorConsistency.lean:49:0: automatically included section variable(s) unused in theorem `BanditRLProof.FiniteHorizonRL.MarkovPolicy.iIndepFun_episodeRowOfTrajectory`:
  [DecidableEq State]
  [DecidableEq Action]
  [Nonempty State]
  [Nonempty Action]
consider restructuring your `variable` declarations so that the variables are not in scope or explicitly omit them:
  omit [DecidableEq State] [DecidableEq Action] [Nonempty State] [Nonempty Action] in theorem ...

Note: This linter can be disabled with `set_option linter.unusedSectionVars false`
⚠ [4242/4687] Replayed BanditRLProof.RL.FiniteHorizonNaturalCausalRealizedBehaviorRegretHighProbabilityExplicitSchedule
warning: BanditRLProof/RL/FiniteHorizonNaturalCausalRealizedBehaviorRegretHighProbabilityExplicitSchedule.lean:311:0: automatically included section variable(s) unused in theorem `BanditRLProof.FiniteHorizonRL.AdaptiveStochasticSampledEmpiricalOptimisticSource.explicitPolynomialPrefixAverageReturnRadius_tendsto_zero`:
  [DecidableEq State]
  [DecidableEq Action]
  [MeasurableSingletonClass State]
  [MeasurableSingletonClass Action]
  [Nonempty State]
  [Nonempty Action]
consider restructuring your `variable` declarations so that the variables are not in scope or explicitly omit them:
  omit [DecidableEq
  State] [DecidableEq
  Action] [MeasurableSingletonClass
  State] [MeasurableSingletonClass Action] [Nonempty State] [Nonempty Action] in theorem ...

Note: This linter can be disabled with `set_option linter.unusedSectionVars false`
ℹ [4259/4687] Replayed BanditRLProof.RL.FiniteHorizonNaturalCausalInverseSqrtThresholdUnboundedHittingAfterIntegrableFiniteStoppingTime
info: BanditRLProof/RL/FiniteHorizonNaturalCausalInverseSqrtThresholdUnboundedHittingAfterIntegrableFiniteStoppingTime.lean:352:45: Try this:
  [apply] ring_nf
  
  The `ring` tactic failed to close the goal. Use `ring_nf` to obtain a normal form.
    
  Note that `ring` works primarily in *commutative* rings. If you have a noncommutative ring, abelian group or module, consider using `noncomm_ring`, `abel` or `module` instead.
ℹ [4260/4687] Replayed BanditRLProof.RL.FiniteHorizonNaturalCausalInverseSqrtThresholdUnboundedHittingAfterSquareIntegrableFiniteStoppingTime
info: BanditRLProof/RL/FiniteHorizonNaturalCausalInverseSqrtThresholdUnboundedHittingAfterSquareIntegrableFiniteStoppingTime.lean:263:45: Try this:
  [apply] ring_nf
  
  The `ring` tactic failed to close the goal. Use `ring_nf` to obtain a normal form.
    
  Note that `ring` works primarily in *commutative* rings. If you have a noncommutative ring, abelian group or module, consider using `noncomm_ring`, `abel` or `module` instead.
⚠ [4263/4687] Replayed BanditRLProof.RL.FiniteHorizonNaturalCausalBoundedStoppingTimeHighProbabilityAverageRealizedBehaviorRegret
warning: BanditRLProof/RL/FiniteHorizonNaturalCausalBoundedStoppingTimeHighProbabilityAverageRealizedBehaviorRegret.lean:133:5: unused variable `rewardSource`

Note: This linter can be disabled with `set_option linter.unusedVariables false`
warning: BanditRLProof/RL/FiniteHorizonNaturalCausalBoundedStoppingTimeHighProbabilityAverageRealizedBehaviorRegret.lean:134:5: unused variable `initialTable`

Note: This linter can be disabled with `set_option linter.unusedVariables false`
warning: BanditRLProof/RL/FiniteHorizonNaturalCausalBoundedStoppingTimeHighProbabilityAverageRealizedBehaviorRegret.lean:135:5: unused variable `defaultState`

Note: This linter can be disabled with `set_option linter.unusedVariables false`
warning: BanditRLProof/RL/FiniteHorizonNaturalCausalBoundedStoppingTimeHighProbabilityAverageRealizedBehaviorRegret.lean:156:0: automatically included section variable(s) unused in theorem `BanditRLProof.FiniteHorizonRL.AdaptiveStochasticSampledEmpiricalOptimisticSource.selfConsistentScheduledNaturalCausalStoppedRealizedAverageLogarithmicRate_apply`:
  [DecidableEq State]
  [DecidableEq Action]
  [MeasurableSingletonClass State]
  [MeasurableSingletonClass Action]
  [Nonempty State]
  [Nonempty Action]
consider restructuring your `variable` declarations so that the variables are not in scope or explicitly omit them:
  omit [DecidableEq
  State] [DecidableEq
  Action] [MeasurableSingletonClass
  State] [MeasurableSingletonClass Action] [Nonempty State] [Nonempty Action] in theorem ...

Note: This linter can be disabled with `set_option linter.unusedSectionVars false`
⚠ [4264/4687] Replayed BanditRLProof.RL.FiniteHorizonNaturalCausalBoundedStoppingTimeSingleModelEventHighProbabilityAverageRealizedBehaviorRegret
warning: BanditRLProof/RL/FiniteHorizonNaturalCausalBoundedStoppingTimeSingleModelEventHighProbabilityAverageRealizedBehaviorRegret.lean:33:0: automatically included section variable(s) unused in theorem `BanditRLProof.FiniteHorizonRL.HeterogeneousAdaptiveStochasticEpisodeBatchSource.finiteHorizonBadEvent_mono`:
  [DecidableEq State]
  [DecidableEq Action]
  [MeasurableSingletonClass State]
  [MeasurableSingletonClass Action]
  [Nonempty State]
  [Nonempty Action]
consider restructuring your `variable` declarations so that the variables are not in scope or explicitly omit them:
  omit [DecidableEq
  State] [DecidableEq
  Action] [MeasurableSingletonClass
  State] [MeasurableSingletonClass Action] [Nonempty State] [Nonempty Action] in theorem ...

Note: This linter can be disabled with `set_option linter.unusedSectionVars false`
⚠ [4266/4687] Replayed BanditRLProof.RL.FiniteHorizonNaturalCausalBoundedStoppingTimeExplicitExpectedAverageRealizedBehaviorRegret
warning: BanditRLProof/RL/FiniteHorizonNaturalCausalBoundedStoppingTimeExplicitExpectedAverageRealizedBehaviorRegret.lean:170:0: automatically included section variable(s) unused in theorem `BanditRLProof.FiniteHorizonRL.AdaptiveStochasticSampledEmpiricalOptimisticSource.selfConsistentScheduledNaturalCausalRealizedAverageLogarithmicRate_nonneg`:
  [DecidableEq State]
  [DecidableEq Action]
  [MeasurableSingletonClass State]
  [MeasurableSingletonClass Action]
  [Nonempty State]
  [Nonempty Action]
consider restructuring your `variable` declarations so that the variables are not in scope or explicitly omit them:
  omit [DecidableEq
  State] [DecidableEq
  Action] [MeasurableSingletonClass
  State] [MeasurableSingletonClass Action] [Nonempty State] [Nonempty Action] in theorem ...

Note: This linter can be disabled with `set_option linter.unusedSectionVars false`
⚠ [4267/4687] Replayed BanditRLProof.RL.FiniteHorizonNaturalCausalBoundedStoppingTimeExplicitDeterministicMomentExpectedAverageRealizedBehaviorRegret
warning: BanditRLProof/RL/FiniteHorizonNaturalCausalBoundedStoppingTimeExplicitDeterministicMomentExpectedAverageRealizedBehaviorRegret.lean:78:0: automatically included section variable(s) unused in theorem `BanditRLProof.FiniteHorizonRL.AdaptiveStochasticSampledEmpiricalOptimisticSource.selfConsistentScheduledNaturalCausalAverageRealizedBehaviorRegretSecondMomentEnvelope_nonneg`:
  [DecidableEq State]
  [DecidableEq Action]
  [MeasurableSingletonClass State]
  [MeasurableSingletonClass Action]
  [Nonempty State]
  [Nonempty Action]
consider restructuring your `variable` declarations so that the variables are not in scope or explicitly omit them:
  omit [DecidableEq
  State] [DecidableEq
  Action] [MeasurableSingletonClass
  State] [MeasurableSingletonClass Action] [Nonempty State] [Nonempty Action] in theorem ...

Note: This linter can be disabled with `set_option linter.unusedSectionVars false`
⚠ [4268/4687] Replayed BanditRLProof.RL.FiniteHorizonNaturalCausalInverseSqrtThresholdUnboundedHittingAfterIntegrableExpectedUpperBound
warning: BanditRLProof/RL/FiniteHorizonNaturalCausalInverseSqrtThresholdUnboundedHittingAfterIntegrableExpectedUpperBound.lean:43:0: automatically included section variable(s) unused in theorem `BanditRLProof.FiniteHorizonRL.AdaptiveStochasticSampledEmpiricalOptimisticSource.selfConsistentScheduledNaturalCausalAverageRealizedBehaviorRegretUniformSecondMomentEnvelope_nonneg`:
  [DecidableEq State]
  [DecidableEq Action]
  [MeasurableSingletonClass State]
  [MeasurableSingletonClass Action]
  [Nonempty State]
  [Nonempty Action]
consider restructuring your `variable` declarations so that the variables are not in scope or explicitly omit them:
  omit [DecidableEq
  State] [DecidableEq
  Action] [MeasurableSingletonClass
  State] [MeasurableSingletonClass Action] [Nonempty State] [Nonempty Action] in theorem ...

Note: This linter can be disabled with `set_option linter.unusedSectionVars false`
⚠ [4295/4687] Replayed BanditRLProof.RL.FiniteHorizonAdaptiveCumulativeUCBVIAggregateTransition
warning: BanditRLProof/RL/FiniteHorizonAdaptiveCumulativeUCBVIAggregateTransition.lean:57:0: automatically included section variable(s) unused in theorem `BanditRLProof.FiniteHorizonRL.TransitionCountSummary.sum_aggregateTransitionCount_eq_aggregateVisitCount`:
  [DecidableEq State]
  [DecidableEq Action]
consider restructuring your `variable` declarations so that the variables are not in scope or explicitly omit them:
  omit [DecidableEq State] [DecidableEq Action] in theorem ...

Note: This linter can be disabled with `set_option linter.unusedSectionVars false`
warning: BanditRLProof/RL/FiniteHorizonAdaptiveCumulativeUCBVIAggregateTransition.lean:103:0: automatically included section variable(s) unused in theorem `BanditRLProof.FiniteHorizonRL.TransitionCountSummary.aggregateEmpiricalTransitionPMF_of_aggregateVisitCount_eq_zero`:
  [MeasurableSingletonClass State]
  [MeasurableSingletonClass Action]
  [Nonempty State]
  [Nonempty Action]
consider restructuring your `variable` declarations so that the variables are not in scope or explicitly omit them:
  omit [MeasurableSingletonClass
  State] [MeasurableSingletonClass Action] [Nonempty State] [Nonempty Action] in theorem ...

Note: This linter can be disabled with `set_option linter.unusedSectionVars false`
warning: BanditRLProof/RL/FiniteHorizonAdaptiveCumulativeUCBVIAggregateTransition.lean:111:0: automatically included section variable(s) unused in theorem `BanditRLProof.FiniteHorizonRL.TransitionCountSummary.aggregateEmpiricalTransitionPMF_apply_of_aggregateVisitCount_pos`:
  [MeasurableSingletonClass State]
  [MeasurableSingletonClass Action]
  [Nonempty State]
  [Nonempty Action]
consider restructuring your `variable` declarations so that the variables are not in scope or explicitly omit them:
  omit [MeasurableSingletonClass
  State] [MeasurableSingletonClass Action] [Nonempty State] [Nonempty Action] in theorem ...

Note: This linter can be disabled with `set_option linter.unusedSectionVars false`
warning: BanditRLProof/RL/FiniteHorizonAdaptiveCumulativeUCBVIAggregateTransition.lean:128:0: automatically included section variable(s) unused in theorem `BanditRLProof.FiniteHorizonRL.TransitionCountSummary.aggregateEmpiricalTransitionKernel_isMarkov`:
  [Nonempty State]
  [Nonempty Action]
consider restructuring your `variable` declarations so that the variables are not in scope or explicitly omit them:
  omit [Nonempty State] [Nonempty Action] in theorem ...

Note: This linter can be disabled with `set_option linter.unusedSectionVars false`
⚠ [4296/4687] Replayed BanditRLProof.RL.FiniteHorizonAdaptiveCumulativeUCBVIClippedPlanner
warning: BanditRLProof/RL/FiniteHorizonAdaptiveCumulativeUCBVIClippedPlanner.lean:115:0: automatically included section variable(s) unused in theorem `BanditRLProof.FiniteHorizonRL.AdaptiveCumulativeHoeffdingUCBVI.clippedQRemaining_of_aggregateVisitCount_eq_zero`:
  [Nonempty State]
consider restructuring your `variable` declarations so that the variables are not in scope or explicitly omit them:
  omit [Nonempty State] in theorem ...

Note: This linter can be disabled with `set_option linter.unusedSectionVars false`
warning: BanditRLProof/RL/FiniteHorizonAdaptiveCumulativeUCBVIClippedPlanner.lean:126:0: automatically included section variable(s) unused in theorem `BanditRLProof.FiniteHorizonRL.AdaptiveCumulativeHoeffdingUCBVI.clippedQRemaining_of_aggregateVisitCount_pos`:
  [Nonempty State]
consider restructuring your `variable` declarations so that the variables are not in scope or explicitly omit them:
  omit [Nonempty State] in theorem ...

Note: This linter can be disabled with `set_option linter.unusedSectionVars false`
warning: BanditRLProof/RL/FiniteHorizonAdaptiveCumulativeUCBVIClippedPlanner.lean:160:0: automatically included section variable(s) unused in theorem `BanditRLProof.FiniteHorizonRL.AdaptiveCumulativeHoeffdingUCBVI.clippedQTable_le_selected`:
  [Nonempty State]
consider restructuring your `variable` declarations so that the variables are not in scope or explicitly omit them:
  omit [Nonempty State] in theorem ...

Note: This linter can be disabled with `set_option linter.unusedSectionVars false`
warning: BanditRLProof/RL/FiniteHorizonAdaptiveCumulativeUCBVIClippedPlanner.lean:174:0: automatically included section variable(s) unused in theorem `BanditRLProof.FiniteHorizonRL.AdaptiveCumulativeHoeffdingUCBVI.measurable_clippedPolicyTable`:
  [Nonempty State]
consider restructuring your `variable` declarations so that the variables are not in scope or explicitly omit them:
  omit [Nonempty State] in theorem ...

Note: This linter can be disabled with `set_option linter.unusedSectionVars false`
warning: BanditRLProof/RL/FiniteHorizonAdaptiveCumulativeUCBVIClippedPlanner.lean:293:0: automatically included section variable(s) unused in theorem `BanditRLProof.FiniteHorizonRL.AdaptiveCumulativeHoeffdingUCBVI.recurrentSource_policyAt_zero`:
  [Nonempty State]
consider restructuring your `variable` declarations so that the variables are not in scope or explicitly omit them:
  omit [Nonempty State] in theorem ...

Note: This linter can be disabled with `set_option linter.unusedSectionVars false`
warning: BanditRLProof/RL/FiniteHorizonAdaptiveCumulativeUCBVIClippedPlanner.lean:304:0: automatically included section variable(s) unused in theorem `BanditRLProof.FiniteHorizonRL.AdaptiveCumulativeHoeffdingUCBVI.recurrentSource_policyAt_succ`:
  [Nonempty State]
consider restructuring your `variable` declarations so that the variables are not in scope or explicitly omit them:
  omit [Nonempty State] in theorem ...

Note: This linter can be disabled with `set_option linter.unusedSectionVars false`
⚠ [4297/4687] Replayed BanditRLProof.RL.FiniteHorizonAdaptiveCumulativeUCBVISameSourceConfidence
info: BanditRLProof/RL/FiniteHorizonAdaptiveCumulativeUCBVISameSourceConfidence.lean:147:30: Try this:
  [apply] ring_nf
  
  The `ring` tactic failed to close the goal. Use `ring_nf` to obtain a normal form.
    
  Note that `ring` works primarily in *commutative* rings. If you have a noncommutative ring, abelian group or module, consider using `noncomm_ring`, `abel` or `module` instead.
warning: BanditRLProof/RL/FiniteHorizonAdaptiveCumulativeUCBVISameSourceConfidence.lean:161:8: try 'simp' instead of 'simpa'

Note: This linter can be disabled with `set_option linter.unnecessarySimpa false`
warning: BanditRLProof/RL/FiniteHorizonAdaptiveCumulativeUCBVISameSourceConfidence.lean:90:0: automatically included section variable(s) unused in theorem `BanditRLProof.FiniteHorizonRL.MDP.transitionResidualHead_compensated_hasMGFUpperBoundAt`:
  [MeasurableSingletonClass Action]
consider restructuring your `variable` declarations so that the variables are not in scope or explicitly omit them:
  omit [MeasurableSingletonClass Action] in theorem ...

Note: This linter can be disabled with `set_option linter.unusedSectionVars false`
warning: BanditRLProof/RL/FiniteHorizonAdaptiveCumulativeUCBVISameSourceConfidence.lean:147:26: Used `tac1 <;> tac2` where `(tac1; tac2)` would suffice

Note: This linter can be disabled with `set_option linter.unnecessarySeqFocus false`
warning: BanditRLProof/RL/FiniteHorizonAdaptiveCumulativeUCBVISameSourceConfidence.lean:379:0: automatically included section variable(s) unused in theorem `BanditRLProof.FiniteHorizonRL.MDP.transitionResidualFrom_eq_sum`:
  [MeasurableSingletonClass State]
  [MeasurableSingletonClass Action]
consider restructuring your `variable` declarations so that the variables are not in scope or explicitly omit them:
  omit [MeasurableSingletonClass State] [MeasurableSingletonClass Action] in theorem ...

Note: This linter can be disabled with `set_option linter.unusedSectionVars false`
warning: BanditRLProof/RL/FiniteHorizonAdaptiveCumulativeUCBVISameSourceConfidence.lean:406:0: automatically included section variable(s) unused in theorem `BanditRLProof.FiniteHorizonRL.MDP.transitionVisitFrom_eq_sum`:
  [MeasurableSingletonClass State]
  [MeasurableSingletonClass Action]
consider restructuring your `variable` declarations so that the variables are not in scope or explicitly omit them:
  omit [MeasurableSingletonClass State] [MeasurableSingletonClass Action] in theorem ...

Note: This linter can be disabled with `set_option linter.unusedSectionVars false`
warning: BanditRLProof/RL/FiniteHorizonAdaptiveCumulativeUCBVISameSourceConfidence.lean:470:42: This simp argument is unused:
  MDP.episodeBatchOfTrajectories

Hint: Omit it from the simp argument list.
  simp [batch, EpisodeBatch.visitCount, MDP.episodeB̵a̵t̵c̵h̵O̵f̵T̵r̵a̵j̵e̵c̵t̵o̵r̵i̵e̵s̵,̵
  ̵ ̵ ̵ ̵ ̵ ̵ ̵M̵D̵P̵.̵e̵p̵i̵s̵o̵d̵e̵StepOfTrajectory]

Note: This linter can be disabled with `set_option linter.unusedSimpArgs false`
warning: BanditRLProof/RL/FiniteHorizonAdaptiveCumulativeUCBVISameSourceConfidence.lean:486:36: This simp argument is unused:
  transitionVisitHead

Hint: Omit it from the simp argument list.
  simp [transitionResidualHead, t̵r̵a̵n̵s̵i̵t̵i̵o̵n̵V̵i̵s̵i̵t̵H̵e̵a̵d̵,̵
  ̵ ̵ ̵ ̵ ̵ ̵ ̵ ̵ ̵hvisit, hnext]

Note: This linter can be disabled with `set_option linter.unusedSimpArgs false`
warning: BanditRLProof/RL/FiniteHorizonAdaptiveCumulativeUCBVISameSourceConfidence.lean:488:36: This simp argument is unused:
  transitionVisitHead

Hint: Omit it from the simp argument list.
  simp [transitionResidualHead, t̵r̵a̵n̵s̵i̵t̵i̵o̵n̵V̵i̵s̵i̵t̵H̵e̵a̵d̵,̵
  ̵ ̵ ̵ ̵ ̵ ̵ ̵ ̵ ̵hvisit, hnext]

Note: This linter can be disabled with `set_option linter.unusedSimpArgs false`
warning: BanditRLProof/RL/FiniteHorizonAdaptiveCumulativeUCBVISameSourceConfidence.lean:490:34: This simp argument is unused:
  transitionVisitHead

Hint: Omit it from the simp argument list.
  simp [transitionResidualHead, t̵r̵a̵n̵s̵i̵t̵i̵o̵n̵V̵i̵s̵i̵t̵H̵e̵a̵d̵,̵
  ̵ ̵ ̵ ̵ ̵ ̵ ̵hvisit]

Note: This linter can be disabled with `set_option linter.unusedSimpArgs false`
warning: BanditRLProof/RL/FiniteHorizonAdaptiveCumulativeUCBVISameSourceConfidence.lean:516:4: This simp argument is unused:
  MDP.episodeBatchOfTrajectories

Hint: Omit it from the simp argument list.
  simp [transitionVisitHead, batch, EpisodeBatch.visitCount, M̵D̵P̵.̵e̵p̵i̵s̵o̵d̵e̵B̵a̵t̵c̵h̵O̵f̵T̵r̵a̵j̵e̵c̵t̵o̵r̵i̵e̵s̵,̵ ̵MDP.episodeStepOfTrajectory]

Note: This linter can be disabled with `set_option linter.unusedSimpArgs false`
warning: BanditRLProof/RL/FiniteHorizonAdaptiveCumulativeUCBVISameSourceConfidence.lean:893:5: unused variable `source`

Note: This linter can be disabled with `set_option linter.unusedVariables false`
warning: BanditRLProof/RL/FiniteHorizonAdaptiveCumulativeUCBVISameSourceConfidence.lean:903:5: unused variable `source`

Note: This linter can be disabled with `set_option linter.unusedVariables false`
warning: BanditRLProof/RL/FiniteHorizonAdaptiveCumulativeUCBVISameSourceConfidence.lean:1262:0: automatically included section variable(s) unused in theorem `BanditRLProof.FiniteHorizonRL.AdaptiveEpisodeBatchSource.aggregateTransitionResidual_zero_compensated_hasMGFUpperBoundAt`:
  [Nonempty State]
  [Nonempty Action]
consider restructuring your `variable` declarations so that the variables are not in scope or explicitly omit them:
  omit [Nonempty State] [Nonempty Action] in theorem ...

Note: This linter can be disabled with `set_option linter.unusedSectionVars false`
warning: BanditRLProof/RL/FiniteHorizonAdaptiveCumulativeUCBVISameSourceConfidence.lean:1295:0: automatically included section variable(s) unused in theorem `BanditRLProof.FiniteHorizonRL.AdaptiveEpisodeBatchSource.sum_aggregateTransitionResidualIncrement_eq_prefixAggregateResidual`:
  [MeasurableSingletonClass State]
  [MeasurableSingletonClass Action]
consider restructuring your `variable` declarations so that the variables are not in scope or explicitly omit them:
  omit [MeasurableSingletonClass State] [MeasurableSingletonClass Action] in theorem ...

Note: This linter can be disabled with `set_option linter.unusedSectionVars false`
warning: BanditRLProof/RL/FiniteHorizonAdaptiveCumulativeUCBVISameSourceConfidence.lean:1342:0: automatically included section variable(s) unused in theorem `BanditRLProof.FiniteHorizonRL.AdaptiveEpisodeBatchSource.sum_aggregateVisitIncrement_eq_prefixAggregateVisitCount`:
  [MeasurableSingletonClass State]
  [MeasurableSingletonClass Action]
consider restructuring your `variable` declarations so that the variables are not in scope or explicitly omit them:
  omit [MeasurableSingletonClass State] [MeasurableSingletonClass Action] in theorem ...

Note: This linter can be disabled with `set_option linter.unusedSectionVars false`
⚠ [4298/4687] Replayed BanditRLProof.RL.FiniteHorizonAdaptiveCumulativeUCBVIBernsteinConfidence
warning: BanditRLProof/RL/FiniteHorizonAdaptiveCumulativeUCBVIBernsteinConfidence.lean:37:0: automatically included section variable(s) unused in theorem `BanditRLProof.FiniteHorizonRL.MDP.transitionCoordinateVariance_nonneg`:
  [DecidableEq State]
  [DecidableEq Action]
  [MeasurableSingletonClass State]
  [MeasurableSingletonClass Action]
consider restructuring your `variable` declarations so that the variables are not in scope or explicitly omit them:
  omit [DecidableEq
  State] [DecidableEq Action] [MeasurableSingletonClass State] [MeasurableSingletonClass Action] in theorem ...

Note: This linter can be disabled with `set_option linter.unusedSectionVars false`
warning: BanditRLProof/RL/FiniteHorizonAdaptiveCumulativeUCBVIBernsteinConfidence.lean:46:0: automatically included section variable(s) unused in theorem `BanditRLProof.FiniteHorizonRL.MDP.integral_sq_indicator_sub_transitionMass`:
  [DecidableEq Action]
  [MeasurableSingletonClass Action]
consider restructuring your `variable` declarations so that the variables are not in scope or explicitly omit them:
  omit [DecidableEq Action] [MeasurableSingletonClass Action] in theorem ...

Note: This linter can be disabled with `set_option linter.unusedSectionVars false`
warning: BanditRLProof/RL/FiniteHorizonAdaptiveCumulativeUCBVIBernsteinConfidence.lean:200:8: try 'simp' instead of 'simpa'

Note: This linter can be disabled with `set_option linter.unnecessarySimpa false`
warning: BanditRLProof/RL/FiniteHorizonAdaptiveCumulativeUCBVIBernsteinConfidence.lean:656:0: automatically included section variable(s) unused in theorem `BanditRLProof.FiniteHorizonRL.AdaptiveEpisodeBatchSource.aggregateTransitionResidual_zero_variance_compensated_hasMGFUpperBoundAt`:
  [Nonempty State]
  [Nonempty Action]
consider restructuring your `variable` declarations so that the variables are not in scope or explicitly omit them:
  omit [Nonempty State] [Nonempty Action] in theorem ...

Note: This linter can be disabled with `set_option linter.unusedSectionVars false`
⚠ [4299/4687] Replayed BanditRLProof.RL.FiniteHorizonAdaptiveCumulativeUCBVITransitionValueConfidence
warning: BanditRLProof/RL/FiniteHorizonAdaptiveCumulativeUCBVITransitionValueConfidence.lean:41:0: automatically included section variable(s) unused in theorem `BanditRLProof.FiniteHorizonRL.MDP.optimalTailProbe_mem_Icc`:
  [DecidableEq State]
  [DecidableEq Action]
  [MeasurableSingletonClass Action]
  [Nonempty State]
consider restructuring your `variable` declarations so that the variables are not in scope or explicitly omit them:
  omit [DecidableEq State] [DecidableEq Action] [MeasurableSingletonClass Action] [Nonempty State] in theorem ...

Note: This linter can be disabled with `set_option linter.unusedSectionVars false`
warning: BanditRLProof/RL/FiniteHorizonAdaptiveCumulativeUCBVITransitionValueConfidence.lean:106:0: automatically included section variable(s) unused in theorem `BanditRLProof.FiniteHorizonRL.MDP.transitionValue_eq_sum_measureReal`:
  [DecidableEq State]
  [DecidableEq Action]
  [MeasurableSingletonClass Action]
consider restructuring your `variable` declarations so that the variables are not in scope or explicitly omit them:
  omit [DecidableEq State] [DecidableEq Action] [MeasurableSingletonClass Action] in theorem ...

Note: This linter can be disabled with `set_option linter.unusedSectionVars false`
warning: BanditRLProof/RL/FiniteHorizonAdaptiveCumulativeUCBVITransitionValueConfidence.lean:154:0: automatically included section variable(s) unused in theorem `BanditRLProof.FiniteHorizonRL.MDP.transitionFunctionalResidualFrom_succ`:
  [MeasurableSingletonClass State]
  [MeasurableSingletonClass Action]
consider restructuring your `variable` declarations so that the variables are not in scope or explicitly omit them:
  omit [MeasurableSingletonClass State] [MeasurableSingletonClass Action] in theorem ...

Note: This linter can be disabled with `set_option linter.unusedSectionVars false`
info: BanditRLProof/RL/FiniteHorizonAdaptiveCumulativeUCBVITransitionValueConfidence.lean:211:30: Try this:
  [apply] ring_nf
  
  The `ring` tactic failed to close the goal. Use `ring_nf` to obtain a normal form.
    
  Note that `ring` works primarily in *commutative* rings. If you have a noncommutative ring, abelian group or module, consider using `noncomm_ring`, `abel` or `module` instead.
warning: BanditRLProof/RL/FiniteHorizonAdaptiveCumulativeUCBVITransitionValueConfidence.lean:222:8: try 'simp' instead of 'simpa'

Note: This linter can be disabled with `set_option linter.unnecessarySimpa false`
warning: BanditRLProof/RL/FiniteHorizonAdaptiveCumulativeUCBVITransitionValueConfidence.lean:211:26: Used `tac1 <;> tac2` where `(tac1; tac2)` would suffice

Note: This linter can be disabled with `set_option linter.unnecessarySeqFocus false`
warning: BanditRLProof/RL/FiniteHorizonAdaptiveCumulativeUCBVITransitionValueConfidence.lean:691:5: unused variable `source`

Note: This linter can be disabled with `set_option linter.unusedVariables false`
warning: BanditRLProof/RL/FiniteHorizonAdaptiveCumulativeUCBVITransitionValueConfidence.lean:922:0: automatically included section variable(s) unused in theorem `BanditRLProof.FiniteHorizonRL.AdaptiveEpisodeBatchSource.aggregateTransitionFunctionalResidual_zero_compensated_hasMGFUpperBoundAt`:
  [Nonempty State]
  [Nonempty Action]
consider restructuring your `variable` declarations so that the variables are not in scope or explicitly omit them:
  omit [Nonempty State] [Nonempty Action] in theorem ...

Note: This linter can be disabled with `set_option linter.unusedSectionVars false`
warning: BanditRLProof/RL/FiniteHorizonAdaptiveCumulativeUCBVITransitionValueConfidence.lean:954:0: automatically included section variable(s) unused in theorem `BanditRLProof.FiniteHorizonRL.AdaptiveEpisodeBatchSource.sum_aggregateTransitionFunctionalResidualIncrement_eq_prefixResidual`:
  [Nonempty State]
  [Nonempty Action]
consider restructuring your `variable` declarations so that the variables are not in scope or explicitly omit them:
  omit [Nonempty State] [Nonempty Action] in theorem ...

Note: This linter can be disabled with `set_option linter.unusedSectionVars false`
⚠ [4301/4687] Replayed BanditRLProof.RL.FiniteHorizonAdaptiveCumulativeUCBVISimultaneousConfidence
warning: BanditRLProof/RL/FiniteHorizonAdaptiveCumulativeUCBVISimultaneousConfidence.lean:147:12: `mul_le_mul_left'` has been deprecated: Use `mul_le_mul_right` instead
warning: BanditRLProof/RL/FiniteHorizonAdaptiveCumulativeUCBVISimultaneousConfidence.lean:260:0: automatically included section variable(s) unused in theorem `BanditRLProof.FiniteHorizonRL.AdaptiveCumulativeHoeffdingUCBVI.AdaptiveEpisodeBatchSource.abs_coordinateResidual_lt_of_not_mem_simultaneousTransitionFailureEvent`:
  [MeasurableSingletonClass State]
  [MeasurableSingletonClass Action]
  [Nonempty State]
consider restructuring your `variable` declarations so that the variables are not in scope or explicitly omit them:
  omit [MeasurableSingletonClass State] [MeasurableSingletonClass Action] [Nonempty State] in theorem ...

Note: This linter can be disabled with `set_option linter.unusedSectionVars false`
warning: BanditRLProof/RL/FiniteHorizonAdaptiveCumulativeUCBVISimultaneousConfidence.lean:287:0: automatically included section variable(s) unused in theorem `BanditRLProof.FiniteHorizonRL.AdaptiveCumulativeHoeffdingUCBVI.AdaptiveEpisodeBatchSource.abs_optimalTailResidual_lt_of_not_mem_simultaneousTransitionFailureEvent`:
  [MeasurableSingletonClass State]
  [MeasurableSingletonClass Action]
  [Nonempty State]
consider restructuring your `variable` declarations so that the variables are not in scope or explicitly omit them:
  omit [MeasurableSingletonClass State] [MeasurableSingletonClass Action] [Nonempty State] in theorem ...

Note: This linter can be disabled with `set_option linter.unusedSectionVars false`
⚠ [4302/4687] Replayed BanditRLProof.RL.FiniteHorizonAdaptiveCumulativeUCBVIOptimalTailAlignment
warning: BanditRLProof/RL/FiniteHorizonAdaptiveCumulativeUCBVIOptimalTailAlignment.lean:71:26: `MeasureTheory.measureReal_univ_eq_one` has been deprecated: Use `MeasureTheory.probReal_univ` instead
warning: BanditRLProof/RL/FiniteHorizonAdaptiveCumulativeUCBVIOptimalTailAlignment.lean:81:26: `MeasureTheory.measureReal_univ_eq_one` has been deprecated: Use `MeasureTheory.probReal_univ` instead
⚠ [4303/4687] Replayed BanditRLProof.RL.FiniteHorizonAdaptiveCumulativeUCBVIOptimism
warning: BanditRLProof/RL/FiniteHorizonAdaptiveCumulativeUCBVIOptimism.lean:32:0: automatically included section variable(s) unused in theorem `BanditRLProof.FiniteHorizonRL.AdaptiveCumulativeHoeffdingUCBVI.optimalQAt_le_horizon`:
  [DecidableEq State]
  [DecidableEq Action]
  [MeasurableSingletonClass Action]
  [Nonempty State]
consider restructuring your `variable` declarations so that the variables are not in scope or explicitly omit them:
  omit [DecidableEq State] [DecidableEq Action] [MeasurableSingletonClass Action] [Nonempty State] in theorem ...

Note: This linter can be disabled with `set_option linter.unusedSectionVars false`
warning: BanditRLProof/RL/FiniteHorizonAdaptiveCumulativeUCBVIOptimism.lean:254:0: automatically included section variable(s) unused in theorem `BanditRLProof.FiniteHorizonRL.AdaptiveCumulativeHoeffdingUCBVI.adaptiveCumulativeAggregateVisitCountAt_le`:
  [Nonempty State]
  [Nonempty Action]
consider restructuring your `variable` declarations so that the variables are not in scope or explicitly omit them:
  omit [Nonempty State] [Nonempty Action] in theorem ...

Note: This linter can be disabled with `set_option linter.unusedSectionVars false`
warning: BanditRLProof/RL/FiniteHorizonAdaptiveCumulativeUCBVIOptimism.lean:282:34: unused variable `hepisodes`

Note: This linter can be disabled with `set_option linter.unusedVariables false`
warning: BanditRLProof/RL/FiniteHorizonAdaptiveCumulativeUCBVIOptimism.lean:283:5: unused variable `hdelta`

Note: This linter can be disabled with `set_option linter.unusedVariables false`
warning: BanditRLProof/RL/FiniteHorizonAdaptiveCumulativeUCBVIOptimism.lean:283:26: unused variable `hdelta_le_one`

Note: This linter can be disabled with `set_option linter.unusedVariables false`
⚠ [4304/4687] Replayed BanditRLProof.RL.FiniteHorizonAdaptiveCumulativeUCBVIRecurrentOptimism
warning: BanditRLProof/RL/FiniteHorizonAdaptiveCumulativeUCBVIRecurrentOptimism.lean:23:0: automatically included section variable(s) unused in theorem `BanditRLProof.FiniteHorizonRL.AdaptiveCumulativeHoeffdingUCBVI.cumulativeSummaryOfSequence_prefixTransitionSummaries_eq`:
  [MeasurableSingletonClass State]
  [MeasurableSingletonClass Action]
consider restructuring your `variable` declarations so that the variables are not in scope or explicitly omit them:
  omit [MeasurableSingletonClass State] [MeasurableSingletonClass Action] in theorem ...

Note: This linter can be disabled with `set_option linter.unusedSectionVars false`
⚠ [4305/4687] Replayed BanditRLProof.RL.FiniteHorizonAdaptiveCumulativeUCBVIEpisodeRegret
warning: BanditRLProof/RL/FiniteHorizonAdaptiveCumulativeUCBVIEpisodeRegret.lean:22:0: automatically included section variable(s) unused in theorem `BanditRLProof.FiniteHorizonRL.MarkovPolicy.valueRemaining_nonneg_of_reward_nonneg`:
  [DecidableEq State]
  [DecidableEq Action]
  [MeasurableSingletonClass State]
  [MeasurableSingletonClass Action]
  [Nonempty State]
  [Nonempty Action]
consider restructuring your `variable` declarations so that the variables are not in scope or explicitly omit them:
  omit [DecidableEq
  State] [DecidableEq
  Action] [MeasurableSingletonClass
  State] [MeasurableSingletonClass Action] [Nonempty State] [Nonempty Action] in theorem ...

Note: This linter can be disabled with `set_option linter.unusedSectionVars false`
warning: BanditRLProof/RL/FiniteHorizonAdaptiveCumulativeUCBVIEpisodeRegret.lean:65:0: automatically included section variable(s) unused in theorem `BanditRLProof.FiniteHorizonRL.AdaptiveCumulativeHoeffdingUCBVI.recurrentSource_policyAt_eq_generatedPolicyTable`:
  [Nonempty State]
consider restructuring your `variable` declarations so that the variables are not in scope or explicitly omit them:
  omit [Nonempty State] in theorem ...

Note: This linter can be disabled with `set_option linter.unusedSectionVars false`
⚠ [4306/4687] Replayed BanditRLProof.RL.FiniteHorizonAdaptiveCumulativeUCBVICoordinateAlignment
warning: BanditRLProof/RL/FiniteHorizonAdaptiveCumulativeUCBVICoordinateAlignment.lean:116:0: automatically included section variable(s) unused in theorem `BanditRLProof.FiniteHorizonRL.AdaptiveCumulativeHoeffdingUCBVI.abs_sum_weight_mul_massError_le_transitionValue_div_thirtyTwo_add`:
  [MeasurableSpace State]
  [DecidableEq State]
  [MeasurableSingletonClass State]
consider restructuring your `variable` declarations so that the variables are not in scope or explicitly omit them:
  omit [MeasurableSpace State] [DecidableEq State] [MeasurableSingletonClass State] in theorem ...

Note: This linter can be disabled with `set_option linter.unusedSectionVars false`
⚠ [4307/4687] Replayed BanditRLProof.RL.FiniteHorizonAdaptiveCumulativeUCBVILocalBellman
warning: BanditRLProof/RL/FiniteHorizonAdaptiveCumulativeUCBVILocalBellman.lean:29:0: automatically included section variable(s) unused in theorem `BanditRLProof.FiniteHorizonRL.MDP.optimalValueAt_eq_of_eq`:
  [DecidableEq State]
  [DecidableEq Action]
  [MeasurableSingletonClass State]
  [MeasurableSingletonClass Action]
  [Nonempty State]
consider restructuring your `variable` declarations so that the variables are not in scope or explicitly omit them:
  omit [DecidableEq
  State] [DecidableEq
  Action] [MeasurableSingletonClass State] [MeasurableSingletonClass Action] [Nonempty State] in theorem ...

Note: This linter can be disabled with `set_option linter.unusedSectionVars false`
warning: BanditRLProof/RL/FiniteHorizonAdaptiveCumulativeUCBVILocalBellman.lean:51:0: automatically included section variable(s) unused in theorem `BanditRLProof.FiniteHorizonRL.AdaptiveCumulativeHoeffdingUCBVI.decisionStageRemaining_succ_eq`:
  [DecidableEq State]
  [DecidableEq Action]
  [MeasurableSingletonClass State]
  [MeasurableSingletonClass Action]
  [Nonempty State]
  [Nonempty Action]
consider restructuring your `variable` declarations so that the variables are not in scope or explicitly omit them:
  omit [DecidableEq
  State] [DecidableEq
  Action] [MeasurableSingletonClass
  State] [MeasurableSingletonClass Action] [Nonempty State] [Nonempty Action] in theorem ...

Note: This linter can be disabled with `set_option linter.unusedSectionVars false`
warning: BanditRLProof/RL/FiniteHorizonAdaptiveCumulativeUCBVILocalBellman.lean:61:0: automatically included section variable(s) unused in theorem `BanditRLProof.FiniteHorizonRL.AdaptiveCumulativeHoeffdingUCBVI.clippedQRemaining_eq_of_eq`:
  [Nonempty State]
consider restructuring your `variable` declarations so that the variables are not in scope or explicitly omit them:
  omit [Nonempty State] in theorem ...

Note: This linter can be disabled with `set_option linter.unusedSectionVars false`
warning: BanditRLProof/RL/FiniteHorizonAdaptiveCumulativeUCBVILocalBellman.lean:93:4: 'change
  clippedQRemaining previousQ summary defaultState bonusScale (mdp.horizon - (stage.val + 1)) _ state action =
    q action' tactic does nothing

Note: This linter can be disabled with `set_option linter.unusedTactic false`
warning: BanditRLProof/RL/FiniteHorizonAdaptiveCumulativeUCBVILocalBellman.lean:117:0: automatically included section variable(s) unused in theorem `BanditRLProof.FiniteHorizonRL.AdaptiveCumulativeHoeffdingUCBVI.clippedQTable_le_horizon`:
  [Nonempty State]
consider restructuring your `variable` declarations so that the variables are not in scope or explicitly omit them:
  omit [Nonempty State] in theorem ...

Note: This linter can be disabled with `set_option linter.unusedSectionVars false`
warning: BanditRLProof/RL/FiniteHorizonAdaptiveCumulativeUCBVILocalBellman.lean:200:8: 'change
  clippedQRemaining previousQ summary defaultState bonusScale (mdp.horizon - (stage.val + 1)) _ state selected =
    _' tactic does nothing

Note: This linter can be disabled with `set_option linter.unusedTactic false`
⚠ [4308/4687] Replayed BanditRLProof.RL.FiniteHorizonAdaptiveCumulativeUCBVIBellmanInnovation
warning: BanditRLProof/RL/FiniteHorizonAdaptiveCumulativeUCBVIBellmanInnovation.lean:49:0: automatically included section variable(s) unused in theorem `BanditRLProof.FiniteHorizonRL.MDP.measurable_sampledCumulativeDeterministicGapInnovationFrom`:
  [DecidableEq State]
  [DecidableEq Action]
consider restructuring your `variable` declarations so that the variables are not in scope or explicitly omit them:
  omit [DecidableEq State] [DecidableEq Action] in theorem ...

Note: This linter can be disabled with `set_option linter.unusedSectionVars false`
info: BanditRLProof/RL/FiniteHorizonAdaptiveCumulativeUCBVIBellmanInnovation.lean:122:31: Try this:
  [apply] ring_nf
  
  The `ring` tactic failed to close the goal. Use `ring_nf` to obtain a normal form.
    
  Note that `ring` works primarily in *commutative* rings. If you have a noncommutative ring, abelian group or module, consider using `noncomm_ring`, `abel` or `module` instead.
warning: BanditRLProof/RL/FiniteHorizonAdaptiveCumulativeUCBVIBellmanInnovation.lean:78:0: automatically included section variable(s) unused in theorem `BanditRLProof.FiniteHorizonRL.MDP.actionStateKernel_deterministicGapInnovation_compensated_hasMGFUpperBoundAt`:
  [DecidableEq State]
  [DecidableEq Action]
consider restructuring your `variable` declarations so that the variables are not in scope or explicitly omit them:
  omit [DecidableEq State] [DecidableEq Action] in theorem ...

Note: This linter can be disabled with `set_option linter.unusedSectionVars false`
warning: BanditRLProof/RL/FiniteHorizonAdaptiveCumulativeUCBVIBellmanInnovation.lean:122:27: Used `tac1 <;> tac2` where `(tac1; tac2)` would suffice

Note: This linter can be disabled with `set_option linter.unnecessarySeqFocus false`
warning: BanditRLProof/RL/FiniteHorizonAdaptiveCumulativeUCBVIBellmanInnovation.lean:240:12: 'push_cast' tactic does nothing

Note: This linter can be disabled with `set_option linter.unusedTactic false`
warning: BanditRLProof/RL/FiniteHorizonAdaptiveCumulativeUCBVIBellmanInnovation.lean:326:0: automatically included section variable(s) unused in theorem `BanditRLProof.FiniteHorizonRL.MDP.abs_sampledCumulativeDeterministicGapInnovationFrom_le`:
  [DecidableEq State]
  [DecidableEq Action]
  [MeasurableSingletonClass Action]
consider restructuring your `variable` declarations so that the variables are not in scope or explicitly omit them:
  omit [DecidableEq State] [DecidableEq Action] [MeasurableSingletonClass Action] in theorem ...

Note: This linter can be disabled with `set_option linter.unusedSectionVars false`
warning: BanditRLProof/RL/FiniteHorizonAdaptiveCumulativeUCBVIBellmanInnovation.lean:400:0: automatically included section variable(s) unused in theorem `BanditRLProof.FiniteHorizonRL.MDP.measurable_sampledCumulativeTransitionGapInnovationFrom`:
  [DecidableEq State]
  [DecidableEq Action]
consider restructuring your `variable` declarations so that the variables are not in scope or explicitly omit them:
  omit [DecidableEq State] [DecidableEq Action] in theorem ...

Note: This linter can be disabled with `set_option linter.unusedSectionVars false`
warning: BanditRLProof/RL/FiniteHorizonAdaptiveCumulativeUCBVIBellmanInnovation.lean:432:0: automatically included section variable(s) unused in theorem `BanditRLProof.FiniteHorizonRL.MDP.abs_sampledCumulativeTransitionGapInnovationFrom_le`:
  [DecidableEq State]
  [DecidableEq Action]
  [MeasurableSingletonClass Action]
consider restructuring your `variable` declarations so that the variables are not in scope or explicitly omit them:
  omit [DecidableEq State] [DecidableEq Action] [MeasurableSingletonClass Action] in theorem ...

Note: This linter can be disabled with `set_option linter.unusedSectionVars false`
info: BanditRLProof/RL/FiniteHorizonAdaptiveCumulativeUCBVIBellmanInnovation.lean:556:35: Try this:
  [apply] ring_nf
  
  The `ring` tactic failed to close the goal. Use `ring_nf` to obtain a normal form.
    
  Note that `ring` works primarily in *commutative* rings. If you have a noncommutative ring, abelian group or module, consider using `noncomm_ring`, `abel` or `module` instead.
warning: BanditRLProof/RL/FiniteHorizonAdaptiveCumulativeUCBVIBellmanInnovation.lean:491:0: automatically included section variable(s) unused in theorem `BanditRLProof.FiniteHorizonRL.MDP.actionStateKernel_transitionGapInnovation_compensated_hasMGFUpperBoundAt`:
  [DecidableEq State]
  [DecidableEq Action]
consider restructuring your `variable` declarations so that the variables are not in scope or explicitly omit them:
  omit [DecidableEq State] [DecidableEq Action] in theorem ...

Note: This linter can be disabled with `set_option linter.unusedSectionVars false`
warning: BanditRLProof/RL/FiniteHorizonAdaptiveCumulativeUCBVIBellmanInnovation.lean:556:31: Used `tac1 <;> tac2` where `(tac1; tac2)` would suffice

Note: This linter can be disabled with `set_option linter.unnecessarySeqFocus false`
warning: BanditRLProof/RL/FiniteHorizonAdaptiveCumulativeUCBVIBellmanInnovation.lean:683:12: 'push_cast' tactic does nothing

Note: This linter can be disabled with `set_option linter.unusedTactic false`
warning: BanditRLProof/RL/FiniteHorizonAdaptiveCumulativeUCBVIBellmanInnovation.lean:788:0: automatically included section variable(s) unused in theorem `BanditRLProof.FiniteHorizonRL.EpisodeBatch.measurable_reconstructedInitialState`:
  [DecidableEq State]
  [DecidableEq Action]
  [MeasurableSingletonClass State]
  [MeasurableSingletonClass Action]
consider restructuring your `variable` declarations so that the variables are not in scope or explicitly omit them:
  omit [DecidableEq
  State] [DecidableEq Action] [MeasurableSingletonClass State] [MeasurableSingletonClass Action] in theorem ...

Note: This linter can be disabled with `set_option linter.unusedSectionVars false`
warning: BanditRLProof/RL/FiniteHorizonAdaptiveCumulativeUCBVIBellmanInnovation.lean:798:0: automatically included section variable(s) unused in theorem `BanditRLProof.FiniteHorizonRL.EpisodeBatch.measurable_reconstructedStepTrace`:
  [DecidableEq State]
  [DecidableEq Action]
  [MeasurableSingletonClass State]
  [MeasurableSingletonClass Action]
consider restructuring your `variable` declarations so that the variables are not in scope or explicitly omit them:
  omit [DecidableEq
  State] [DecidableEq Action] [MeasurableSingletonClass State] [MeasurableSingletonClass Action] in theorem ...

Note: This linter can be disabled with `set_option linter.unusedSectionVars false`
warning: BanditRLProof/RL/FiniteHorizonAdaptiveCumulativeUCBVIBellmanInnovation.lean:833:0: automatically included section variable(s) unused in theorem `BanditRLProof.FiniteHorizonRL.EpisodeBatch.cumulativeDeterministicGapInnovation_episodeBatchOfTrajectories`:
  [DecidableEq State]
  [DecidableEq Action]
  [MeasurableSingletonClass State]
  [MeasurableSingletonClass Action]
consider restructuring your `variable` declarations so that the variables are not in scope or explicitly omit them:
  omit [DecidableEq
  State] [DecidableEq Action] [MeasurableSingletonClass State] [MeasurableSingletonClass Action] in theorem ...

Note: This linter can be disabled with `set_option linter.unusedSectionVars false`
warning: BanditRLProof/RL/FiniteHorizonAdaptiveCumulativeUCBVIBellmanInnovation.lean:883:0: automatically included section variable(s) unused in theorem `BanditRLProof.FiniteHorizonRL.EpisodeBatch.cumulativeTransitionGapInnovation_episodeBatchOfTrajectories`:
  [DecidableEq State]
  [DecidableEq Action]
  [MeasurableSingletonClass State]
  [MeasurableSingletonClass Action]
consider restructuring your `variable` declarations so that the variables are not in scope or explicitly omit them:
  omit [DecidableEq
  State] [DecidableEq Action] [MeasurableSingletonClass State] [MeasurableSingletonClass Action] in theorem ...

Note: This linter can be disabled with `set_option linter.unusedSectionVars false`
⚠ [4309/4687] Replayed BanditRLProof.RL.FiniteHorizonAdaptiveCumulativeUCBVIAdaptiveBellmanMartingale
warning: BanditRLProof/RL/FiniteHorizonAdaptiveCumulativeUCBVIAdaptiveBellmanMartingale.lean:83:0: automatically included section variable(s) unused in theorem `BanditRLProof.FiniteHorizonRL.AdaptiveEpisodeBatchSource.trajectoryMeasure_condDistrib_historyBatchStatistic`:
  [DecidableEq State]
  [DecidableEq Action]
consider restructuring your `variable` declarations so that the variables are not in scope or explicitly omit them:
  omit [DecidableEq State] [DecidableEq Action] in theorem ...

Note: This linter can be disabled with `set_option linter.unusedSectionVars false`
warning: BanditRLProof/RL/FiniteHorizonAdaptiveCumulativeUCBVIAdaptiveBellmanMartingale.lean:228:0: automatically included section variable(s) unused in theorem `BanditRLProof.FiniteHorizonRL.AdaptiveCumulativeHoeffdingUCBVI.bellmanInflation_one_le`:
  [DecidableEq State]
  [DecidableEq Action]
  [MeasurableSingletonClass State]
  [MeasurableSingletonClass Action]
  [Nonempty State]
  [Nonempty Action]
consider restructuring your `variable` declarations so that the variables are not in scope or explicitly omit them:
  omit [DecidableEq
  State] [DecidableEq
  Action] [MeasurableSingletonClass
  State] [MeasurableSingletonClass Action] [Nonempty State] [Nonempty Action] in theorem ...

Note: This linter can be disabled with `set_option linter.unusedSectionVars false`
warning: BanditRLProof/RL/FiniteHorizonAdaptiveCumulativeUCBVIAdaptiveBellmanMartingale.lean:301:0: automatically included section variable(s) unused in theorem `BanditRLProof.FiniteHorizonRL.AdaptiveCumulativeHoeffdingUCBVI.normalizedBellmanChargeWeight_mul_inflation`:
  [DecidableEq State]
  [DecidableEq Action]
  [MeasurableSingletonClass State]
  [MeasurableSingletonClass Action]
  [Nonempty State]
  [Nonempty Action]
consider restructuring your `variable` declarations so that the variables are not in scope or explicitly omit them:
  omit [DecidableEq
  State] [DecidableEq
  Action] [MeasurableSingletonClass
  State] [MeasurableSingletonClass Action] [Nonempty State] [Nonempty Action] in theorem ...

Note: This linter can be disabled with `set_option linter.unusedSectionVars false`
warning: BanditRLProof/RL/FiniteHorizonAdaptiveCumulativeUCBVIAdaptiveBellmanMartingale.lean:392:0: automatically included section variable(s) unused in theorem `BanditRLProof.FiniteHorizonRL.AdaptiveCumulativeHoeffdingUCBVI.measurable_successorBellmanStatisticOfSummaries`:
  [Nonempty State]
consider restructuring your `variable` declarations so that the variables are not in scope or explicitly omit them:
  omit [Nonempty State] in theorem ...

Note: This linter can be disabled with `set_option linter.unusedSectionVars false`
warning: BanditRLProof/RL/FiniteHorizonAdaptiveCumulativeUCBVIAdaptiveBellmanMartingale.lean:594:0: automatically included section variable(s) unused in theorem `BanditRLProof.FiniteHorizonRL.AdaptiveCumulativeHoeffdingUCBVI.measurable_successorBellmanInnovationOfSummaries`:
  [Nonempty State]
consider restructuring your `variable` declarations so that the variables are not in scope or explicitly omit them:
  omit [Nonempty State] in theorem ...

Note: This linter can be disabled with `set_option linter.unusedSectionVars false`
warning: BanditRLProof/RL/FiniteHorizonAdaptiveCumulativeUCBVIAdaptiveBellmanMartingale.lean:717:0: automatically included section variable(s) unused in theorem `BanditRLProof.FiniteHorizonRL.AdaptiveCumulativeHoeffdingUCBVI.recurrentBellmanInnovation_zero_compensated_hasMGFUpperBoundAt`:
  [Nonempty State]
consider restructuring your `variable` declarations so that the variables are not in scope or explicitly omit them:
  omit [Nonempty State] in theorem ...

Note: This linter can be disabled with `set_option linter.unusedSectionVars false`
⚠ [4310/4687] Replayed BanditRLProof.RL.FiniteHorizonAdaptiveCumulativeUCBVIRegretDecomposition
warning: BanditRLProof/RL/FiniteHorizonAdaptiveCumulativeUCBVIRegretDecomposition.lean:162:0: automatically included section variable(s) unused in theorem `BanditRLProof.FiniteHorizonRL.AdaptiveCumulativeHoeffdingUCBVI.normalizedBellmanRemainingWeight_zero`:
  [DecidableEq State]
  [DecidableEq Action]
  [MeasurableSingletonClass State]
  [MeasurableSingletonClass Action]
  [Nonempty State]
  [Nonempty Action]
consider restructuring your `variable` declarations so that the variables are not in scope or explicitly omit them:
  omit [DecidableEq
  State] [DecidableEq
  Action] [MeasurableSingletonClass
  State] [MeasurableSingletonClass Action] [Nonempty State] [Nonempty Action] in theorem ...

Note: This linter can be disabled with `set_option linter.unusedSectionVars false`
warning: BanditRLProof/RL/FiniteHorizonAdaptiveCumulativeUCBVIRegretDecomposition.lean:167:0: automatically included section variable(s) unused in theorem `BanditRLProof.FiniteHorizonRL.AdaptiveCumulativeHoeffdingUCBVI.normalizedBellmanRemainingWeight_succ_eq_chargeWeight`:
  [DecidableEq State]
  [DecidableEq Action]
  [MeasurableSingletonClass State]
  [MeasurableSingletonClass Action]
  [Nonempty State]
  [Nonempty Action]
consider restructuring your `variable` declarations so that the variables are not in scope or explicitly omit them:
  omit [DecidableEq
  State] [DecidableEq
  Action] [MeasurableSingletonClass
  State] [MeasurableSingletonClass Action] [Nonempty State] [Nonempty Action] in theorem ...

Note: This linter can be disabled with `set_option linter.unusedSectionVars false`
warning: BanditRLProof/RL/FiniteHorizonAdaptiveCumulativeUCBVIRegretDecomposition.lean:176:0: automatically included section variable(s) unused in theorem `BanditRLProof.FiniteHorizonRL.AdaptiveCumulativeHoeffdingUCBVI.normalizedBellmanRemainingWeight_eq_stageWeight`:
  [DecidableEq State]
  [DecidableEq Action]
  [MeasurableSingletonClass State]
  [MeasurableSingletonClass Action]
  [Nonempty State]
  [Nonempty Action]
consider restructuring your `variable` declarations so that the variables are not in scope or explicitly omit them:
  omit [DecidableEq
  State] [DecidableEq
  Action] [MeasurableSingletonClass
  State] [MeasurableSingletonClass Action] [Nonempty State] [Nonempty Action] in theorem ...

Note: This linter can be disabled with `set_option linter.unusedSectionVars false`
warning: BanditRLProof/RL/FiniteHorizonAdaptiveCumulativeUCBVIRegretDecomposition.lean:378:29: Used `tac1 <;> tac2` where `(tac1; tac2)` would suffice

Note: This linter can be disabled with `set_option linter.unnecessarySeqFocus false`
warning: BanditRLProof/RL/FiniteHorizonAdaptiveCumulativeUCBVIRegretDecomposition.lean:380:74: Used `tac1 <;> tac2` where `(tac1; tac2)` would suffice

Note: This linter can be disabled with `set_option linter.unnecessarySeqFocus false`
warning: BanditRLProof/RL/FiniteHorizonAdaptiveCumulativeUCBVIRegretDecomposition.lean:454:13: `Fin.coe_castSucc` has been deprecated: Use `Fin.val_castSucc` instead
warning: BanditRLProof/RL/FiniteHorizonAdaptiveCumulativeUCBVIRegretDecomposition.lean:684:0: automatically included section variable(s) unused in theorem `BanditRLProof.FiniteHorizonRL.AdaptiveCumulativeHoeffdingUCBVI.AdaptiveEpisodeBatchSource.recurrentBellmanInnovationProcess_succ_eq_canonical`:
  [Nonempty State]
consider restructuring your `variable` declarations so that the variables are not in scope or explicitly omit them:
  omit [Nonempty State] in theorem ...

Note: This linter can be disabled with `set_option linter.unusedSectionVars false`
⚠ [4311/4687] Replayed BanditRLProof.RL.FiniteHorizonAdaptiveCumulativeUCBVICounting
warning: BanditRLProof/RL/FiniteHorizonAdaptiveCumulativeUCBVICounting.lean:425:22: This simp argument is unused:
  hcap

Hint: Omit it from the simp argument list.
  simp [hlow,̵ ̵h̵c̵a̵p̵]

Note: This linter can be disabled with `set_option linter.unusedSimpArgs false`
warning: BanditRLProof/RL/FiniteHorizonAdaptiveCumulativeUCBVICounting.lean:465:23: This simp argument is unused:
  hcoefficient

Hint: Omit it from the simp argument list.
  simp [hhigh,̵ ̵h̵c̵o̵e̵f̵f̵i̵c̵i̵e̵n̵t̵]

Note: This linter can be disabled with `set_option linter.unusedSimpArgs false`
⚠ [4312/4687] Replayed BanditRLProof.RL.FiniteHorizonAdaptiveCumulativeUCBVIChargeSummation
warning: BanditRLProof/RL/FiniteHorizonAdaptiveCumulativeUCBVIChargeSummation.lean:30:0: automatically included section variable(s) unused in theorem `BanditRLProof.FiniteHorizonRL.AdaptiveCumulativeHoeffdingUCBVI.batchedPrefixCount_generatedBatchAggregateVisitIncrement`:
  [MeasurableSingletonClass State]
  [MeasurableSingletonClass Action]
  [Nonempty State]
  [Nonempty Action]
consider restructuring your `variable` declarations so that the variables are not in scope or explicitly omit them:
  omit [MeasurableSingletonClass
  State] [MeasurableSingletonClass Action] [Nonempty State] [Nonempty Action] in theorem ...

Note: This linter can be disabled with `set_option linter.unusedSectionVars false`
warning: BanditRLProof/RL/FiniteHorizonAdaptiveCumulativeUCBVIChargeSummation.lean:43:0: automatically included section variable(s) unused in theorem `BanditRLProof.FiniteHorizonRL.AdaptiveCumulativeHoeffdingUCBVI.generatedBatchAggregateVisitIncrement_le_horizon`:
  [MeasurableSingletonClass State]
  [MeasurableSingletonClass Action]
  [Nonempty State]
  [Nonempty Action]
consider restructuring your `variable` declarations so that the variables are not in scope or explicitly omit them:
  omit [MeasurableSingletonClass
  State] [MeasurableSingletonClass Action] [Nonempty State] [Nonempty Action] in theorem ...

Note: This linter can be disabled with `set_option linter.unusedSectionVars false`
warning: BanditRLProof/RL/FiniteHorizonAdaptiveCumulativeUCBVIChargeSummation.lean:68:0: automatically included section variable(s) unused in theorem `BanditRLProof.FiniteHorizonRL.AdaptiveCumulativeHoeffdingUCBVI.successorBatchAligned_step`:
  [Nonempty State]
consider restructuring your `variable` declarations so that the variables are not in scope or explicitly omit them:
  omit [Nonempty State] in theorem ...

Note: This linter can be disabled with `set_option linter.unusedSectionVars false`
warning: BanditRLProof/RL/FiniteHorizonAdaptiveCumulativeUCBVIChargeSummation.lean:88:0: automatically included section variable(s) unused in theorem `BanditRLProof.FiniteHorizonRL.AdaptiveCumulativeHoeffdingUCBVI.generatedBatchAggregateVisitIncrement_eq_indicatorSum`:
  [MeasurableSingletonClass State]
  [MeasurableSingletonClass Action]
  [Nonempty State]
  [Nonempty Action]
consider restructuring your `variable` declarations so that the variables are not in scope or explicitly omit them:
  omit [MeasurableSingletonClass
  State] [MeasurableSingletonClass Action] [Nonempty State] [Nonempty Action] in theorem ...

Note: This linter can be disabled with `set_option linter.unusedSectionVars false`
warning: BanditRLProof/RL/FiniteHorizonAdaptiveCumulativeUCBVIChargeSummation.lean:167:0: automatically included section variable(s) unused in theorem `BanditRLProof.FiniteHorizonRL.AdaptiveCumulativeHoeffdingUCBVI.generatedPairLocalCharge_nonneg`:
  [MeasurableSingletonClass State]
  [MeasurableSingletonClass Action]
  [Nonempty Action]
consider restructuring your `variable` declarations so that the variables are not in scope or explicitly omit them:
  omit [MeasurableSingletonClass State] [MeasurableSingletonClass Action] [Nonempty Action] in theorem ...

Note: This linter can be disabled with `set_option linter.unusedSectionVars false`
warning: BanditRLProof/RL/FiniteHorizonAdaptiveCumulativeUCBVIChargeSummation.lean:252:18: This simp argument is unused:
  hne

Hint: Omit it from the simp argument list.
  simp [h̵n̵e̵,̵ ̵Ne.symm hne]

Note: This linter can be disabled with `set_option linter.unusedSimpArgs false`
warning: BanditRLProof/RL/FiniteHorizonAdaptiveCumulativeUCBVIChargeSummation.lean:255:16: This simp argument is unused:
  hne

Hint: Omit it from the simp argument list.
  simp [h̵n̵e̵,̵ ̵Ne.symm hne]

Note: This linter can be disabled with `set_option linter.unusedSimpArgs false`
warning: BanditRLProof/RL/FiniteHorizonAdaptiveCumulativeUCBVIChargeSummation.lean:280:0: automatically included section variable(s) unused in theorem `BanditRLProof.FiniteHorizonRL.AdaptiveCumulativeHoeffdingUCBVI.successorLocalCharge_eq_of_remaining_eq`:
  [Nonempty State]
consider restructuring your `variable` declarations so that the variables are not in scope or explicitly omit them:
  omit [Nonempty State] in theorem ...

Note: This linter can be disabled with `set_option linter.unusedSectionVars false`
warning: BanditRLProof/RL/FiniteHorizonAdaptiveCumulativeUCBVIChargeSummation.lean:591:27: Used `tac1 <;> tac2` where `(tac1; tac2)` would suffice

Note: This linter can be disabled with `set_option linter.unnecessarySeqFocus false`
warning: BanditRLProof/RL/FiniteHorizonAdaptiveCumulativeUCBVIChargeSummation.lean:623:50: Used `tac1 <;> tac2` where `(tac1; tac2)` would suffice

Note: This linter can be disabled with `set_option linter.unnecessarySeqFocus false`
warning: BanditRLProof/RL/FiniteHorizonAdaptiveCumulativeUCBVIChargeSummation.lean:760:0: automatically included section variable(s) unused in theorem `BanditRLProof.FiniteHorizonRL.AdaptiveCumulativeHoeffdingUCBVI.one_le_logFactor`:
  [DecidableEq State]
  [DecidableEq Action]
  [MeasurableSingletonClass State]
  [MeasurableSingletonClass Action]
consider restructuring your `variable` declarations so that the variables are not in scope or explicitly omit them:
  omit [DecidableEq
  State] [DecidableEq Action] [MeasurableSingletonClass State] [MeasurableSingletonClass Action] in theorem ...

Note: This linter can be disabled with `set_option linter.unusedSectionVars false`
warning: BanditRLProof/RL/FiniteHorizonAdaptiveCumulativeUCBVIChargeSummation.lean:923:18: This simp argument is unused:
  Nat.cast_ofNat

Hint: Omit it from the simp argument list.
  simp only [Real.sqrt_one, mul_one, Finset.sum_const, Finset.card_univ, nsmul_eq_mul,
  ̲  ̲ ̲ ̲N̵a̵t̵.̵c̵a̵s̵t̵_̵o̵f̵N̵a̵t̵,̵ ̵one_mul] at hcs

Note: This linter can be disabled with `set_option linter.unusedSimpArgs false`
warning: BanditRLProof/RL/FiniteHorizonAdaptiveCumulativeUCBVIChargeSummation.lean:923:34: This simp argument is unused:
  one_mul

Hint: Omit it from the simp argument list.
  simp only [Real.sqrt_one, mul_one, Finset.sum_const, Finset.card_univ,
  ̵  ̵ ̵ ̵nsmul_eq_mul,
  ̲  ̲ ̲ ̲Nat.cast_ofNat,̵ ̵o̵n̵e̵_̵m̵u̵l̵] at hcs

Note: This linter can be disabled with `set_option linter.unusedSimpArgs false`
warning: BanditRLProof/RL/FiniteHorizonAdaptiveCumulativeUCBVIChargeSummation.lean:930:15: This simp argument is unused:
  Prod.fst

Hint: Omit it from the simp argument list.
  simp only [̵P̵r̵o̵d̵.̵f̵s̵t̵,̵ ̵P̵r̵o̵d̵.̵s̵n̵d̵]̵[̲P̲r̲o̲d̲.̲s̲n̲d̲]̲

Note: This linter can be disabled with `set_option linter.unusedSimpArgs false`
warning: BanditRLProof/RL/FiniteHorizonAdaptiveCumulativeUCBVIChargeSummation.lean:930:25: This simp argument is unused:
  Prod.snd

Hint: Omit it from the simp argument list.
  simp only [Prod.fst,̵ ̵P̵r̵o̵d̵.̵s̵n̵d̵]

Note: This linter can be disabled with `set_option linter.unusedSimpArgs false`
warning: BanditRLProof/RL/FiniteHorizonAdaptiveCumulativeUCBVIChargeSummation.lean:936:13: This simp argument is unused:
  Prod.fst

Hint: Omit it from the simp argument list.
  simp only [̵P̵r̵o̵d̵.̵f̵s̵t̵,̵ ̵P̵r̵o̵d̵.̵s̵n̵d̵]̵[̲P̲r̲o̲d̲.̲s̲n̲d̲]̲ at hcs

Note: This linter can be disabled with `set_option linter.unusedSimpArgs false`
warning: BanditRLProof/RL/FiniteHorizonAdaptiveCumulativeUCBVIChargeSummation.lean:936:23: This simp argument is unused:
  Prod.snd

Hint: Omit it from the simp argument list.
  simp only [Prod.fst,̵ ̵P̵r̵o̵d̵.̵s̵n̵d̵] at hcs

Note: This linter can be disabled with `set_option linter.unusedSimpArgs false`
warning: BanditRLProof/RL/FiniteHorizonAdaptiveCumulativeUCBVIChargeSummation.lean:1000:4: 'norm_num only [Nat.cast_mul]' tactic does nothing

Note: This linter can be disabled with `set_option linter.unusedTactic false`
⚠ [4313/4687] Replayed BanditRLProof.RL.FiniteHorizonAdaptiveCumulativeUCBVIAlignment
warning: BanditRLProof/RL/FiniteHorizonAdaptiveCumulativeUCBVIAlignment.lean:29:0: automatically included section variable(s) unused in theorem `BanditRLProof.FiniteHorizonRL.MDP.measurable_trajectoryStateAt`:
  [DecidableEq State]
  [DecidableEq Action]
  [MeasurableSingletonClass State]
  [MeasurableSingletonClass Action]
consider restructuring your `variable` declarations so that the variables are not in scope or explicitly omit them:
  omit [DecidableEq
  State] [DecidableEq Action] [MeasurableSingletonClass State] [MeasurableSingletonClass Action] in theorem ...

Note: This linter can be disabled with `set_option linter.unusedSectionVars false`
warning: BanditRLProof/RL/FiniteHorizonAdaptiveCumulativeUCBVIAlignment.lean:45:0: automatically included section variable(s) unused in theorem `BanditRLProof.FiniteHorizonRL.DeterministicMarkovPolicyTable.trajectoryMeasure_action_eq_table_ae`:
  [Nonempty State]
  [Nonempty Action]
consider restructuring your `variable` declarations so that the variables are not in scope or explicitly omit them:
  omit [Nonempty State] [Nonempty Action] in theorem ...

Note: This linter can be disabled with `set_option linter.unusedSectionVars false`
warning: BanditRLProof/RL/FiniteHorizonAdaptiveCumulativeUCBVIAlignment.lean:67:6: This simp argument is unused:
  Set.mem_empty_iff_false

Hint: Omit it from the simp argument list.
  simp only [Set.mem_setOf_eq, Set.mem_iUnion, Set.mem_ite_empty_right, S̵e̵t̵.̵m̵e̵m̵_̵e̵m̵p̵t̵y̵_̵i̵f̵f̵_̵f̵a̵l̵s̵e̵,̵ ̵and_false]

Note: This linter can be disabled with `set_option linter.unusedSimpArgs false`
warning: BanditRLProof/RL/FiniteHorizonAdaptiveCumulativeUCBVIAlignment.lean:67:31: This simp argument is unused:
  and_false

Hint: Omit it from the simp argument list.
  simp only [Set.mem_setOf_eq, Set.mem_iUnion, Set.mem_ite_empty_right,
  ̵  ̵ ̵ ̵ ̵ ̵Set.mem_empty_iff_false,̵ ̵a̵n̵d̵_̵f̵a̵l̵s̵e̵]

Note: This linter can be disabled with `set_option linter.unusedSimpArgs false`
warning: BanditRLProof/RL/FiniteHorizonAdaptiveCumulativeUCBVIAlignment.lean:144:8: This simp argument is unused:
  MDP.episodeBatchOfTrajectories

Hint: Omit it from the simp argument list.
  simp [batchMap, EpisodeBatch.reconstructedInitialState, hhorizon, M̵D̵P̵.̵e̵p̵i̵s̵o̵d̵e̵B̵a̵t̵c̵h̵O̵f̵T̵r̵a̵j̵e̵c̵t̵o̵r̵i̵e̵s̵,̵ ̵MDP.episodeStepOfTrajectory,
          MDP.trajectoryStateAt]

Note: This linter can be disabled with `set_option linter.unusedSimpArgs false`
warning: BanditRLProof/RL/FiniteHorizonAdaptiveCumulativeUCBVIAlignment.lean:151:8: This simp argument is unused:
  MDP.episodeBatchOfTrajectories

Hint: Omit it from the simp argument list.
  simp [batchMap, EpisodeBatch.reconstructedStepTrace, M̵D̵P̵.̵e̵p̵i̵s̵o̵d̵e̵B̵a̵t̵c̵h̵O̵f̵T̵r̵a̵j̵e̵c̵t̵o̵r̵i̵e̵s̵,̵ ̵MDP.episodeStepOfTrajectory]

Note: This linter can be disabled with `set_option linter.unusedSimpArgs false`
warning: BanditRLProof/RL/FiniteHorizonAdaptiveCumulativeUCBVIAlignment.lean:155:40: This simp argument is unused:
  MDP.episodeBatchOfTrajectories

Hint: Omit it from the simp argument list.
  simp [batchMap, hinitial, htrace, MDP.episodeB̵a̵t̵c̵h̵O̵f̵T̵r̵a̵j̵e̵c̵t̵o̵r̵i̵e̵s̵,̵
  ̵ ̵ ̵ ̵ ̵ ̵ ̵ ̵ ̵M̵D̵P̵.̵e̵p̵i̵s̵o̵d̵e̵StepOfTrajectory]

Note: This linter can be disabled with `set_option linter.unusedSimpArgs false`
⚠ [4314/4687] Replayed BanditRLProof.RL.FiniteHorizonAdaptiveCumulativeUCBVIProbabilityBudget
warning: BanditRLProof/RL/FiniteHorizonAdaptiveCumulativeUCBVIProbabilityBudget.lean:22:0: automatically included section variable(s) unused in theorem `BanditRLProof.FiniteHorizonRL.AdaptiveCumulativeHoeffdingUCBVI.card_bernsteinCoordinateIndex`:
  [DecidableEq State]
  [DecidableEq Action]
  [MeasurableSingletonClass State]
  [MeasurableSingletonClass Action]
  [Nonempty State]
  [Nonempty Action]
consider restructuring your `variable` declarations so that the variables are not in scope or explicitly omit them:
  omit [DecidableEq
  State] [DecidableEq
  Action] [MeasurableSingletonClass
  State] [MeasurableSingletonClass Action] [Nonempty State] [Nonempty Action] in theorem ...

Note: This linter can be disabled with `set_option linter.unusedSectionVars false`
warning: BanditRLProof/RL/FiniteHorizonAdaptiveCumulativeUCBVIProbabilityBudget.lean:40:0: automatically included section variable(s) unused in theorem `BanditRLProof.FiniteHorizonRL.AdaptiveCumulativeHoeffdingUCBVI.card_optimalTailIndex`:
  [DecidableEq State]
  [DecidableEq Action]
  [MeasurableSingletonClass State]
  [MeasurableSingletonClass Action]
  [Nonempty State]
  [Nonempty Action]
consider restructuring your `variable` declarations so that the variables are not in scope or explicitly omit them:
  omit [DecidableEq
  State] [DecidableEq
  Action] [MeasurableSingletonClass
  State] [MeasurableSingletonClass Action] [Nonempty State] [Nonempty Action] in theorem ...

Note: This linter can be disabled with `set_option linter.unusedSectionVars false`
warning: BanditRLProof/RL/FiniteHorizonAdaptiveCumulativeUCBVIProbabilityBudget.lean:60:0: automatically included section variable(s) unused in theorem `BanditRLProof.FiniteHorizonRL.AdaptiveCumulativeHoeffdingUCBVI.exp_neg_two_mul_logFactor_eq`:
  [DecidableEq State]
  [DecidableEq Action]
  [MeasurableSingletonClass State]
  [MeasurableSingletonClass Action]
consider restructuring your `variable` declarations so that the variables are not in scope or explicitly omit them:
  omit [DecidableEq
  State] [DecidableEq Action] [MeasurableSingletonClass State] [MeasurableSingletonClass Action] in theorem ...

Note: This linter can be disabled with `set_option linter.unusedSectionVars false`
warning: BanditRLProof/RL/FiniteHorizonAdaptiveCumulativeUCBVIProbabilityBudget.lean:105:5: unused variable `hx`

Note: This linter can be disabled with `set_option linter.unusedVariables false`
warning: BanditRLProof/RL/FiniteHorizonAdaptiveCumulativeUCBVIProbabilityBudget.lean:105:19: unused variable `hbudget`

Note: This linter can be disabled with `set_option linter.unusedVariables false`
⚠ [4315/4687] Replayed BanditRLProof.RL.FiniteHorizonAdaptiveCumulativeUCBVIMartingaleTuning
warning: BanditRLProof/RL/FiniteHorizonAdaptiveCumulativeUCBVIMartingaleTuning.lean:35:0: automatically included section variable(s) unused in theorem `BanditRLProof.FiniteHorizonRL.AdaptiveCumulativeHoeffdingUCBVI.bellmanInnovationThreshold_nonneg`:
  [DecidableEq State]
  [DecidableEq Action]
  [MeasurableSingletonClass State]
  [MeasurableSingletonClass Action]
  [Nonempty State]
  [Nonempty Action]
consider restructuring your `variable` declarations so that the variables are not in scope or explicitly omit them:
  omit [DecidableEq
  State] [DecidableEq
  Action] [MeasurableSingletonClass
  State] [MeasurableSingletonClass Action] [Nonempty State] [Nonempty Action] in theorem ...

Note: This linter can be disabled with `set_option linter.unusedSectionVars false`
⚠ [4316/4687] Replayed BanditRLProof.RL.FiniteHorizonAdaptiveCumulativeUCBVITerminal
warning: BanditRLProof/RL/FiniteHorizonAdaptiveCumulativeUCBVITerminal.lean:38:0: automatically included section variable(s) unused in theorem `BanditRLProof.FiniteHorizonRL.AdaptiveCumulativeHoeffdingUCBVI.canonicalRegretBound_nonneg`:
  [DecidableEq State]
  [DecidableEq Action]
  [MeasurableSingletonClass State]
  [MeasurableSingletonClass Action]
consider restructuring your `variable` declarations so that the variables are not in scope or explicitly omit them:
  omit [DecidableEq
  State] [DecidableEq Action] [MeasurableSingletonClass State] [MeasurableSingletonClass Action] in theorem ...

Note: This linter can be disabled with `set_option linter.unusedSectionVars false`
warning: BanditRLProof/RL/FiniteHorizonAdaptiveCumulativeUCBVITerminal.lean:157:8: automatically included section variable(s) unused in theorem `_private.BanditRLProof.RL.FiniteHorizonAdaptiveCumulativeUCBVITerminal.0.BanditRLProof.FiniteHorizonRL.AdaptiveCumulativeHoeffdingUCBVI.sum_shift_recurrentBellmanInnovation_eq`:
  [Nonempty State]
consider restructuring your `variable` declarations so that the variables are not in scope or explicitly omit them:
  omit [Nonempty State] in theorem ...

Note: This linter can be disabled with `set_option linter.unusedSectionVars false`
warning: BanditRLProof/RL/FiniteHorizonAdaptiveCumulativeUCBVITerminal.lean:174:0: automatically included section variable(s) unused in theorem `BanditRLProof.FiniteHorizonRL.AdaptiveCumulativeHoeffdingUCBVI.sqrt_totalSteps_mul_card_eq_paper`:
  [DecidableEq State]
  [DecidableEq Action]
  [MeasurableSingletonClass State]
  [MeasurableSingletonClass Action]
  [Nonempty State]
  [Nonempty Action]
consider restructuring your `variable` declarations so that the variables are not in scope or explicitly omit them:
  omit [DecidableEq
  State] [DecidableEq
  Action] [MeasurableSingletonClass
  State] [MeasurableSingletonClass Action] [Nonempty State] [Nonempty Action] in theorem ...

Note: This linter can be disabled with `set_option linter.unusedSectionVars false`
⚠ [4317/4687] Replayed BanditRLProof.RL.FiniteHorizonAdaptiveCumulativeUCBVIExpectedRegret
warning: BanditRLProof/RL/FiniteHorizonAdaptiveCumulativeUCBVIExpectedRegret.lean:29:0: automatically included section variable(s) unused in theorem `BanditRLProof.FiniteHorizonRL.AdaptiveCumulativeHoeffdingUCBVI.measurable_generatedPolicyTable`:
  [Nonempty State]
consider restructuring your `variable` declarations so that the variables are not in scope or explicitly omit them:
  omit [Nonempty State] in theorem ...

Note: This linter can be disabled with `set_option linter.unusedSectionVars false`
warning: BanditRLProof/RL/FiniteHorizonAdaptiveCumulativeUCBVIExpectedRegret.lean:48:0: automatically included section variable(s) unused in theorem `BanditRLProof.FiniteHorizonRL.AdaptiveCumulativeHoeffdingUCBVI.measurable_generatedEpisodeInitialState`:
  [DecidableEq State]
  [DecidableEq Action]
  [MeasurableSingletonClass State]
  [MeasurableSingletonClass Action]
  [Nonempty State]
  [Nonempty Action]
consider restructuring your `variable` declarations so that the variables are not in scope or explicitly omit them:
  omit [DecidableEq
  State] [DecidableEq
  Action] [MeasurableSingletonClass
  State] [MeasurableSingletonClass Action] [Nonempty State] [Nonempty Action] in theorem ...

Note: This linter can be disabled with `set_option linter.unusedSectionVars false`
⚠ [8932/9089] Replayed BanditRLProof.ConcentrationDyadicExponential
warning: BanditRLProof/ConcentrationDyadicExponential.lean:49:42: this tactic is never executed

Note: This linter can be disabled with `set_option linter.unreachableTactic false`
warning: BanditRLProof/ConcentrationDyadicExponential.lean:49:42: 'ring' tactic does nothing

Note: This linter can be disabled with `set_option linter.unusedTactic false`
warning: BanditRLProof/ConcentrationDyadicExponential.lean:92:20: Used `tac1 <;> tac2` where `(tac1; tac2)` would suffice

Note: This linter can be disabled with `set_option linter.unnecessarySeqFocus false`
warning: BanditRLProof/ConcentrationDyadicExponential.lean:92:35: Used `tac1 <;> tac2` where `(tac1; tac2)` would suffice

Note: This linter can be disabled with `set_option linter.unnecessarySeqFocus false`
⚠ [8933/9089] Replayed BanditRLProof.Algorithms.MOSSPeeling
info: BanditRLProof/Algorithms/MOSSPeeling.lean:139:68: Try this:
  [apply] ring_nf
  
  The `ring` tactic failed to close the goal. Use `ring_nf` to obtain a normal form.
    
  Note that `ring` works primarily in *commutative* rings. If you have a noncommutative ring, abelian group or module, consider using `noncomm_ring`, `abel` or `module` instead.
warning: BanditRLProof/Algorithms/MOSSPeeling.lean:139:20: Used `tac1 <;> tac2` where `(tac1; tac2)` would suffice

Note: This linter can be disabled with `set_option linter.unnecessarySeqFocus false`
warning: BanditRLProof/Algorithms/MOSSPeeling.lean:139:34: Used `tac1 <;> tac2` where `(tac1; tac2)` would suffice

Note: This linter can be disabled with `set_option linter.unnecessarySeqFocus false`
warning: BanditRLProof/Algorithms/MOSSPeeling.lean:139:46: Used `tac1 <;> tac2` where `(tac1; tac2)` would suffice

Note: This linter can be disabled with `set_option linter.unnecessarySeqFocus false`
warning: BanditRLProof/Algorithms/MOSSPeeling.lean:139:64: Used `tac1 <;> tac2` where `(tac1; tac2)` would suffice

Note: This linter can be disabled with `set_option linter.unnecessarySeqFocus false`
warning: BanditRLProof/Algorithms/MOSSPeeling.lean:146:0: automatically included section variable(s) unused in theorem `BanditRLProof.MOSS.meanBadEvent_subset_scaledBadEvent`:
  [MeasurableSpace Ω]
consider restructuring your `variable` declarations so that the variables are not in scope or explicitly omit them:
  omit [MeasurableSpace Ω] in theorem ...

Note: This linter can be disabled with `set_option linter.unusedSectionVars false`
⚠ [8935/9089] Replayed BanditRLProof.Algorithms.MOSSOptimism
warning: BanditRLProof/Algorithms/MOSSOptimism.lean:19:0: automatically included section variable(s) unused in theorem `BanditRLProof.MOSS.optimismDeficit_nonneg`:
  [MeasurableSpace Ω]
consider restructuring your `variable` declarations so that the variables are not in scope or explicitly omit them:
  omit [MeasurableSpace Ω] in theorem ...

Note: This linter can be disabled with `set_option linter.unusedSectionVars false`
warning: BanditRLProof/Algorithms/MOSSOptimism.lean:25:0: automatically included section variable(s) unused in theorem `BanditRLProof.MOSS.le_optimismDeficit_iff`:
  [MeasurableSpace Ω]
consider restructuring your `variable` declarations so that the variables are not in scope or explicitly omit them:
  omit [MeasurableSpace Ω] in theorem ...

Note: This linter can be disabled with `set_option linter.unusedSectionVars false`
⚠ [8937/9089] Replayed BanditRLProof.Algorithms.MOSSOccupancy
warning: BanditRLProof/Algorithms/MOSSOccupancy.lean:12:18: unused variable `hg`

Note: This linter can be disabled with `set_option linter.unusedVariables false`
warning: BanditRLProof/Algorithms/MOSSOccupancy.lean:56:27: Used `tac1 <;> tac2` where `(tac1; tac2)` would suffice

Note: This linter can be disabled with `set_option linter.unnecessarySeqFocus false`
⚠ [8938/9089] Replayed BanditRLProof.ConcentrationGaussianOccupancy
warning: BanditRLProof/ConcentrationGaussianOccupancy.lean:24:63: Used `tac1 <;> tac2` where `(tac1; tac2)` would suffice

Note: This linter can be disabled with `set_option linter.unnecessarySeqFocus false`
warning: BanditRLProof/ConcentrationGaussianOccupancy.lean:27:68: unused variable `hε`

Note: This linter can be disabled with `set_option linter.unusedVariables false`
info: BanditRLProof/ConcentrationGaussianOccupancy.lean:126:2: Try this:
  [apply] ring_nf
  
  The `ring` tactic failed to close the goal. Use `ring_nf` to obtain a normal form.
    
  Note that `ring` works primarily in *commutative* rings. If you have a noncommutative ring, abelian group or module, consider using `noncomm_ring`, `abel` or `module` instead.
⚠ [8941/9089] Replayed BanditRLProof.Algorithms.MOSSConstants
warning: BanditRLProof/Algorithms/MOSSConstants.lean:35:68: Used `tac1 <;> tac2` where `(tac1; tac2)` would suffice

Note: This linter can be disabled with `set_option linter.unnecessarySeqFocus false`
warning: BanditRLProof/Algorithms/MOSSConstants.lean:40:53: Used `tac1 <;> tac2` where `(tac1; tac2)` would suffice

Note: This linter can be disabled with `set_option linter.unnecessarySeqFocus false`
⚠ [8942/9089] Replayed BanditRLProof.Algorithms.MOSSExpectedOccupancy
warning: BanditRLProof/Algorithms/MOSSExpectedOccupancy.lean:12:0: automatically included section variable(s) unused in theorem `BanditRLProof.MOSS.fixedLogExceedanceCount_eq_fixedRadiusCount`:
  [MeasurableSpace Ω]
consider restructuring your `variable` declarations so that the variables are not in scope or explicitly omit them:
  omit [MeasurableSpace Ω] in theorem ...

Note: This linter can be disabled with `set_option linter.unusedSectionVars false`
warning: BanditRLProof/Algorithms/MOSSExpectedOccupancy.lean:61:29: `MeasureTheory.measureReal_univ_eq_one` has been deprecated: Use `MeasureTheory.probReal_univ` instead
⚠ [8952/9089] Replayed BanditRLProof.Algorithms.MOSSHistoryLaw
warning: BanditRLProof/Algorithms/MOSSHistoryLaw.lean:16:74: This simp argument is unused:
  Function.comp_def

Hint: Omit it from the simp argument list.
  simp [canonicalReward, UCB.rewardFromArmStream, canonicalAction_zero,̵ ̵F̵u̵n̵c̵t̵i̵o̵n̵.̵c̵o̵m̵p̵_̵d̵e̵f̵]

Note: This linter can be disabled with `set_option linter.unusedSimpArgs false`
⚠ [8954/9089] Replayed BanditRLProof.LowerBounds.SubgaussianMinimax
warning: BanditRLProof/LowerBounds/SubgaussianMinimax.lean:119:13: `mul_le_mul_left'` has been deprecated: Use `mul_le_mul_right` instead
⚠ [9002/9089] Replayed BanditRLProof.Algorithms.CausalSampling
warning: BanditRLProof/Algorithms/CausalSampling.lean:25:0: automatically included section variable(s) unused in theorem `BanditRLProof.Causal.GraphModel.roundLaw_observation`:
  [Fintype V]
  [MeasurableSpace V]
  [MeasurableSingletonClass V]
consider restructuring your `variable` declarations so that the variables are not in scope or explicitly omit them:
  omit [Fintype V] [MeasurableSpace V] [MeasurableSingletonClass V] in theorem ...

Note: This linter can be disabled with `set_option linter.unusedSectionVars false`
warning: BanditRLProof/Algorithms/CausalSampling.lean:79:0: automatically included section variable(s) unused in theorem `BanditRLProof.Causal.GraphModel.sampleWeightedBit_independent`:
  [Inhabited V]
consider restructuring your `variable` declarations so that the variables are not in scope or explicitly omit them:
  omit [Inhabited V] in theorem ...

Note: This linter can be disabled with `set_option linter.unusedSectionVars false`
⚠ [9005/9089] Replayed BanditRLProof.Algorithms.CausalConfidence
warning: BanditRLProof/Algorithms/CausalConfidence.lean:28:0: automatically included section variable(s) unused in theorem `BanditRLProof.Causal.GraphModel.sampleEstimate_centered_sum`:
  [Fintype V]
  [Inhabited V]
  [MeasurableSpace V]
  [MeasurableSingletonClass V]
consider restructuring your `variable` declarations so that the variables are not in scope or explicitly omit them:
  omit [Fintype V] [Inhabited V] [MeasurableSpace V] [MeasurableSingletonClass V] in theorem ...

Note: This linter can be disabled with `set_option linter.unusedSectionVars false`
⚠ [9006/9089] Replayed BanditRLProof.Algorithms.CausalRecommendation
warning: BanditRLProof/Algorithms/CausalRecommendation.lean:19:0: automatically included section variable(s) unused in theorem `BanditRLProof.Causal.maximizingActions_nonempty`:
  [LinearOrder A]
  [MeasurableSpace A]
  [MeasurableSingletonClass A]
consider restructuring your `variable` declarations so that the variables are not in scope or explicitly omit them:
  omit [LinearOrder A] [MeasurableSpace A] [MeasurableSingletonClass A] in theorem ...

Note: This linter can be disabled with `set_option linter.unusedSectionVars false`
warning: BanditRLProof/Algorithms/CausalRecommendation.lean:44:0: automatically included section variable(s) unused in theorem `BanditRLProof.Causal.GraphModel.rewardMean_eq_integral`:
  [Fintype A]
  [Nonempty A]
  [LinearOrder A]
  [MeasurableSpace A]
  [MeasurableSingletonClass A]
consider restructuring your `variable` declarations so that the variables are not in scope or explicitly omit them:
  omit [Fintype A] [Nonempty A] [LinearOrder A] [MeasurableSpace A] [MeasurableSingletonClass A] in theorem ...

Note: This linter can be disabled with `set_option linter.unusedSectionVars false`
warning: BanditRLProof/Algorithms/CausalRecommendation.lean:65:16: This simp argument is unused:
  Bool.true_eq

Hint: Omit it from the simp argument list.
  simp only [Fintype.sum_prod_type, Fintype.sum_bool, f, Bool.false_eq_true, if_false, B̵o̵o̵l̵.̵t̵r̵u̵e̵_̵e̵q̵,̵ ̵if_true,
  ̲  ̲ ̲ ̲ ̲ ̲smul_eq_mul, mul_one, mul_zero, add_zero]

Note: This linter can be disabled with `set_option linter.unusedSimpArgs false`
warning: BanditRLProof/Algorithms/CausalRecommendation.lean:71:0: automatically included section variable(s) unused in theorem `BanditRLProof.Causal.GraphModel.rewardMean_bounds`:
  [Fintype A]
  [Nonempty A]
  [LinearOrder A]
  [MeasurableSpace A]
  [MeasurableSingletonClass A]
  [MeasurableSpace V]
  [MeasurableSingletonClass V]
consider restructuring your `variable` declarations so that the variables are not in scope or explicitly omit them:
  omit [Fintype
  A] [Nonempty
  A] [LinearOrder
  A] [MeasurableSpace A] [MeasurableSingletonClass A] [MeasurableSpace V] [MeasurableSingletonClass V] in theorem ...

Note: This linter can be disabled with `set_option linter.unusedSectionVars false`
warning: BanditRLProof/Algorithms/CausalRecommendation.lean:105:0: automatically included section variable(s) unused in theorem `BanditRLProof.Causal.GraphModel.simpleRegret_le_on_confidence`:
  [MeasurableSpace V]
  [MeasurableSingletonClass V]
consider restructuring your `variable` declarations so that the variables are not in scope or explicitly omit them:
  omit [MeasurableSpace V] [MeasurableSingletonClass V] in theorem ...

Note: This linter can be disabled with `set_option linter.unusedSectionVars false`
⚠ [9011/9089] Replayed BanditRLProof.Algorithms.CausalHeterogeneousSampling
warning: BanditRLProof/Algorithms/CausalHeterogeneousSampling.lean:40:0: automatically included section variable(s) unused in theorem `BanditRLProof.Causal.NodeGraphModel.roundLaw_encoded`:
  [(i : Fin n) → Fintype (V i)]
  [∀ (i : Fin n), MeasurableSingletonClass (V i)]
  [Fintype W]
  [Inhabited W]
  [MeasurableSpace W]
  [MeasurableSingletonClass W]
  [Fintype A]
  [Nonempty A]
  [LinearOrder A]
  [MeasurableSpace A]
  [MeasurableSingletonClass A]
consider restructuring your `variable` declarations so that the variables are not in scope or explicitly omit them:
  omit [(i : Fin n) →
  Fintype
    (V
      i)] [∀ (i : Fin n),
  MeasurableSingletonClass
    (V
      i)] [Fintype
  W] [Inhabited
  W] [MeasurableSpace
  W] [MeasurableSingletonClass
  W] [Fintype A] [Nonempty A] [LinearOrder A] [MeasurableSpace A] [MeasurableSingletonClass A] in theorem ...

Note: This linter can be disabled with `set_option linter.unusedSectionVars false`
warning: BanditRLProof/Algorithms/CausalHeterogeneousSampling.lean:75:0: automatically included section variable(s) unused in theorem `BanditRLProof.Causal.NodeGraphModel.sampleWeightedBit_encoded`:
  [(i : Fin n) → Fintype (V i)]
  [∀ (i : Fin n), MeasurableSingletonClass (V i)]
  [Fintype W]
  [Inhabited W]
  [MeasurableSpace W]
  [MeasurableSingletonClass W]
  [Fintype A]
  [Nonempty A]
  [LinearOrder A]
  [MeasurableSpace A]
  [MeasurableSingletonClass A]
consider restructuring your `variable` declarations so that the variables are not in scope or explicitly omit them:
  omit [(i : Fin n) →
  Fintype
    (V
      i)] [∀ (i : Fin n),
  MeasurableSingletonClass
    (V
      i)] [Fintype
  W] [Inhabited
  W] [MeasurableSpace
  W] [MeasurableSingletonClass
  W] [Fintype A] [Nonempty A] [LinearOrder A] [MeasurableSpace A] [MeasurableSingletonClass A] in theorem ...

Note: This linter can be disabled with `set_option linter.unusedSectionVars false`
warning: BanditRLProof/Algorithms/CausalHeterogeneousSampling.lean:104:0: automatically included section variable(s) unused in theorem `BanditRLProof.Causal.NodeGraphModel.designCost_encoded`:
  [Inhabited W]
  [LinearOrder A]
  [MeasurableSpace A]
  [MeasurableSingletonClass A]
consider restructuring your `variable` declarations so that the variables are not in scope or explicitly omit them:
  omit [Inhabited W] [LinearOrder A] [MeasurableSpace A] [MeasurableSingletonClass A] in theorem ...

Note: This linter can be disabled with `set_option linter.unusedSectionVars false`
⚠ [9012/9089] Replayed BanditRLProof.Algorithms.CausalHeterogeneousRegret
warning: BanditRLProof/Algorithms/CausalHeterogeneousRegret.lean:21:0: automatically included section variable(s) unused in theorem `BanditRLProof.Causal.NodeGraphModel.rewardMean_encoded`:
  [(i : Fin n) → Inhabited (V i)]
consider restructuring your `variable` declarations so that the variables are not in scope or explicitly omit them:
  omit [(i : Fin n) → Inhabited (V i)] in theorem ...

Note: This linter can be disabled with `set_option linter.unusedSectionVars false`
warning: BanditRLProof/Algorithms/CausalHeterogeneousRegret.lean:46:0: automatically included section variable(s) unused in theorem `BanditRLProof.Causal.NodeGraphModel.sampleRecommendation_encoded`:
  [(i : Fin n) → Inhabited (V i)]
consider restructuring your `variable` declarations so that the variables are not in scope or explicitly omit them:
  omit [(i : Fin n) → Inhabited (V i)] in theorem ...

Note: This linter can be disabled with `set_option linter.unusedSectionVars false`
warning: BanditRLProof/Algorithms/CausalHeterogeneousRegret.lean:78:0: automatically included section variable(s) unused in theorem `BanditRLProof.Causal.NodeGraphModel.covers_encoded`:
  [(i : Fin n) → Fintype (V i)]
  [(i : Fin n) → Inhabited (V i)]
  [∀ (i : Fin n), MeasurableSingletonClass (V i)]
  [Fintype W]
  [Inhabited W]
  [MeasurableSpace W]
  [MeasurableSingletonClass W]
  [Fintype A]
  [Nonempty A]
  [LinearOrder A]
  [MeasurableSpace A]
  [MeasurableSingletonClass A]
consider restructuring your `variable` declarations so that the variables are not in scope or explicitly omit them:
  omit [(i : Fin n) →
  Fintype
    (V
      i)] [(i : Fin n) →
  Inhabited
    (V
      i)] [∀ (i : Fin n),
  MeasurableSingletonClass
    (V
      i)] [Fintype
  W] [Inhabited
  W] [MeasurableSpace
  W] [MeasurableSingletonClass
  W] [Fintype A] [Nonempty A] [LinearOrder A] [MeasurableSpace A] [MeasurableSingletonClass A] in theorem ...

Note: This linter can be disabled with `set_option linter.unusedSectionVars false`
⚠ [9017/9089] Replayed BanditRLProof.Algorithms.HeavyTailRegretCap
warning: BanditRLProof/Algorithms/HeavyTailRegretCap.lean:36:13: unused variable `hs`

Note: This linter can be disabled with `set_option linter.unusedVariables false`
⚠ [9033/9089] Replayed BanditRLProof.OnlineLearningFTL
warning: BanditRLProof/OnlineLearningFTL.lean:81:41: unused variable `hT`

Note: This linter can be disabled with `set_option linter.unusedVariables false`
⚠ [9039/9089] Replayed BanditRLProof.OnlineLearningHistory
warning: BanditRLProof/OnlineLearningHistory.lean:42:6: 'ring' tactic does nothing

Note: This linter can be disabled with `set_option linter.unusedTactic false`
warning: BanditRLProof/OnlineLearningHistory.lean:42:6: this tactic is never executed

Note: This linter can be disabled with `set_option linter.unreachableTactic false`
⚠ [9041/9089] Replayed BanditRLProof.OnlineConvexExtended
warning: BanditRLProof/OnlineConvexExtended.lean:57:0: automatically included section variable(s) unused in theorem `BanditRL.OnlineConvex.effectiveDomain_indicator`:
  [AddCommGroup E]
  [Module ℝ E]
consider restructuring your `variable` declarations so that the variables are not in scope or explicitly omit them:
  omit [AddCommGroup E] [Module ℝ E] in theorem ...

Note: This linter can be disabled with `set_option linter.unusedSectionVars false`
warning: BanditRLProof/OnlineConvexExtended.lean:77:0: automatically included section variable(s) unused in theorem `BanditRL.OnlineConvex.realEpigraph_toReal`:
  [AddCommGroup E]
  [Module ℝ E]
consider restructuring your `variable` declarations so that the variables are not in scope or explicitly omit them:
  omit [AddCommGroup E] [Module ℝ E] in theorem ...

Note: This linter can be disabled with `set_option linter.unusedSectionVars false`
⚠ [9042/9089] Replayed BanditRLProof.OnlineConvexExamples
warning: BanditRLProof/OnlineConvexExamples.lean:25:2: try 'simp' instead of 'simpa'

Note: This linter can be disabled with `set_option linter.unnecessarySimpa false`
⚠ [9044/9089] Replayed BanditRLProof.OnlineConvexSums
warning: BanditRLProof/OnlineConvexSums.lean:86:22: Used `tac1 <;> tac2` where `(tac1; tac2)` would suffice

Note: This linter can be disabled with `set_option linter.unnecessarySeqFocus false`
warning: BanditRLProof/OnlineConvexSums.lean:86:34: Used `tac1 <;> tac2` where `(tac1; tac2)` would suffice

Note: This linter can be disabled with `set_option linter.unnecessarySeqFocus false`
⚠ [9045/9089] Replayed BanditRLProof.OnlineConvexFirstOrder
warning: BanditRLProof/OnlineConvexFirstOrder.lean:26:0: automatically included section variable(s) unused in theorem `BanditRL.OnlineConvex.finitePart_eventually`:
  [InnerProductSpace ℝ E]
  [CompleteSpace E]
consider restructuring your `variable` declarations so that the variables are not in scope or explicitly omit them:
  omit [InnerProductSpace ℝ E] [CompleteSpace E] in theorem ...

Note: This linter can be disabled with `set_option linter.unusedSectionVars false`
⚠ [9046/9089] Replayed BanditRLProof.OnlineConvexOptimality
warning: BanditRLProof/OnlineConvexOptimality.lean:42:0: automatically included section variable(s) unused in theorem `BanditRL.OnlineConvex.minOn_finitePart_iff`:
  [NormedAddCommGroup E]
  [InnerProductSpace ℝ E]
  [CompleteSpace E]
consider restructuring your `variable` declarations so that the variables are not in scope or explicitly omit them:
  omit [NormedAddCommGroup E] [InnerProductSpace ℝ E] [CompleteSpace E] in theorem ...

Note: This linter can be disabled with `set_option linter.unusedSectionVars false`
warning: BanditRLProof/OnlineConvexOptimality.lean:60:51: unused variable `hV`

Note: This linter can be disabled with `set_option linter.unusedVariables false`
warning: BanditRLProof/OnlineConvexOptimality.lean:61:5: unused variable `hne`

Note: This linter can be disabled with `set_option linter.unusedVariables false`
⚠ [9048/9089] Replayed BanditRLProof.OnlineConvexBarycenter
warning: BanditRLProof/OnlineConvexBarycenter.lean:73:0: automatically included section variable(s) unused in theorem `BanditRL.OnlineConvex.integral_mem_convex_finiteDimensional`:
  [MeasurableSpace E]
  [BorelSpace E]
consider restructuring your `variable` declarations so that the variables are not in scope or explicitly omit them:
  omit [MeasurableSpace E] [BorelSpace E] in theorem ...

Note: This linter can be disabled with `set_option linter.unusedSectionVars false`
⚠ [9050/9089] Replayed BanditRLProof.OnlineJensen
warning: BanditRLProof/OnlineJensen.lean:29:0: automatically included section variable(s) unused in theorem `BanditRL.OnlineConvex.jensen_negativeIntegral_ne_top`:
  [BorelSpace E]
consider restructuring your `variable` declarations so that the variables are not in scope or explicitly omit them:
  omit [BorelSpace E] in theorem ...

Note: This linter can be disabled with `set_option linter.unusedSectionVars false`
warning: BanditRLProof/OnlineJensen.lean:31:5: unused variable `hfm`

Note: This linter can be disabled with `set_option linter.unusedVariables false`
warning: BanditRLProof/OnlineJensen.lean:31:38: unused variable `hXm`

Note: This linter can be disabled with `set_option linter.unusedVariables false`
⚠ [9054/9089] Replayed BanditRLProof.OnlineGuessingComparison
warning: BanditRLProof/OnlineGuessingComparison.lean:35:2: try 'simp' instead of 'simpa'

Note: This linter can be disabled with `set_option linter.unnecessarySimpa false`
⚠ [9055/9089] Replayed BanditRLProof.OnlineClosedProper
warning: BanditRLProof/OnlineClosedProper.lean:59:0: automatically included section variable(s) unused in theorem `BanditRL.OnlineConvex.sourceProper_indicator_iff`:
  [TopologicalSpace E]
consider restructuring your `variable` declarations so that the variables are not in scope or explicitly omit them:
  omit [TopologicalSpace E] in theorem ...

Note: This linter can be disabled with `set_option linter.unusedSectionVars false`
⚠ [9058/9089] Replayed BanditRLProof.OnlineSubgradientDifferentiability
warning: BanditRLProof/OnlineSubgradientDifferentiability.lean:17:0: automatically included section variable(s) unused in theorem `BanditRL.OnlineConvex.subgradient_norm_le_lipschitz_ball`:
  [FiniteDimensional ℝ E]
consider restructuring your `variable` declarations so that the variables are not in scope or explicitly omit them:
  omit [FiniteDimensional ℝ E] in theorem ...

Note: This linter can be disabled with `set_option linter.unusedSectionVars false`
warning: BanditRLProof/OnlineSubgradientDifferentiability.lean:247:0: automatically included section variable(s) unused in theorem `BanditRL.OnlineConvex.sourceDifferentiableAt_regular`:
  [FiniteDimensional ℝ E]
consider restructuring your `variable` declarations so that the variables are not in scope or explicitly omit them:
  omit [FiniteDimensional ℝ E] in theorem ...

Note: This linter can be disabled with `set_option linter.unusedSectionVars false`
warning: BanditRLProof/OnlineSubgradientDifferentiability.lean:294:13: unused variable `hx`

Note: This linter can be disabled with `set_option linter.unusedVariables false`
⚠ [9059/9089] Replayed BanditRLProof.OnlineSubgradientSum
warning: BanditRLProof/OnlineSubgradientSum.lean:47:0: automatically included section variable(s) unused in theorem `BanditRL.OnlineConvex.convex_finset_sum`:
  [FiniteDimensional ℝ E]
consider restructuring your `variable` declarations so that the variables are not in scope or explicitly omit them:
  omit [FiniteDimensional ℝ E] in theorem ...

Note: This linter can be disabled with `set_option linter.unusedSectionVars false`
warning: BanditRLProof/OnlineSubgradientSum.lean:71:0: automatically included section variable(s) unused in theorem `BanditRL.OnlineConvex.finite_sum_point`:
  [NormedAddCommGroup E]
  [InnerProductSpace ℝ E]
  [FiniteDimensional ℝ E]
consider restructuring your `variable` declarations so that the variables are not in scope or explicitly omit them:
  omit [NormedAddCommGroup E] [InnerProductSpace ℝ E] [FiniteDimensional ℝ E] in theorem ...

Note: This linter can be disabled with `set_option linter.unusedSectionVars false`
warning: BanditRLProof/OnlineSubgradientSum.lean:238:17: Used `tac1 <;> tac2` where `(tac1; tac2)` would suffice

Note: This linter can be disabled with `set_option linter.unnecessarySeqFocus false`
warning: BanditRLProof/OnlineSubgradientSum.lean:247:0: automatically included section variable(s) unused in theorem `BanditRL.OnlineConvex.theorem_2_23_inclusion`:
  [FiniteDimensional ℝ E]
consider restructuring your `variable` declarations so that the variables are not in scope or explicitly omit them:
  omit [FiniteDimensional ℝ E] in theorem ...

Note: This linter can be disabled with `set_option linter.unusedSectionVars false`
warning: BanditRLProof/OnlineSubgradientSum.lean:248:25: unused variable `hp`

Note: This linter can be disabled with `set_option linter.unusedVariables false`
⚠ [9061/9089] Replayed BanditRLProof.OnlineNormalCone
warning: BanditRLProof/OnlineNormalCone.lean:26:36: unused variable `hVc`

Note: This linter can be disabled with `set_option linter.unusedVariables false`
warning: BanditRLProof/OnlineNormalCone.lean:48:17: unused variable `hVn`

Note: This linter can be disabled with `set_option linter.unusedVariables false`
warning: BanditRLProof/OnlineNormalCone.lean:48:36: unused variable `hVc`

Note: This linter can be disabled with `set_option linter.unusedVariables false`
⚠ [9062/9089] Replayed BanditRLProof.OnlineSubgradientMax
warning: BanditRLProof/OnlineSubgradientMax.lean:47:0: automatically included section variable(s) unused in theorem `BanditRL.OnlineConvex.finiteMax_attained`:
  [NormedAddCommGroup E]
  [InnerProductSpace ℝ E]
consider restructuring your `variable` declarations so that the variables are not in scope or explicitly omit them:
  omit [NormedAddCommGroup E] [InnerProductSpace ℝ E] in theorem ...

Note: This linter can be disabled with `set_option linter.unusedSectionVars false`
warning: BanditRLProof/OnlineSubgradientMax.lean:95:0: automatically included section variable(s) unused in theorem `BanditRL.OnlineConvex.continuousAt_mem_domain_interior`:
  [InnerProductSpace ℝ E]
consider restructuring your `variable` declarations so that the variables are not in scope or explicitly omit them:
  omit [InnerProductSpace ℝ E] in theorem ...

Note: This linter can be disabled with `set_option linter.unusedSectionVars false`
warning: BanditRLProof/OnlineSubgradientMax.lean:228:0: automatically included section variable(s) unused in theorem `BanditRL.OnlineConvex.continuousAt_finite_toReal`:
  [InnerProductSpace ℝ E]
consider restructuring your `variable` declarations so that the variables are not in scope or explicitly omit them:
  omit [InnerProductSpace ℝ E] in theorem ...

Note: This linter can be disabled with `set_option linter.unusedSectionVars false`
⚠ [9063/9089] Replayed BanditRLProof.OnlineHinge
warning: BanditRLProof/OnlineHinge.lean:79:6: try 'simp' instead of 'simpa'

Note: This linter can be disabled with `set_option linter.unnecessarySimpa false`
⚠ [9064/9089] Replayed BanditRLProof.OnlineAffineSubgradient
warning: BanditRLProof/OnlineAffineSubgradient.lean:19:21: unused variable `hp`

Note: This linter can be disabled with `set_option linter.unusedVariables false`
⚠ [9066/9089] Replayed BanditRLProof.OnlineSubgradientDescent
warning: BanditRLProof/OnlineSubgradientDescent.lean:71:0: automatically included section variable(s) unused in theorem `BanditRL.OnlineSubgradientDescent.currentSubgradient_mem`:
  [FiniteDimensional ℝ E]
consider restructuring your `variable` declarations so that the variables are not in scope or explicitly omit them:
  omit [FiniteDimensional ℝ E] in theorem ...

Note: This linter can be disabled with `set_option linter.unusedSectionVars false`
⚠ [9067/9089] Replayed BanditRLProof.OnlineGuessingSubgradient
warning: BanditRLProof/OnlineGuessingSubgradient.lean:114:26: unused variable `hy`

Note: This linter can be disabled with `set_option linter.unusedVariables false`
⚠ [9068/9089] Replayed BanditRLProof.OnlineSubgradientPolicy
warning: BanditRLProof/OnlineSubgradientPolicy.lean:173:5: unused variable `hx₁`

Note: This linter can be disabled with `set_option linter.unusedVariables false`
⚠ [9069/9089] Replayed BanditRLProof.OnlineLinearization
warning: BanditRLProof/OnlineLinearization.lean:52:0: automatically included section variable(s) unused in theorem `BanditRL.OnlineLinearization.outputHistory_last`:
  [NormedAddCommGroup E]
  [InnerProductSpace ℝ E]
  [FiniteDimensional ℝ E]
consider restructuring your `variable` declarations so that the variables are not in scope or explicitly omit them:
  omit [NormedAddCommGroup E] [InnerProductSpace ℝ E] [FiniteDimensional ℝ E] in theorem ...

Note: This linter can be disabled with `set_option linter.unusedSectionVars false`
warning: BanditRLProof/OnlineLinearization.lean:56:0: automatically included section variable(s) unused in theorem `BanditRL.OnlineLinearization.history_zero`:
  [NormedAddCommGroup E]
  [InnerProductSpace ℝ E]
  [FiniteDimensional ℝ E]
consider restructuring your `variable` declarations so that the variables are not in scope or explicitly omit them:
  omit [NormedAddCommGroup E] [InnerProductSpace ℝ E] [FiniteDimensional ℝ E] in theorem ...

Note: This linter can be disabled with `set_option linter.unusedSectionVars false`
warning: BanditRLProof/OnlineLinearization.lean:60:0: automatically included section variable(s) unused in theorem `BanditRL.OnlineLinearization.history_succ`:
  [NormedAddCommGroup E]
  [InnerProductSpace ℝ E]
  [FiniteDimensional ℝ E]
consider restructuring your `variable` declarations so that the variables are not in scope or explicitly omit them:
  omit [NormedAddCommGroup E] [InnerProductSpace ℝ E] [FiniteDimensional ℝ E] in theorem ...

Note: This linter can be disabled with `set_option linter.unusedSectionVars false`
warning: BanditRLProof/OnlineLinearization.lean:92:0: automatically included section variable(s) unused in theorem `BanditRL.OnlineLinearization.output_mem`:
  [FiniteDimensional ℝ E]
consider restructuring your `variable` declarations so that the variables are not in scope or explicitly omit them:
  omit [FiniteDimensional ℝ E] in theorem ...

Note: This linter can be disabled with `set_option linter.unusedSectionVars false`
warning: BanditRLProof/OnlineLinearization.lean:138:0: automatically included section variable(s) unused in theorem `BanditRL.OnlineLinearization.linearLoss_gap`:
  [FiniteDimensional ℝ E]
consider restructuring your `variable` declarations so that the variables are not in scope or explicitly omit them:
  omit [FiniteDimensional ℝ E] in theorem ...

Note: This linter can be disabled with `set_option linter.unusedSectionVars false`
⚠ [9070/9089] Replayed BanditRLProof.OnlineOptimalStep
warning: BanditRLProof/OnlineOptimalStep.lean:63:51: `pow_eq_zero` has been deprecated: Use `eq_zero_of_pow_eq_zero` instead
⚠ [9071/9089] Replayed BanditRLProof.OnlineGradientDescentSource
warning: BanditRLProof/OnlineGradientDescentSource.lean:32:0: automatically included section variable(s) unused in theorem `BanditRL.OnlineGradientDescentSource.source_to_feasible`:
  [CompleteSpace E]
consider restructuring your `variable` declarations so that the variables are not in scope or explicitly omit them:
  omit [CompleteSpace E] in theorem ...

Note: This linter can be disabled with `set_option linter.unusedSectionVars false`
warning: BanditRLProof/OnlineGradientDescentSource.lean:38:0: automatically included section variable(s) unused in theorem `BanditRL.OnlineGradientDescentSource.regular_to_feasible`:
  [CompleteSpace E]
consider restructuring your `variable` declarations so that the variables are not in scope or explicitly omit them:
  omit [CompleteSpace E] in theorem ...

Note: This linter can be disabled with `set_option linter.unusedSectionVars false`
⚠ [9086/9089] Built BanditRLProof.OnlineHuber (10s)
warning: BanditRLProof/OnlineHuber.lean:132:31: This simp argument is unused:
  max_eq_left hlo

Hint: Omit it from the simp argument list.
  simp [hlo, min_eq_left hr,̵ ̵m̵a̵x̵_̵e̵q̵_̵l̵e̵f̵t̵ ̵h̵l̵o̵]

Note: This linter can be disabled with `set_option linter.unusedSimpArgs false`
warning: BanditRLProof/OnlineHuber.lean:134:22: This simp argument is unused:
  min_eq_left hhi

Hint: Omit it from the simp argument list.
  simp [hlo, hhi, mi̵n̵_̵e̵q̵_̵l̵e̵f̵t̵ ̵h̵h̵i̵,̵ ̵m̵ax_eq_right (le_of_lt (not_le.mp hlo))]

Note: This linter can be disabled with `set_option linter.unusedSimpArgs false`
warning: BanditRLProof/OnlineHuber.lean:188:46: This simp argument is unused:
  real_inner_smul_left

Hint: Omit it from the simp argument list.
  simp [InnerProductSpace.toDual_apply_apply,̵ ̵r̵e̵a̵l̵_̵i̵n̵n̵e̵r̵_̵s̵m̵u̵l̵_̵l̵e̵f̵t̵]

Note: This linter can be disabled with `set_option linter.unusedSimpArgs false`
warning: BanditRLProof/OnlineHuber.lean:190:0: automatically included section variable(s) unused in theorem `BanditRL.OnlineHuber.huber_linear_convex`:
  [CompleteSpace E]
consider restructuring your `variable` declarations so that the variables are not in scope or explicitly omit them:
  omit [CompleteSpace E] in theorem ...

Note: This linter can be disabled with `set_option linter.unusedSectionVars false`
warning: BanditRLProof/OnlineHuber.lean:229:5: unused variable `hZ`

Note: This linter can be disabled with `set_option linter.unusedVariables false`
warning: BanditRLProof/OnlineHuber.lean:272:0: automatically included section variable(s) unused in theorem `BanditRL.OnlineHuber.huber_rate_tendsto`:
  [InnerProductSpace ℝ E]
  [CompleteSpace E]
consider restructuring your `variable` declarations so that the variables are not in scope or explicitly omit them:
  omit [InnerProductSpace ℝ E] [CompleteSpace E] in theorem ...

Note: This linter can be disabled with `set_option linter.unusedSectionVars false`
⚠ [9087/9089] Built BanditRLProof.OnlineUnitScaling (9.3s)
warning: BanditRLProof/OnlineUnitScaling.lean:32:0: automatically included section variable(s) unused in theorem `BanditRL.OnlineUnitScaling.inverse_loss`:
  [FiniteDimensional ℝ E]
consider restructuring your `variable` declarations so that the variables are not in scope or explicitly omit them:
  omit [FiniteDimensional ℝ E] in theorem ...

Note: This linter can be disabled with `set_option linter.unusedSectionVars false`
warning: BanditRLProof/OnlineUnitScaling.lean:37:0: automatically included section variable(s) unused in theorem `BanditRL.OnlineUnitScaling.proper_scaled_loss`:
  [FiniteDimensional ℝ E]
consider restructuring your `variable` declarations so that the variables are not in scope or explicitly omit them:
  omit [FiniteDimensional ℝ E] in theorem ...

Note: This linter can be disabled with `set_option linter.unusedSectionVars false`
warning: BanditRLProof/OnlineUnitScaling.lean:46:36: unused variable `hc`

Note: This linter can be disabled with `set_option linter.unusedVariables false`
warning: BanditRLProof/OnlineUnitScaling.lean:90:0: automatically included section variable(s) unused in theorem `BanditRL.OnlineUnitScaling.step_scaling`:
  [FiniteDimensional ℝ E]
consider restructuring your `variable` declarations so that the variables are not in scope or explicitly omit them:
  omit [FiniteDimensional ℝ E] in theorem ...

Note: This linter can be disabled with `set_option linter.unusedSectionVars false`
warning: BanditRLProof/OnlineUnitScaling.lean:96:0: automatically included section variable(s) unused in theorem `BanditRL.OnlineUnitScaling.wrong_step_scaling`:
  [FiniteDimensional ℝ E]
consider restructuring your `variable` declarations so that the variables are not in scope or explicitly omit them:
  omit [FiniteDimensional ℝ E] in theorem ...

Note: This linter can be disabled with `set_option linter.unusedSectionVars false`
warning: BanditRLProof/OnlineUnitScaling.lean:163:0: automatically included section variable(s) unused in theorem `BanditRL.OnlineUnitScaling.distance_square_scaling`:
  [FiniteDimensional ℝ E]
consider restructuring your `variable` declarations so that the variables are not in scope or explicitly omit them:
  omit [FiniteDimensional ℝ E] in theorem ...

Note: This linter can be disabled with `set_option linter.unusedSectionVars false`
✔ [9088/9089] Built BanditRLProof (12s)
Build completed successfully (9089 jobs).
