⚠ [3472/4351] Replayed BanditRLProof.ConcentrationMartingaleMaximal
warning: BanditRLProof/ConcentrationMartingaleMaximal.lean:58:18: `mul_le_mul_left'` has been deprecated: Use `mul_le_mul_right` instead
warning: BanditRLProof/ConcentrationMartingaleMaximal.lean:70:25: Used `tac1 <;> tac2` where `(tac1; tac2)` would suffice

Note: This linter can be disabled with `set_option linter.unnecessarySeqFocus false`
warning: BanditRLProof/ConcentrationMartingaleMaximal.lean:70:37: Used `tac1 <;> tac2` where `(tac1; tac2)` would suffice

Note: This linter can be disabled with `set_option linter.unnecessarySeqFocus false`
warning: BanditRLProof/ConcentrationMartingaleMaximal.lean:85:4: Used `tac1 <;> tac2` where `(tac1; tac2)` would suffice

Note: This linter can be disabled with `set_option linter.unnecessarySeqFocus false`
⚠ [3693/4351] Replayed BanditRLProof.Algorithms.KLUCBBernoulli
warning: BanditRLProof/Algorithms/KLUCBBernoulli.lean:44:5: unused variable `hp`

Note: This linter can be disabled with `set_option linter.unusedVariables false`
warning: BanditRLProof/Algorithms/KLUCBBernoulli.lean:45:7: unused variable `hq`

Note: This linter can be disabled with `set_option linter.unusedVariables false`
warning: BanditRLProof/Algorithms/KLUCBBernoulli.lean:46:9: unused variable `hq0`

Note: This linter can be disabled with `set_option linter.unusedVariables false`
warning: BanditRLProof/Algorithms/KLUCBBernoulli.lean:47:11: unused variable `hp0`

Note: This linter can be disabled with `set_option linter.unusedVariables false`
warning: BanditRLProof/Algorithms/KLUCBBernoulli.lean:48:14: unused variable `hq1`

Note: This linter can be disabled with `set_option linter.unusedVariables false`
warning: BanditRLProof/Algorithms/KLUCBBernoulli.lean:49:11: unused variable `hp1`

Note: This linter can be disabled with `set_option linter.unusedVariables false`
warning: BanditRLProof/Algorithms/KLUCBBernoulli.lean:130:30: unused variable `hp1`

Note: This linter can be disabled with `set_option linter.unusedVariables false`
warning: BanditRLProof/Algorithms/KLUCBBernoulli.lean:132:30: This simp argument is unused:
  hp1

Hint: Omit it from the simp argument list.
  simp [bernoulliKLCore, hp0,̵ ̵h̵p̵1̵]

Note: This linter can be disabled with `set_option linter.unusedSimpArgs false`
warning: BanditRLProof/Algorithms/KLUCBBernoulli.lean:197:74: Used `tac1 <;> tac2` where `(tac1; tac2)` would suffice

Note: This linter can be disabled with `set_option linter.unnecessarySeqFocus false`
warning: BanditRLProof/Algorithms/KLUCBBernoulli.lean:203:47: Used `tac1 <;> tac2` where `(tac1; tac2)` would suffice

Note: This linter can be disabled with `set_option linter.unnecessarySeqFocus false`
warning: BanditRLProof/Algorithms/KLUCBBernoulli.lean:204:28: Used `tac1 <;> tac2` where `(tac1; tac2)` would suffice

Note: This linter can be disabled with `set_option linter.unnecessarySeqFocus false`
warning: BanditRLProof/Algorithms/KLUCBBernoulli.lean:238:67: Used `tac1 <;> tac2` where `(tac1; tac2)` would suffice

Note: This linter can be disabled with `set_option linter.unnecessarySeqFocus false`
warning: BanditRLProof/Algorithms/KLUCBBernoulli.lean:241:61: Used `tac1 <;> tac2` where `(tac1; tac2)` would suffice

Note: This linter can be disabled with `set_option linter.unnecessarySeqFocus false`
warning: BanditRLProof/Algorithms/KLUCBBernoulli.lean:428:35: unused variable `hbudget`

Note: This linter can be disabled with `set_option linter.unusedVariables false`
warning: BanditRLProof/Algorithms/KLUCBBernoulli.lean:432:31: This simp argument is unused:
  hbudget

Hint: Omit it from the simp argument list.
  simp [bernoulliKL_self hp,̵ ̵h̵b̵u̵d̵g̵e̵t̵]

Note: This linter can be disabled with `set_option linter.unusedSimpArgs false`
warning: BanditRLProof/Algorithms/KLUCBBernoulli.lean:495:25: unused variable `hbudget`

Note: This linter can be disabled with `set_option linter.unusedVariables false`
warning: BanditRLProof/Algorithms/KLUCBBernoulli.lean:497:23: This simp argument is unused:
  hbudget

Hint: Omit it from the simp argument list.
  simp [confidenceSet,̵ ̵h̵b̵u̵d̵g̵e̵t̵]

Note: This linter can be disabled with `set_option linter.unusedSimpArgs false`
⚠ [3709/4351] Replayed BanditRLProof.LowerBounds.GaussianTesting
warning: BanditRLProof/LowerBounds/GaussianTesting.lean:69:35: Used `tac1 <;> tac2` where `(tac1; tac2)` would suffice

Note: This linter can be disabled with `set_option linter.unnecessarySeqFocus false`
⚠ [3722/4351] Replayed BanditRLProof.LowerBounds.DyadicAddresses
warning: BanditRLProof/LowerBounds/DyadicAddresses.lean:41:75: Used `tac1 <;> tac2` where `(tac1; tac2)` would suffice

Note: This linter can be disabled with `set_option linter.unnecessarySeqFocus false`
⚠ [3781/4351] Replayed BanditRLProof.Algorithms.UCBConditionalRewardLawPolicy
warning: BanditRLProof/Algorithms/UCBConditionalRewardLawPolicy.lean:478:6: try 'simp' instead of 'simpa'

Note: This linter can be disabled with `set_option linter.unnecessarySimpa false`
warning: BanditRLProof/Algorithms/UCBConditionalRewardLawPolicy.lean:1379:9: `mul_le_mul_left'` has been deprecated: Use `mul_le_mul_right` instead
warning: BanditRLProof/Algorithms/UCBConditionalRewardLawPolicy.lean:1376:12: This simp argument is unused:
  overflow

Hint: Omit it from the simp argument list.
  simp [o̵v̵e̵r̵f̵l̵o̵w̵,̵ ̵IsProbabilityMeasure.measure_univ]

Note: This linter can be disabled with `set_option linter.unusedSimpArgs false`
⚠ [3782/4351] Replayed BanditRLProof.Algorithms.UCBConditionalRewardLawRegret
warning: BanditRLProof/Algorithms/UCBConditionalRewardLawRegret.lean:252:14: `mul_le_mul_left'` has been deprecated: Use `mul_le_mul_right` instead
⚠ [3801/4351] Replayed BanditRLProof.Algorithms.StochasticGradientBanditTheoremTwoStarvation
warning: BanditRLProof/Algorithms/StochasticGradientBanditTheoremTwoStarvation.lean:155:4: try 'simp' instead of 'simpa'

Note: This linter can be disabled with `set_option linter.unnecessarySimpa false`
⚠ [3815/4351] Replayed BanditRLProof.LowerBounds.InstanceDependent
warning: BanditRLProof/LowerBounds/InstanceDependent.lean:643:2: `push_neg` has been deprecated. Prefer using `push Not` instead.
If you'd rather continue using `push_neg` in your project, you can implement it as follows:
```
open Lean.Parser.Tactic in
macro "push_neg" cfg:optConfig loc:(location)? : tactic =>
  `(tactic| push $cfg:optConfig Not $[$loc]?)
```
warning: BanditRLProof/LowerBounds/InstanceDependent.lean:1742:8: `mul_le_mul_left'` has been deprecated: Use `mul_le_mul_right` instead
⚠ [4020/4351] Replayed BanditRLProof.OFULConcreteHistoryRidgeSelection
warning: BanditRLProof/OFULConcreteHistoryRidgeSelection.lean:50:4: try 'simp' instead of 'simpa'

Note: This linter can be disabled with `set_option linter.unnecessarySimpa false`
⚠ [4074/4351] Replayed BanditRLProof.Algorithms.UCBFixedPolicyTelescopingAnytimeRegret
warning: BanditRLProof/Algorithms/UCBFixedPolicyTelescopingAnytimeRegret.lean:309:4: try 'simp' instead of 'simpa'

Note: This linter can be disabled with `set_option linter.unnecessarySimpa false`
warning: BanditRLProof/Algorithms/UCBFixedPolicyTelescopingAnytimeRegret.lean:455:32: unused variable `hK`

Note: This linter can be disabled with `set_option linter.unusedVariables false`
⚠ [4075/4351] Replayed BanditRLProof.Algorithms.KLUCBGeneratedRegret
warning: BanditRLProof/Algorithms/KLUCBGeneratedRegret.lean:251:4: try 'simp' instead of 'simpa'

Note: This linter can be disabled with `set_option linter.unnecessarySimpa false`
warning: BanditRLProof/Algorithms/KLUCBGeneratedRegret.lean:450:5: unused variable `hbest`

Note: This linter can be disabled with `set_option linter.unusedVariables false`
warning: BanditRLProof/Algorithms/KLUCBGeneratedRegret.lean:681:8: 'change
  UCB.selectedPolicySuccessorTelescopingPullThreshold K sigma2 T delta effectiveGap <=
    ConditionalExpectationReward.successorArmPullCount (action omega) chosen (t + 1)' tactic does nothing

Note: This linter can be disabled with `set_option linter.unusedTactic false`
⚠ [4093/4351] Replayed BanditRLProof.RL.FiniteHorizonStochasticRewardCumulativeConcentration
warning: BanditRLProof/RL/FiniteHorizonStochasticRewardCumulativeConcentration.lean:176:6: try 'simp' instead of 'simpa'

Note: This linter can be disabled with `set_option linter.unnecessarySimpa false`
⚠ [4094/4351] Replayed BanditRLProof.RL.FiniteHorizonStochasticRewardBellmanInnovationConcentration
warning: BanditRLProof/RL/FiniteHorizonStochasticRewardBellmanInnovationConcentration.lean:379:6: try 'simp' instead of 'simpa'

Note: This linter can be disabled with `set_option linter.unnecessarySimpa false`
⚠ [4114/4351] Replayed BanditRLProof.RL.FiniteHorizonStochasticRewardIIDEmpiricalRewardConfidence
warning: BanditRLProof/RL/FiniteHorizonStochasticRewardIIDEmpiricalRewardConfidence.lean:156:0: automatically included section variable(s) unused in theorem `BanditRLProof.FiniteHorizonRL.RewardStepTrace.stateAt_cons_zero`:
  [MeasurableSpace State]
  [MeasurableSpace Action]
consider restructuring your `variable` declarations so that the variables are not in scope or explicitly omit them:
  omit [MeasurableSpace State] [MeasurableSpace Action] in theorem ...

Note: This linter can be disabled with `set_option linter.unusedSectionVars false`
warning: BanditRLProof/RL/FiniteHorizonStochasticRewardIIDEmpiricalRewardConfidence.lean:168:0: automatically included section variable(s) unused in theorem `BanditRLProof.FiniteHorizonRL.RewardStepTrace.stateAt_cons_succ`:
  [MeasurableSpace State]
  [MeasurableSpace Action]
consider restructuring your `variable` declarations so that the variables are not in scope or explicitly omit them:
  omit [MeasurableSpace State] [MeasurableSpace Action] in theorem ...

Note: This linter can be disabled with `set_option linter.unusedSectionVars false`
warning: BanditRLProof/RL/FiniteHorizonStochasticRewardIIDEmpiricalRewardConfidence.lean:227:0: automatically included section variable(s) unused in theorem `BanditRLProof.FiniteHorizonRL.MDP.measurable_maskedRewardDeviationAt`:
  [Nonempty State]
  [Nonempty Action]
consider restructuring your `variable` declarations so that the variables are not in scope or explicitly omit them:
  omit [Nonempty State] [Nonempty Action] in theorem ...

Note: This linter can be disabled with `set_option linter.unusedSectionVars false`
warning: BanditRLProof/RL/FiniteHorizonStochasticRewardIIDEmpiricalRewardConfidence.lean:243:0: automatically included section variable(s) unused in theorem `BanditRLProof.FiniteHorizonRL.MDP.measurable_maskedRewardDeviationAt_trajectory`:
  [Nonempty State]
  [Nonempty Action]
consider restructuring your `variable` declarations so that the variables are not in scope or explicitly omit them:
  omit [Nonempty State] [Nonempty Action] in theorem ...

Note: This linter can be disabled with `set_option linter.unusedSectionVars false`
warning: BanditRLProof/RL/FiniteHorizonStochasticRewardIIDEmpiricalRewardConfidence.lean:271:0: automatically included section variable(s) unused in theorem `BanditRLProof.FiniteHorizonRL.MDP.measurable_sampledEpisodeStepOfStochasticTrajectory`:
  [DecidableEq State]
  [DecidableEq Action]
  [MeasurableSingletonClass State]
  [MeasurableSingletonClass Action]
  [Nonempty State]
  [Nonempty Action]
consider restructuring your `variable` declarations so that the variables are not in scope or explicitly omit them:
  omit [DecidableEq
  State] [DecidableEq
  Action] [MeasurableSingletonClass
  State] [MeasurableSingletonClass Action] [Nonempty State] [Nonempty Action] in theorem ...

Note: This linter can be disabled with `set_option linter.unusedSectionVars false`
warning: BanditRLProof/RL/FiniteHorizonStochasticRewardIIDEmpiricalRewardConfidence.lean:319:0: automatically included section variable(s) unused in theorem `BanditRLProof.FiniteHorizonRL.MDP.MeanCompatibleRewardKernel.actionRewardStateKernel_maskedRewardDeviation_hasSubgaussianMGF`:
  [MeasurableSingletonClass State]
  [Nonempty State]
  [Nonempty Action]
consider restructuring your `variable` declarations so that the variables are not in scope or explicitly omit them:
  omit [MeasurableSingletonClass State] [Nonempty State] [Nonempty Action] in theorem ...

Note: This linter can be disabled with `set_option linter.unusedSectionVars false`
warning: BanditRLProof/RL/FiniteHorizonStochasticRewardIIDEmpiricalRewardConfidence.lean:482:36: unused variable `source`

Note: This linter can be disabled with `set_option linter.unusedVariables false`
⚠ [4115/4351] Replayed BanditRLProof.RL.FiniteHorizonStochasticRewardIIDAllCoordinateEmpiricalModelConfidence
warning: BanditRLProof/RL/FiniteHorizonStochasticRewardIIDAllCoordinateEmpiricalModelConfidence.lean:30:0: automatically included section variable(s) unused in theorem `BanditRLProof.FiniteHorizonRL.MDP.rewardStepTrace_stateAt_eq_trajectoryStateAt_eraseTrajectory`:
  [DecidableEq State]
  [DecidableEq Action]
  [MeasurableSingletonClass State]
  [MeasurableSingletonClass Action]
  [Nonempty State]
  [Nonempty Action]
consider restructuring your `variable` declarations so that the variables are not in scope or explicitly omit them:
  omit [DecidableEq
  State] [DecidableEq
  Action] [MeasurableSingletonClass
  State] [MeasurableSingletonClass Action] [Nonempty State] [Nonempty Action] in theorem ...

Note: This linter can be disabled with `set_option linter.unusedSectionVars false`
warning: BanditRLProof/RL/FiniteHorizonStochasticRewardIIDAllCoordinateEmpiricalModelConfidence.lean:56:0: automatically included section variable(s) unused in theorem `BanditRLProof.FiniteHorizonRL.MDP.sampledEpisodeStep_action_eq_knownRewardEpisodeStep`:
  [DecidableEq State]
  [DecidableEq Action]
  [MeasurableSingletonClass State]
  [MeasurableSingletonClass Action]
  [Nonempty State]
  [Nonempty Action]
consider restructuring your `variable` declarations so that the variables are not in scope or explicitly omit them:
  omit [DecidableEq
  State] [DecidableEq
  Action] [MeasurableSingletonClass
  State] [MeasurableSingletonClass Action] [Nonempty State] [Nonempty Action] in theorem ...

Note: This linter can be disabled with `set_option linter.unusedSectionVars false`
warning: BanditRLProof/RL/FiniteHorizonStochasticRewardIIDAllCoordinateEmpiricalModelConfidence.lean:68:0: automatically included section variable(s) unused in theorem `BanditRLProof.FiniteHorizonRL.MDP.sampledEpisodeStep_nextState_eq_knownRewardEpisodeStep`:
  [DecidableEq State]
  [DecidableEq Action]
  [MeasurableSingletonClass State]
  [MeasurableSingletonClass Action]
  [Nonempty State]
  [Nonempty Action]
consider restructuring your `variable` declarations so that the variables are not in scope or explicitly omit them:
  omit [DecidableEq
  State] [DecidableEq
  Action] [MeasurableSingletonClass
  State] [MeasurableSingletonClass Action] [Nonempty State] [Nonempty Action] in theorem ...

Note: This linter can be disabled with `set_option linter.unusedSectionVars false`
warning: BanditRLProof/RL/FiniteHorizonStochasticRewardIIDAllCoordinateEmpiricalModelConfidence.lean:162:5: unused variable `source`

Note: This linter can be disabled with `set_option linter.unusedVariables false`
warning: BanditRLProof/RL/FiniteHorizonStochasticRewardIIDAllCoordinateEmpiricalModelConfidence.lean:320:0: automatically included section variable(s) unused in theorem `BanditRLProof.FiniteHorizonRL.MDP.MeanCompatibleRewardKernel.simultaneousRewardDelta_pos`:
  [DecidableEq State]
  [DecidableEq Action]
  [MeasurableSingletonClass State]
  [MeasurableSingletonClass Action]
  [Nonempty State]
  [Nonempty Action]
consider restructuring your `variable` declarations so that the variables are not in scope or explicitly omit them:
  omit [DecidableEq
  State] [DecidableEq
  Action] [MeasurableSingletonClass
  State] [MeasurableSingletonClass Action] [Nonempty State] [Nonempty Action] in theorem ...

Note: This linter can be disabled with `set_option linter.unusedSectionVars false`
warning: BanditRLProof/RL/FiniteHorizonStochasticRewardIIDAllCoordinateEmpiricalModelConfidence.lean:329:0: automatically included section variable(s) unused in theorem `BanditRLProof.FiniteHorizonRL.MDP.MeanCompatibleRewardKernel.simultaneousRewardDelta_le_one`:
  [DecidableEq State]
  [DecidableEq Action]
  [MeasurableSingletonClass State]
  [MeasurableSingletonClass Action]
  [Nonempty State]
  [Nonempty Action]
consider restructuring your `variable` declarations so that the variables are not in scope or explicitly omit them:
  omit [DecidableEq
  State] [DecidableEq
  Action] [MeasurableSingletonClass
  State] [MeasurableSingletonClass Action] [Nonempty State] [Nonempty Action] in theorem ...

Note: This linter can be disabled with `set_option linter.unusedSectionVars false`
warning: BanditRLProof/RL/FiniteHorizonStochasticRewardIIDAllCoordinateEmpiricalModelConfidence.lean:390:0: automatically included section variable(s) unused in theorem `BanditRLProof.FiniteHorizonRL.MDP.MeanCompatibleRewardKernel.maskedRewardDeviation_sum_abs_lt_of_not_mem_simultaneousRewardBadEvent`:
  [MeasurableSingletonClass State]
  [MeasurableSingletonClass Action]
  [Nonempty State]
  [Nonempty Action]
consider restructuring your `variable` declarations so that the variables are not in scope or explicitly omit them:
  omit [MeasurableSingletonClass
  State] [MeasurableSingletonClass Action] [Nonempty State] [Nonempty Action] in theorem ...

Note: This linter can be disabled with `set_option linter.unusedSectionVars false`
warning: BanditRLProof/RL/FiniteHorizonStochasticRewardIIDAllCoordinateEmpiricalModelConfidence.lean:408:0: automatically included section variable(s) unused in theorem `BanditRLProof.FiniteHorizonRL.MDP.MeanCompatibleRewardKernel.maskedRewardDeviation_sum_eq_sampledBatch_rewardSum_sub`:
  [MeasurableSingletonClass State]
  [MeasurableSingletonClass Action]
  [Nonempty State]
  [Nonempty Action]
consider restructuring your `variable` declarations so that the variables are not in scope or explicitly omit them:
  omit [MeasurableSingletonClass
  State] [MeasurableSingletonClass Action] [Nonempty State] [Nonempty Action] in theorem ...

Note: This linter can be disabled with `set_option linter.unusedSectionVars false`
warning: BanditRLProof/RL/FiniteHorizonStochasticRewardIIDAllCoordinateEmpiricalModelConfidence.lean:444:5: unused variable `source`

Note: This linter can be disabled with `set_option linter.unusedVariables false`
warning: BanditRLProof/RL/FiniteHorizonStochasticRewardIIDAllCoordinateEmpiricalModelConfidence.lean:565:0: automatically included section variable(s) unused in theorem `BanditRLProof.FiniteHorizonRL.MDP.StochasticAllCoordinateConfidence.upperValueRemaining_abs_le`:
  [Nonempty State]
consider restructuring your `variable` declarations so that the variables are not in scope or explicitly omit them:
  omit [Nonempty State] in theorem ...

Note: This linter can be disabled with `set_option linter.unusedSectionVars false`
⚠ [4134/4351] Replayed BanditRLProof.RL.FiniteHorizonAdaptiveCumulativeCountMartingaleConfidence
warning: BanditRLProof/RL/FiniteHorizonAdaptiveCumulativeCountMartingaleConfidence.lean:409:0: automatically included section variable(s) unused in theorem `BanditRLProof.FiniteHorizonRL.AdaptiveEpisodeBatchSource.coordinateIncrement_zero_hasSubgaussianMGF`:
  [Nonempty State]
  [Nonempty Action]
consider restructuring your `variable` declarations so that the variables are not in scope or explicitly omit them:
  omit [Nonempty State] [Nonempty Action] in theorem ...

Note: This linter can be disabled with `set_option linter.unusedSectionVars false`
warning: BanditRLProof/RL/FiniteHorizonAdaptiveCumulativeCountMartingaleConfidence.lean:662:0: automatically included section variable(s) unused in theorem `BanditRLProof.FiniteHorizonRL.AdaptiveEpisodeBatchSource.cumulativeCountIndex_nonempty`:
  [DecidableEq State]
  [DecidableEq Action]
  [MeasurableSingletonClass State]
  [MeasurableSingletonClass Action]
consider restructuring your `variable` declarations so that the variables are not in scope or explicitly omit them:
  omit [DecidableEq
  State] [DecidableEq Action] [MeasurableSingletonClass State] [MeasurableSingletonClass Action] in theorem ...

Note: This linter can be disabled with `set_option linter.unusedSectionVars false`
warning: BanditRLProof/RL/FiniteHorizonAdaptiveCumulativeCountMartingaleConfidence.lean:671:0: automatically included section variable(s) unused in theorem `BanditRLProof.FiniteHorizonRL.AdaptiveEpisodeBatchSource.cumulativeCountLocalDelta_pos`:
  [DecidableEq State]
  [DecidableEq Action]
  [MeasurableSingletonClass State]
  [MeasurableSingletonClass Action]
  [Nonempty State]
  [Nonempty Action]
consider restructuring your `variable` declarations so that the variables are not in scope or explicitly omit them:
  omit [DecidableEq
  State] [DecidableEq
  Action] [MeasurableSingletonClass
  State] [MeasurableSingletonClass Action] [Nonempty State] [Nonempty Action] in theorem ...

Note: This linter can be disabled with `set_option linter.unusedSectionVars false`
warning: BanditRLProof/RL/FiniteHorizonAdaptiveCumulativeCountMartingaleConfidence.lean:681:0: automatically included section variable(s) unused in theorem `BanditRLProof.FiniteHorizonRL.AdaptiveEpisodeBatchSource.cumulativeCountLocalDelta_le_one`:
  [DecidableEq State]
  [DecidableEq Action]
  [MeasurableSingletonClass State]
  [MeasurableSingletonClass Action]
  [Nonempty State]
  [Nonempty Action]
consider restructuring your `variable` declarations so that the variables are not in scope or explicitly omit them:
  omit [DecidableEq
  State] [DecidableEq
  Action] [MeasurableSingletonClass
  State] [MeasurableSingletonClass Action] [Nonempty State] [Nonempty Action] in theorem ...

Note: This linter can be disabled with `set_option linter.unusedSectionVars false`
warning: BanditRLProof/RL/FiniteHorizonAdaptiveCumulativeCountMartingaleConfidence.lean:728:0: automatically included section variable(s) unused in theorem `BanditRLProof.FiniteHorizonRL.AdaptiveEpisodeBatchSource.cumulativeCoordinateDeviation_abs_lt_of_not_mem_badEvent`:
  [MeasurableSingletonClass State]
  [MeasurableSingletonClass Action]
consider restructuring your `variable` declarations so that the variables are not in scope or explicitly omit them:
  omit [MeasurableSingletonClass State] [MeasurableSingletonClass Action] in theorem ...

Note: This linter can be disabled with `set_option linter.unusedSectionVars false`
warning: BanditRLProof/RL/FiniteHorizonAdaptiveCumulativeCountMartingaleConfidence.lean:775:0: automatically included section variable(s) unused in theorem `BanditRLProof.FiniteHorizonRL.AdaptiveEpisodeBatchSource.coordinateIncrement_eq_rawCount_sub_meanAt`:
  [MeasurableSingletonClass State]
  [MeasurableSingletonClass Action]
  [Nonempty State]
  [Nonempty Action]
consider restructuring your `variable` declarations so that the variables are not in scope or explicitly omit them:
  omit [MeasurableSingletonClass
  State] [MeasurableSingletonClass Action] [Nonempty State] [Nonempty Action] in theorem ...

Note: This linter can be disabled with `set_option linter.unusedSectionVars false`
warning: BanditRLProof/RL/FiniteHorizonAdaptiveCumulativeCountMartingaleConfidence.lean:818:0: automatically included section variable(s) unused in theorem `BanditRLProof.FiniteHorizonRL.AdaptiveEpisodeBatchSource.cumulativeCoordinateRawCount_visit`:
  [MeasurableSingletonClass State]
  [MeasurableSingletonClass Action]
  [Nonempty State]
  [Nonempty Action]
consider restructuring your `variable` declarations so that the variables are not in scope or explicitly omit them:
  omit [MeasurableSingletonClass
  State] [MeasurableSingletonClass Action] [Nonempty State] [Nonempty Action] in theorem ...

Note: This linter can be disabled with `set_option linter.unusedSectionVars false`
warning: BanditRLProof/RL/FiniteHorizonAdaptiveCumulativeCountMartingaleConfidence.lean:834:0: automatically included section variable(s) unused in theorem `BanditRLProof.FiniteHorizonRL.AdaptiveEpisodeBatchSource.cumulativeCoordinateRawCount_transition`:
  [MeasurableSingletonClass State]
  [MeasurableSingletonClass Action]
  [Nonempty State]
  [Nonempty Action]
consider restructuring your `variable` declarations so that the variables are not in scope or explicitly omit them:
  omit [MeasurableSingletonClass
  State] [MeasurableSingletonClass Action] [Nonempty State] [Nonempty Action] in theorem ...

Note: This linter can be disabled with `set_option linter.unusedSectionVars false`
warning: BanditRLProof/RL/FiniteHorizonAdaptiveCumulativeCountMartingaleConfidence.lean:849:0: automatically included section variable(s) unused in theorem `BanditRLProof.FiniteHorizonRL.AdaptiveEpisodeBatchSource.coordinateMeanAt_transition_eq_visit_mul_transition`:
  [Nonempty State]
  [Nonempty Action]
consider restructuring your `variable` declarations so that the variables are not in scope or explicitly omit them:
  omit [Nonempty State] [Nonempty Action] in theorem ...

Note: This linter can be disabled with `set_option linter.unusedSectionVars false`
⚠ [4142/4351] Replayed BanditRLProof.RL.FiniteHorizonAdaptiveCumulativeExploratoryBehaviorRegret
warning: BanditRLProof/RL/FiniteHorizonAdaptiveCumulativeExploratoryBehaviorRegret.lean:30:0: automatically included section variable(s) unused in theorem `BanditRLProof.FiniteHorizonRL.DeterministicMarkovPolicyTable.exploratoryActionPMF_apply`:
  [DecidableEq State]
  [MeasurableSingletonClass State]
  [MeasurableSingletonClass Action]
  [Nonempty State]
consider restructuring your `variable` declarations so that the variables are not in scope or explicitly omit them:
  omit [DecidableEq
  State] [MeasurableSingletonClass State] [MeasurableSingletonClass Action] [Nonempty State] in theorem ...

Note: This linter can be disabled with `set_option linter.unusedSectionVars false`
warning: BanditRLProof/RL/FiniteHorizonAdaptiveCumulativeExploratoryBehaviorRegret.lean:91:8: try 'simp' instead of 'simpa'

Note: This linter can be disabled with `set_option linter.unnecessarySimpa false`
warning: BanditRLProof/RL/FiniteHorizonAdaptiveCumulativeExploratoryBehaviorRegret.lean:43:0: automatically included section variable(s) unused in theorem `BanditRLProof.FiniteHorizonRL.DeterministicMarkovPolicyTable.integral_exploratoryActionPMF`:
  [DecidableEq State]
  [MeasurableSingletonClass State]
  [Nonempty State]
consider restructuring your `variable` declarations so that the variables are not in scope or explicitly omit them:
  omit [DecidableEq State] [MeasurableSingletonClass State] [Nonempty State] in theorem ...

Note: This linter can be disabled with `set_option linter.unusedSectionVars false`
warning: BanditRLProof/RL/FiniteHorizonAdaptiveCumulativeExploratoryBehaviorRegret.lean:151:0: automatically included section variable(s) unused in theorem `BanditRLProof.FiniteHorizonRL.MDP.bellmanQ_abs_le`:
  [DecidableEq State]
  [DecidableEq Action]
  [MeasurableSingletonClass State]
  [MeasurableSingletonClass Action]
  [Nonempty State]
  [Nonempty Action]
consider restructuring your `variable` declarations so that the variables are not in scope or explicitly omit them:
  omit [DecidableEq
  State] [DecidableEq
  Action] [MeasurableSingletonClass
  State] [MeasurableSingletonClass Action] [Nonempty State] [Nonempty Action] in theorem ...

Note: This linter can be disabled with `set_option linter.unusedSectionVars false`
warning: BanditRLProof/RL/FiniteHorizonAdaptiveCumulativeExploratoryBehaviorRegret.lean:172:0: automatically included section variable(s) unused in theorem `BanditRLProof.FiniteHorizonRL.MDP.transitionValue_sub_le_const`:
  [DecidableEq State]
  [DecidableEq Action]
  [MeasurableSingletonClass Action]
  [Nonempty State]
  [Nonempty Action]
consider restructuring your `variable` declarations so that the variables are not in scope or explicitly omit them:
  omit [DecidableEq
  State] [DecidableEq Action] [MeasurableSingletonClass Action] [Nonempty State] [Nonempty Action] in theorem ...

Note: This linter can be disabled with `set_option linter.unusedSectionVars false`
warning: BanditRLProof/RL/FiniteHorizonAdaptiveCumulativeExploratoryBehaviorRegret.lean:234:0: automatically included section variable(s) unused in theorem `BanditRLProof.FiniteHorizonRL.DeterministicMarkovPolicyTable.toMarkovPolicy_bellman`:
  [DecidableEq State]
  [DecidableEq Action]
  [MeasurableSingletonClass Action]
  [Nonempty State]
  [Nonempty Action]
consider restructuring your `variable` declarations so that the variables are not in scope or explicitly omit them:
  omit [DecidableEq
  State] [DecidableEq Action] [MeasurableSingletonClass Action] [Nonempty State] [Nonempty Action] in theorem ...

Note: This linter can be disabled with `set_option linter.unusedSectionVars false`
⚠ [4152/4351] Replayed BanditRLProof.RL.FiniteHorizonAdaptiveStochasticRewardSampledEmpiricalOptimisticSelfConsistentSchedule
warning: BanditRLProof/RL/FiniteHorizonAdaptiveStochasticRewardSampledEmpiricalOptimisticSelfConsistentSchedule.lean:269:0: automatically included section variable(s) unused in theorem `BanditRLProof.FiniteHorizonRL.AdaptiveStochasticEpisodeBatchSource.selfConsistentCountShrinkEpisodeThreshold_lt_scheduledEpisodes`:
  [DecidableEq State]
  [DecidableEq Action]
  [Nonempty State]
  [Nonempty Action]
consider restructuring your `variable` declarations so that the variables are not in scope or explicitly omit them:
  omit [DecidableEq State] [DecidableEq Action] [Nonempty State] [Nonempty Action] in theorem ...

Note: This linter can be disabled with `set_option linter.unusedSectionVars false`
warning: BanditRLProof/RL/FiniteHorizonAdaptiveStochasticRewardSampledEmpiricalOptimisticSelfConsistentSchedule.lean:284:0: automatically included section variable(s) unused in theorem `BanditRLProof.FiniteHorizonRL.AdaptiveStochasticEpisodeBatchSource.selfConsistentRewardShrinkEpisodeThreshold_lt_scheduledEpisodes`:
  [DecidableEq State]
  [DecidableEq Action]
  [MeasurableSingletonClass State]
  [MeasurableSingletonClass Action]
  [Nonempty State]
  [Nonempty Action]
consider restructuring your `variable` declarations so that the variables are not in scope or explicitly omit them:
  omit [DecidableEq
  State] [DecidableEq
  Action] [MeasurableSingletonClass
  State] [MeasurableSingletonClass Action] [Nonempty State] [Nonempty Action] in theorem ...

Note: This linter can be disabled with `set_option linter.unusedSectionVars false`
warning: BanditRLProof/RL/FiniteHorizonAdaptiveStochasticRewardSampledEmpiricalOptimisticSelfConsistentSchedule.lean:301:0: automatically included section variable(s) unused in theorem `BanditRLProof.FiniteHorizonRL.AdaptiveStochasticEpisodeBatchSource.selfConsistentScheduled_countMargin_and_halfContraction`:
  [DecidableEq State]
  [DecidableEq Action]
  [Nonempty State]
consider restructuring your `variable` declarations so that the variables are not in scope or explicitly omit them:
  omit [DecidableEq State] [DecidableEq Action] [Nonempty State] in theorem ...

Note: This linter can be disabled with `set_option linter.unusedSectionVars false`
warning: BanditRLProof/RL/FiniteHorizonAdaptiveStochasticRewardSampledEmpiricalOptimisticSelfConsistentSchedule.lean:372:0: automatically included section variable(s) unused in theorem `BanditRLProof.FiniteHorizonRL.AdaptiveStochasticEpisodeBatchSource.selfConsistentScheduledCountRadius_lt_mass_div_scale_sq`:
  [MeasurableSingletonClass State]
  [MeasurableSingletonClass Action]
consider restructuring your `variable` declarations so that the variables are not in scope or explicitly omit them:
  omit [MeasurableSingletonClass State] [MeasurableSingletonClass Action] in theorem ...

Note: This linter can be disabled with `set_option linter.unusedSectionVars false`
warning: BanditRLProof/RL/FiniteHorizonAdaptiveStochasticRewardSampledEmpiricalOptimisticSelfConsistentSchedule.lean:430:0: automatically included section variable(s) unused in theorem `BanditRLProof.FiniteHorizonRL.AdaptiveStochasticEpisodeBatchSource.selfConsistentScheduledRewardBudget_nonneg`:
  [MeasurableSingletonClass State]
  [MeasurableSingletonClass Action]
consider restructuring your `variable` declarations so that the variables are not in scope or explicitly omit them:
  omit [MeasurableSingletonClass State] [MeasurableSingletonClass Action] in theorem ...

Note: This linter can be disabled with `set_option linter.unusedSectionVars false`
warning: BanditRLProof/RL/FiniteHorizonAdaptiveStochasticRewardSampledEmpiricalOptimisticSelfConsistentSchedule.lean:499:0: automatically included section variable(s) unused in theorem `BanditRLProof.FiniteHorizonRL.AdaptiveStochasticEpisodeBatchSource.selfConsistentScheduledTransitionContraction_nonneg`:
  [MeasurableSingletonClass State]
  [MeasurableSingletonClass Action]
consider restructuring your `variable` declarations so that the variables are not in scope or explicitly omit them:
  omit [MeasurableSingletonClass State] [MeasurableSingletonClass Action] in theorem ...

Note: This linter can be disabled with `set_option linter.unusedSectionVars false`
warning: BanditRLProof/RL/FiniteHorizonAdaptiveStochasticRewardSampledEmpiricalOptimisticSelfConsistentSchedule.lean:586:0: automatically included section variable(s) unused in theorem `BanditRLProof.FiniteHorizonRL.AdaptiveStochasticEpisodeBatchSource.selfConsistentScheduledTransitionContraction_lt_one`:
  [MeasurableSingletonClass State]
  [MeasurableSingletonClass Action]
consider restructuring your `variable` declarations so that the variables are not in scope or explicitly omit them:
  omit [MeasurableSingletonClass State] [MeasurableSingletonClass Action] in theorem ...

Note: This linter can be disabled with `set_option linter.unusedSectionVars false`
warning: BanditRLProof/RL/FiniteHorizonAdaptiveStochasticRewardSampledEmpiricalOptimisticSelfConsistentSchedule.lean:784:0: automatically included section variable(s) unused in theorem `BanditRLProof.FiniteHorizonRL.AdaptiveStochasticEpisodeBatchSource.selfConsistentScheduledNormalizedSuccessorGlobalReturnRadius_tendsto_zero`:
  [DecidableEq State]
  [DecidableEq Action]
  [MeasurableSingletonClass State]
  [MeasurableSingletonClass Action]
  [Nonempty State]
  [Nonempty Action]
consider restructuring your `variable` declarations so that the variables are not in scope or explicitly omit them:
  omit [DecidableEq
  State] [DecidableEq
  Action] [MeasurableSingletonClass
  State] [MeasurableSingletonClass Action] [Nonempty State] [Nonempty Action] in theorem ...

Note: This linter can be disabled with `set_option linter.unusedSectionVars false`
warning: BanditRLProof/RL/FiniteHorizonAdaptiveStochasticRewardSampledEmpiricalOptimisticSelfConsistentSchedule.lean:874:8: unused variable `visitFloor`

Note: This linter can be disabled with `set_option linter.unusedVariables false`
warning: BanditRLProof/RL/FiniteHorizonAdaptiveStochasticRewardSampledEmpiricalOptimisticSelfConsistentSchedule.lean:879:8: unused variable `localDelta`

Note: This linter can be disabled with `set_option linter.unusedVariables false`
⚠ [4163/4351] Replayed BanditRLProof.RL.FiniteHorizonAdaptiveCumulativeRealizedBehaviorRegret
warning: BanditRLProof/RL/FiniteHorizonAdaptiveCumulativeRealizedBehaviorRegret.lean:42:0: automatically included section variable(s) unused in theorem `BanditRLProof.FiniteHorizonRL.MDP.traceStateAtFrom_tail`:
  [MeasurableSpace State]
  [MeasurableSpace Action]
  [Fintype State]
  [Fintype Action]
  [DecidableEq State]
  [DecidableEq Action]
  [MeasurableSingletonClass State]
  [MeasurableSingletonClass Action]
  [Nonempty State]
  [Nonempty Action]
consider restructuring your `variable` declarations so that the variables are not in scope or explicitly omit them:
  omit [MeasurableSpace
  State] [MeasurableSpace
  Action] [Fintype
  State] [Fintype
  Action] [DecidableEq
  State] [DecidableEq
  Action] [MeasurableSingletonClass
  State] [MeasurableSingletonClass Action] [Nonempty State] [Nonempty Action] in theorem ...

Note: This linter can be disabled with `set_option linter.unusedSectionVars false`
warning: BanditRLProof/RL/FiniteHorizonAdaptiveCumulativeRealizedBehaviorRegret.lean:50:32: This simp argument is unused:
  Fin.tail

Hint: Omit it from the simp argument list.
  simp [traceStateAtFrom,̵ ̵F̵i̵n̵.̵t̵a̵i̵l̵]

Note: This linter can be disabled with `set_option linter.unusedSimpArgs false`
warning: BanditRLProof/RL/FiniteHorizonAdaptiveCumulativeRealizedBehaviorRegret.lean:82:0: automatically included section variable(s) unused in theorem `BanditRLProof.FiniteHorizonRL.EpisodeBatch.measurable_episodeReturn`:
  [DecidableEq State]
  [DecidableEq Action]
  [MeasurableSingletonClass State]
  [MeasurableSingletonClass Action]
  [Nonempty State]
  [Nonempty Action]
consider restructuring your `variable` declarations so that the variables are not in scope or explicitly omit them:
  omit [DecidableEq
  State] [DecidableEq
  Action] [MeasurableSingletonClass
  State] [MeasurableSingletonClass Action] [Nonempty State] [Nonempty Action] in theorem ...

Note: This linter can be disabled with `set_option linter.unusedSectionVars false`
warning: BanditRLProof/RL/FiniteHorizonAdaptiveCumulativeRealizedBehaviorRegret.lean:95:0: automatically included section variable(s) unused in theorem `BanditRLProof.FiniteHorizonRL.EpisodeBatch.abs_episodeReturn_le_horizon_of_rewardConsistent`:
  [DecidableEq State]
  [DecidableEq Action]
  [MeasurableSingletonClass State]
  [MeasurableSingletonClass Action]
  [Nonempty State]
  [Nonempty Action]
consider restructuring your `variable` declarations so that the variables are not in scope or explicitly omit them:
  omit [DecidableEq
  State] [DecidableEq
  Action] [MeasurableSingletonClass
  State] [MeasurableSingletonClass Action] [Nonempty State] [Nonempty Action] in theorem ...

Note: This linter can be disabled with `set_option linter.unusedSectionVars false`
warning: BanditRLProof/RL/FiniteHorizonAdaptiveCumulativeRealizedBehaviorRegret.lean:165:0: automatically included section variable(s) unused in theorem `BanditRLProof.FiniteHorizonRL.MarkovPolicy.integral_cumulativeReward_eval_iidTrajectoryFamilyMeasure`:
  [DecidableEq State]
  [DecidableEq Action]
  [MeasurableSingletonClass State]
  [MeasurableSingletonClass Action]
  [Nonempty State]
  [Nonempty Action]
consider restructuring your `variable` declarations so that the variables are not in scope or explicitly omit them:
  omit [DecidableEq
  State] [DecidableEq
  Action] [MeasurableSingletonClass
  State] [MeasurableSingletonClass Action] [Nonempty State] [Nonempty Action] in theorem ...

Note: This linter can be disabled with `set_option linter.unusedSectionVars false`
warning: BanditRLProof/RL/FiniteHorizonAdaptiveCumulativeRealizedBehaviorRegret.lean:537:0: automatically included section variable(s) unused in theorem `BanditRLProof.FiniteHorizonRL.AdaptiveEpisodeBatchSource.batchReturnVarianceProxy_pos`:
  [DecidableEq State]
  [DecidableEq Action]
  [MeasurableSingletonClass State]
  [MeasurableSingletonClass Action]
  [Nonempty State]
  [Nonempty Action]
consider restructuring your `variable` declarations so that the variables are not in scope or explicitly omit them:
  omit [DecidableEq
  State] [DecidableEq
  Action] [MeasurableSingletonClass
  State] [MeasurableSingletonClass Action] [Nonempty State] [Nonempty Action] in theorem ...

Note: This linter can be disabled with `set_option linter.unusedSectionVars false`
warning: BanditRLProof/RL/FiniteHorizonAdaptiveCumulativeRealizedBehaviorRegret.lean:623:5: unused variable `source`

Note: This linter can be disabled with `set_option linter.unusedVariables false`
warning: BanditRLProof/RL/FiniteHorizonAdaptiveCumulativeRealizedBehaviorRegret.lean:680:32: This simp argument is unused:
  Preorder.frestrictLe₂_apply

Hint: Omit it from the simp argument list.
  simp only [successorReturnIncrement, successorReturnPrefixIncrement, P̵r̵e̵o̵r̵d̵e̵r̵.̵f̵r̵e̵s̵t̵r̵i̵c̵t̵L̵e̵_̵a̵p̵p̵l̵y̵,̵ ̵P̵r̵e̵o̵r̵d̵e̵r̵.̵f̵r̵e̵s̵t̵r̵i̵c̵t̵L̵e̵₂̵_̵a̵p̵p̵l̵y̵]̵P̲r̲e̲o̲r̲d̲e̲r̲.̲f̲r̲e̲s̲t̲r̲i̲c̲t̲L̲e̲_̲a̲p̲p̲l̲y̲]̲

Note: This linter can be disabled with `set_option linter.unusedSimpArgs false`
warning: BanditRLProof/RL/FiniteHorizonAdaptiveCumulativeRealizedBehaviorRegret.lean:684:0: automatically included section variable(s) unused in theorem `BanditRLProof.FiniteHorizonRL.AdaptiveEpisodeBatchSource.cumulativeSuccessorReturnDeviation_eq_fin_sum`:
  [DecidableEq State]
  [DecidableEq Action]
  [MeasurableSingletonClass State]
  [MeasurableSingletonClass Action]
  [Nonempty State]
  [Nonempty Action]
consider restructuring your `variable` declarations so that the variables are not in scope or explicitly omit them:
  omit [DecidableEq
  State] [DecidableEq
  Action] [MeasurableSingletonClass
  State] [MeasurableSingletonClass Action] [Nonempty State] [Nonempty Action] in theorem ...

Note: This linter can be disabled with `set_option linter.unusedSectionVars false`
warning: BanditRLProof/RL/FiniteHorizonAdaptiveCumulativeRealizedBehaviorRegret.lean:854:0: automatically included section variable(s) unused in theorem `BanditRLProof.FiniteHorizonRL.AdaptiveCumulativeEmpiricalOptimisticSource.exploratorySource_successorExpectedCumulativeRegret_eq`:
  [Nonempty State]
consider restructuring your `variable` declarations so that the variables are not in scope or explicitly omit them:
  omit [Nonempty State] in theorem ...

Note: This linter can be disabled with `set_option linter.unusedSectionVars false`
⚠ [4165/4351] Replayed BanditRLProof.RL.FiniteHorizonAdaptiveCumulativeEpisodewiseRealizedBehaviorConsistency
warning: BanditRLProof/RL/FiniteHorizonAdaptiveCumulativeEpisodewiseRealizedBehaviorConsistency.lean:49:0: automatically included section variable(s) unused in theorem `BanditRLProof.FiniteHorizonRL.MarkovPolicy.iIndepFun_episodeRowOfTrajectory`:
  [DecidableEq State]
  [DecidableEq Action]
  [Nonempty State]
  [Nonempty Action]
consider restructuring your `variable` declarations so that the variables are not in scope or explicitly omit them:
  omit [DecidableEq State] [DecidableEq Action] [Nonempty State] [Nonempty Action] in theorem ...

Note: This linter can be disabled with `set_option linter.unusedSectionVars false`
⚠ [4182/4351] Replayed BanditRLProof.RL.FiniteHorizonNaturalCausalRealizedBehaviorRegretHighProbabilityExplicitSchedule
warning: BanditRLProof/RL/FiniteHorizonNaturalCausalRealizedBehaviorRegretHighProbabilityExplicitSchedule.lean:311:0: automatically included section variable(s) unused in theorem `BanditRLProof.FiniteHorizonRL.AdaptiveStochasticSampledEmpiricalOptimisticSource.explicitPolynomialPrefixAverageReturnRadius_tendsto_zero`:
  [DecidableEq State]
  [DecidableEq Action]
  [MeasurableSingletonClass State]
  [MeasurableSingletonClass Action]
  [Nonempty State]
  [Nonempty Action]
consider restructuring your `variable` declarations so that the variables are not in scope or explicitly omit them:
  omit [DecidableEq
  State] [DecidableEq
  Action] [MeasurableSingletonClass
  State] [MeasurableSingletonClass Action] [Nonempty State] [Nonempty Action] in theorem ...

Note: This linter can be disabled with `set_option linter.unusedSectionVars false`
⚠ [4193/4351] Replayed BanditRLProof.RL.FiniteHorizonNaturalCausalBoundedStoppingTimeHighProbabilityAverageRealizedBehaviorRegret
warning: BanditRLProof/RL/FiniteHorizonNaturalCausalBoundedStoppingTimeHighProbabilityAverageRealizedBehaviorRegret.lean:133:5: unused variable `rewardSource`

Note: This linter can be disabled with `set_option linter.unusedVariables false`
warning: BanditRLProof/RL/FiniteHorizonNaturalCausalBoundedStoppingTimeHighProbabilityAverageRealizedBehaviorRegret.lean:134:5: unused variable `initialTable`

Note: This linter can be disabled with `set_option linter.unusedVariables false`
warning: BanditRLProof/RL/FiniteHorizonNaturalCausalBoundedStoppingTimeHighProbabilityAverageRealizedBehaviorRegret.lean:135:5: unused variable `defaultState`

Note: This linter can be disabled with `set_option linter.unusedVariables false`
warning: BanditRLProof/RL/FiniteHorizonNaturalCausalBoundedStoppingTimeHighProbabilityAverageRealizedBehaviorRegret.lean:156:0: automatically included section variable(s) unused in theorem `BanditRLProof.FiniteHorizonRL.AdaptiveStochasticSampledEmpiricalOptimisticSource.selfConsistentScheduledNaturalCausalStoppedRealizedAverageLogarithmicRate_apply`:
  [DecidableEq State]
  [DecidableEq Action]
  [MeasurableSingletonClass State]
  [MeasurableSingletonClass Action]
  [Nonempty State]
  [Nonempty Action]
consider restructuring your `variable` declarations so that the variables are not in scope or explicitly omit them:
  omit [DecidableEq
  State] [DecidableEq
  Action] [MeasurableSingletonClass
  State] [MeasurableSingletonClass Action] [Nonempty State] [Nonempty Action] in theorem ...

Note: This linter can be disabled with `set_option linter.unusedSectionVars false`
⚠ [4197/4351] Replayed BanditRLProof.RL.FiniteHorizonAdaptiveCumulativeUCBVIAggregateTransition
warning: BanditRLProof/RL/FiniteHorizonAdaptiveCumulativeUCBVIAggregateTransition.lean:57:0: automatically included section variable(s) unused in theorem `BanditRLProof.FiniteHorizonRL.TransitionCountSummary.sum_aggregateTransitionCount_eq_aggregateVisitCount`:
  [DecidableEq State]
  [DecidableEq Action]
consider restructuring your `variable` declarations so that the variables are not in scope or explicitly omit them:
  omit [DecidableEq State] [DecidableEq Action] in theorem ...

Note: This linter can be disabled with `set_option linter.unusedSectionVars false`
warning: BanditRLProof/RL/FiniteHorizonAdaptiveCumulativeUCBVIAggregateTransition.lean:103:0: automatically included section variable(s) unused in theorem `BanditRLProof.FiniteHorizonRL.TransitionCountSummary.aggregateEmpiricalTransitionPMF_of_aggregateVisitCount_eq_zero`:
  [MeasurableSingletonClass State]
  [MeasurableSingletonClass Action]
  [Nonempty State]
  [Nonempty Action]
consider restructuring your `variable` declarations so that the variables are not in scope or explicitly omit them:
  omit [MeasurableSingletonClass
  State] [MeasurableSingletonClass Action] [Nonempty State] [Nonempty Action] in theorem ...

Note: This linter can be disabled with `set_option linter.unusedSectionVars false`
warning: BanditRLProof/RL/FiniteHorizonAdaptiveCumulativeUCBVIAggregateTransition.lean:111:0: automatically included section variable(s) unused in theorem `BanditRLProof.FiniteHorizonRL.TransitionCountSummary.aggregateEmpiricalTransitionPMF_apply_of_aggregateVisitCount_pos`:
  [MeasurableSingletonClass State]
  [MeasurableSingletonClass Action]
  [Nonempty State]
  [Nonempty Action]
consider restructuring your `variable` declarations so that the variables are not in scope or explicitly omit them:
  omit [MeasurableSingletonClass
  State] [MeasurableSingletonClass Action] [Nonempty State] [Nonempty Action] in theorem ...

Note: This linter can be disabled with `set_option linter.unusedSectionVars false`
warning: BanditRLProof/RL/FiniteHorizonAdaptiveCumulativeUCBVIAggregateTransition.lean:128:0: automatically included section variable(s) unused in theorem `BanditRLProof.FiniteHorizonRL.TransitionCountSummary.aggregateEmpiricalTransitionKernel_isMarkov`:
  [Nonempty State]
  [Nonempty Action]
consider restructuring your `variable` declarations so that the variables are not in scope or explicitly omit them:
  omit [Nonempty State] [Nonempty Action] in theorem ...

Note: This linter can be disabled with `set_option linter.unusedSectionVars false`
⚠ [4198/4351] Replayed BanditRLProof.RL.FiniteHorizonAdaptiveCumulativeUCBVIClippedPlanner
warning: BanditRLProof/RL/FiniteHorizonAdaptiveCumulativeUCBVIClippedPlanner.lean:115:0: automatically included section variable(s) unused in theorem `BanditRLProof.FiniteHorizonRL.AdaptiveCumulativeHoeffdingUCBVI.clippedQRemaining_of_aggregateVisitCount_eq_zero`:
  [Nonempty State]
consider restructuring your `variable` declarations so that the variables are not in scope or explicitly omit them:
  omit [Nonempty State] in theorem ...

Note: This linter can be disabled with `set_option linter.unusedSectionVars false`
warning: BanditRLProof/RL/FiniteHorizonAdaptiveCumulativeUCBVIClippedPlanner.lean:126:0: automatically included section variable(s) unused in theorem `BanditRLProof.FiniteHorizonRL.AdaptiveCumulativeHoeffdingUCBVI.clippedQRemaining_of_aggregateVisitCount_pos`:
  [Nonempty State]
consider restructuring your `variable` declarations so that the variables are not in scope or explicitly omit them:
  omit [Nonempty State] in theorem ...

Note: This linter can be disabled with `set_option linter.unusedSectionVars false`
warning: BanditRLProof/RL/FiniteHorizonAdaptiveCumulativeUCBVIClippedPlanner.lean:160:0: automatically included section variable(s) unused in theorem `BanditRLProof.FiniteHorizonRL.AdaptiveCumulativeHoeffdingUCBVI.clippedQTable_le_selected`:
  [Nonempty State]
consider restructuring your `variable` declarations so that the variables are not in scope or explicitly omit them:
  omit [Nonempty State] in theorem ...

Note: This linter can be disabled with `set_option linter.unusedSectionVars false`
warning: BanditRLProof/RL/FiniteHorizonAdaptiveCumulativeUCBVIClippedPlanner.lean:174:0: automatically included section variable(s) unused in theorem `BanditRLProof.FiniteHorizonRL.AdaptiveCumulativeHoeffdingUCBVI.measurable_clippedPolicyTable`:
  [Nonempty State]
consider restructuring your `variable` declarations so that the variables are not in scope or explicitly omit them:
  omit [Nonempty State] in theorem ...

Note: This linter can be disabled with `set_option linter.unusedSectionVars false`
warning: BanditRLProof/RL/FiniteHorizonAdaptiveCumulativeUCBVIClippedPlanner.lean:293:0: automatically included section variable(s) unused in theorem `BanditRLProof.FiniteHorizonRL.AdaptiveCumulativeHoeffdingUCBVI.recurrentSource_policyAt_zero`:
  [Nonempty State]
consider restructuring your `variable` declarations so that the variables are not in scope or explicitly omit them:
  omit [Nonempty State] in theorem ...

Note: This linter can be disabled with `set_option linter.unusedSectionVars false`
warning: BanditRLProof/RL/FiniteHorizonAdaptiveCumulativeUCBVIClippedPlanner.lean:304:0: automatically included section variable(s) unused in theorem `BanditRLProof.FiniteHorizonRL.AdaptiveCumulativeHoeffdingUCBVI.recurrentSource_policyAt_succ`:
  [Nonempty State]
consider restructuring your `variable` declarations so that the variables are not in scope or explicitly omit them:
  omit [Nonempty State] in theorem ...

Note: This linter can be disabled with `set_option linter.unusedSectionVars false`
⚠ [4199/4351] Replayed BanditRLProof.RL.FiniteHorizonAdaptiveCumulativeUCBVISameSourceConfidence
info: BanditRLProof/RL/FiniteHorizonAdaptiveCumulativeUCBVISameSourceConfidence.lean:147:30: Try this:
  [apply] ring_nf
  
  The `ring` tactic failed to close the goal. Use `ring_nf` to obtain a normal form.
    
  Note that `ring` works primarily in *commutative* rings. If you have a noncommutative ring, abelian group or module, consider using `noncomm_ring`, `abel` or `module` instead.
warning: BanditRLProof/RL/FiniteHorizonAdaptiveCumulativeUCBVISameSourceConfidence.lean:161:8: try 'simp' instead of 'simpa'

Note: This linter can be disabled with `set_option linter.unnecessarySimpa false`
warning: BanditRLProof/RL/FiniteHorizonAdaptiveCumulativeUCBVISameSourceConfidence.lean:90:0: automatically included section variable(s) unused in theorem `BanditRLProof.FiniteHorizonRL.MDP.transitionResidualHead_compensated_hasMGFUpperBoundAt`:
  [MeasurableSingletonClass Action]
consider restructuring your `variable` declarations so that the variables are not in scope or explicitly omit them:
  omit [MeasurableSingletonClass Action] in theorem ...

Note: This linter can be disabled with `set_option linter.unusedSectionVars false`
warning: BanditRLProof/RL/FiniteHorizonAdaptiveCumulativeUCBVISameSourceConfidence.lean:147:26: Used `tac1 <;> tac2` where `(tac1; tac2)` would suffice

Note: This linter can be disabled with `set_option linter.unnecessarySeqFocus false`
warning: BanditRLProof/RL/FiniteHorizonAdaptiveCumulativeUCBVISameSourceConfidence.lean:379:0: automatically included section variable(s) unused in theorem `BanditRLProof.FiniteHorizonRL.MDP.transitionResidualFrom_eq_sum`:
  [MeasurableSingletonClass State]
  [MeasurableSingletonClass Action]
consider restructuring your `variable` declarations so that the variables are not in scope or explicitly omit them:
  omit [MeasurableSingletonClass State] [MeasurableSingletonClass Action] in theorem ...

Note: This linter can be disabled with `set_option linter.unusedSectionVars false`
warning: BanditRLProof/RL/FiniteHorizonAdaptiveCumulativeUCBVISameSourceConfidence.lean:406:0: automatically included section variable(s) unused in theorem `BanditRLProof.FiniteHorizonRL.MDP.transitionVisitFrom_eq_sum`:
  [MeasurableSingletonClass State]
  [MeasurableSingletonClass Action]
consider restructuring your `variable` declarations so that the variables are not in scope or explicitly omit them:
  omit [MeasurableSingletonClass State] [MeasurableSingletonClass Action] in theorem ...

Note: This linter can be disabled with `set_option linter.unusedSectionVars false`
warning: BanditRLProof/RL/FiniteHorizonAdaptiveCumulativeUCBVISameSourceConfidence.lean:470:42: This simp argument is unused:
  MDP.episodeBatchOfTrajectories

Hint: Omit it from the simp argument list.
  simp [batch, EpisodeBatch.visitCount, MDP.episodeB̵a̵t̵c̵h̵O̵f̵T̵r̵a̵j̵e̵c̵t̵o̵r̵i̵e̵s̵,̵
  ̵ ̵ ̵ ̵ ̵ ̵ ̵M̵D̵P̵.̵e̵p̵i̵s̵o̵d̵e̵StepOfTrajectory]

Note: This linter can be disabled with `set_option linter.unusedSimpArgs false`
warning: BanditRLProof/RL/FiniteHorizonAdaptiveCumulativeUCBVISameSourceConfidence.lean:486:36: This simp argument is unused:
  transitionVisitHead

Hint: Omit it from the simp argument list.
  simp [transitionResidualHead, t̵r̵a̵n̵s̵i̵t̵i̵o̵n̵V̵i̵s̵i̵t̵H̵e̵a̵d̵,̵
  ̵ ̵ ̵ ̵ ̵ ̵ ̵ ̵ ̵hvisit, hnext]

Note: This linter can be disabled with `set_option linter.unusedSimpArgs false`
warning: BanditRLProof/RL/FiniteHorizonAdaptiveCumulativeUCBVISameSourceConfidence.lean:488:36: This simp argument is unused:
  transitionVisitHead

Hint: Omit it from the simp argument list.
  simp [transitionResidualHead, t̵r̵a̵n̵s̵i̵t̵i̵o̵n̵V̵i̵s̵i̵t̵H̵e̵a̵d̵,̵
  ̵ ̵ ̵ ̵ ̵ ̵ ̵ ̵ ̵hvisit, hnext]

Note: This linter can be disabled with `set_option linter.unusedSimpArgs false`
warning: BanditRLProof/RL/FiniteHorizonAdaptiveCumulativeUCBVISameSourceConfidence.lean:490:34: This simp argument is unused:
  transitionVisitHead

Hint: Omit it from the simp argument list.
  simp [transitionResidualHead, t̵r̵a̵n̵s̵i̵t̵i̵o̵n̵V̵i̵s̵i̵t̵H̵e̵a̵d̵,̵
  ̵ ̵ ̵ ̵ ̵ ̵ ̵hvisit]

Note: This linter can be disabled with `set_option linter.unusedSimpArgs false`
warning: BanditRLProof/RL/FiniteHorizonAdaptiveCumulativeUCBVISameSourceConfidence.lean:516:4: This simp argument is unused:
  MDP.episodeBatchOfTrajectories

Hint: Omit it from the simp argument list.
  simp [transitionVisitHead, batch, EpisodeBatch.visitCount, M̵D̵P̵.̵e̵p̵i̵s̵o̵d̵e̵B̵a̵t̵c̵h̵O̵f̵T̵r̵a̵j̵e̵c̵t̵o̵r̵i̵e̵s̵,̵ ̵MDP.episodeStepOfTrajectory]

Note: This linter can be disabled with `set_option linter.unusedSimpArgs false`
warning: BanditRLProof/RL/FiniteHorizonAdaptiveCumulativeUCBVISameSourceConfidence.lean:893:5: unused variable `source`

Note: This linter can be disabled with `set_option linter.unusedVariables false`
warning: BanditRLProof/RL/FiniteHorizonAdaptiveCumulativeUCBVISameSourceConfidence.lean:903:5: unused variable `source`

Note: This linter can be disabled with `set_option linter.unusedVariables false`
warning: BanditRLProof/RL/FiniteHorizonAdaptiveCumulativeUCBVISameSourceConfidence.lean:1262:0: automatically included section variable(s) unused in theorem `BanditRLProof.FiniteHorizonRL.AdaptiveEpisodeBatchSource.aggregateTransitionResidual_zero_compensated_hasMGFUpperBoundAt`:
  [Nonempty State]
  [Nonempty Action]
consider restructuring your `variable` declarations so that the variables are not in scope or explicitly omit them:
  omit [Nonempty State] [Nonempty Action] in theorem ...

Note: This linter can be disabled with `set_option linter.unusedSectionVars false`
warning: BanditRLProof/RL/FiniteHorizonAdaptiveCumulativeUCBVISameSourceConfidence.lean:1295:0: automatically included section variable(s) unused in theorem `BanditRLProof.FiniteHorizonRL.AdaptiveEpisodeBatchSource.sum_aggregateTransitionResidualIncrement_eq_prefixAggregateResidual`:
  [MeasurableSingletonClass State]
  [MeasurableSingletonClass Action]
consider restructuring your `variable` declarations so that the variables are not in scope or explicitly omit them:
  omit [MeasurableSingletonClass State] [MeasurableSingletonClass Action] in theorem ...

Note: This linter can be disabled with `set_option linter.unusedSectionVars false`
warning: BanditRLProof/RL/FiniteHorizonAdaptiveCumulativeUCBVISameSourceConfidence.lean:1342:0: automatically included section variable(s) unused in theorem `BanditRLProof.FiniteHorizonRL.AdaptiveEpisodeBatchSource.sum_aggregateVisitIncrement_eq_prefixAggregateVisitCount`:
  [MeasurableSingletonClass State]
  [MeasurableSingletonClass Action]
consider restructuring your `variable` declarations so that the variables are not in scope or explicitly omit them:
  omit [MeasurableSingletonClass State] [MeasurableSingletonClass Action] in theorem ...

Note: This linter can be disabled with `set_option linter.unusedSectionVars false`
⚠ [4200/4351] Replayed BanditRLProof.RL.FiniteHorizonAdaptiveCumulativeUCBVIBernsteinConfidence
warning: BanditRLProof/RL/FiniteHorizonAdaptiveCumulativeUCBVIBernsteinConfidence.lean:37:0: automatically included section variable(s) unused in theorem `BanditRLProof.FiniteHorizonRL.MDP.transitionCoordinateVariance_nonneg`:
  [DecidableEq State]
  [DecidableEq Action]
  [MeasurableSingletonClass State]
  [MeasurableSingletonClass Action]
consider restructuring your `variable` declarations so that the variables are not in scope or explicitly omit them:
  omit [DecidableEq
  State] [DecidableEq Action] [MeasurableSingletonClass State] [MeasurableSingletonClass Action] in theorem ...

Note: This linter can be disabled with `set_option linter.unusedSectionVars false`
warning: BanditRLProof/RL/FiniteHorizonAdaptiveCumulativeUCBVIBernsteinConfidence.lean:46:0: automatically included section variable(s) unused in theorem `BanditRLProof.FiniteHorizonRL.MDP.integral_sq_indicator_sub_transitionMass`:
  [DecidableEq Action]
  [MeasurableSingletonClass Action]
consider restructuring your `variable` declarations so that the variables are not in scope or explicitly omit them:
  omit [DecidableEq Action] [MeasurableSingletonClass Action] in theorem ...

Note: This linter can be disabled with `set_option linter.unusedSectionVars false`
warning: BanditRLProof/RL/FiniteHorizonAdaptiveCumulativeUCBVIBernsteinConfidence.lean:200:8: try 'simp' instead of 'simpa'

Note: This linter can be disabled with `set_option linter.unnecessarySimpa false`
warning: BanditRLProof/RL/FiniteHorizonAdaptiveCumulativeUCBVIBernsteinConfidence.lean:656:0: automatically included section variable(s) unused in theorem `BanditRLProof.FiniteHorizonRL.AdaptiveEpisodeBatchSource.aggregateTransitionResidual_zero_variance_compensated_hasMGFUpperBoundAt`:
  [Nonempty State]
  [Nonempty Action]
consider restructuring your `variable` declarations so that the variables are not in scope or explicitly omit them:
  omit [Nonempty State] [Nonempty Action] in theorem ...

Note: This linter can be disabled with `set_option linter.unusedSectionVars false`
⚠ [4201/4351] Replayed BanditRLProof.RL.FiniteHorizonAdaptiveCumulativeUCBVITransitionValueConfidence
warning: BanditRLProof/RL/FiniteHorizonAdaptiveCumulativeUCBVITransitionValueConfidence.lean:41:0: automatically included section variable(s) unused in theorem `BanditRLProof.FiniteHorizonRL.MDP.optimalTailProbe_mem_Icc`:
  [DecidableEq State]
  [DecidableEq Action]
  [MeasurableSingletonClass Action]
  [Nonempty State]
consider restructuring your `variable` declarations so that the variables are not in scope or explicitly omit them:
  omit [DecidableEq State] [DecidableEq Action] [MeasurableSingletonClass Action] [Nonempty State] in theorem ...

Note: This linter can be disabled with `set_option linter.unusedSectionVars false`
warning: BanditRLProof/RL/FiniteHorizonAdaptiveCumulativeUCBVITransitionValueConfidence.lean:106:0: automatically included section variable(s) unused in theorem `BanditRLProof.FiniteHorizonRL.MDP.transitionValue_eq_sum_measureReal`:
  [DecidableEq State]
  [DecidableEq Action]
  [MeasurableSingletonClass Action]
consider restructuring your `variable` declarations so that the variables are not in scope or explicitly omit them:
  omit [DecidableEq State] [DecidableEq Action] [MeasurableSingletonClass Action] in theorem ...

Note: This linter can be disabled with `set_option linter.unusedSectionVars false`
warning: BanditRLProof/RL/FiniteHorizonAdaptiveCumulativeUCBVITransitionValueConfidence.lean:154:0: automatically included section variable(s) unused in theorem `BanditRLProof.FiniteHorizonRL.MDP.transitionFunctionalResidualFrom_succ`:
  [MeasurableSingletonClass State]
  [MeasurableSingletonClass Action]
consider restructuring your `variable` declarations so that the variables are not in scope or explicitly omit them:
  omit [MeasurableSingletonClass State] [MeasurableSingletonClass Action] in theorem ...

Note: This linter can be disabled with `set_option linter.unusedSectionVars false`
info: BanditRLProof/RL/FiniteHorizonAdaptiveCumulativeUCBVITransitionValueConfidence.lean:211:30: Try this:
  [apply] ring_nf
  
  The `ring` tactic failed to close the goal. Use `ring_nf` to obtain a normal form.
    
  Note that `ring` works primarily in *commutative* rings. If you have a noncommutative ring, abelian group or module, consider using `noncomm_ring`, `abel` or `module` instead.
warning: BanditRLProof/RL/FiniteHorizonAdaptiveCumulativeUCBVITransitionValueConfidence.lean:222:8: try 'simp' instead of 'simpa'

Note: This linter can be disabled with `set_option linter.unnecessarySimpa false`
warning: BanditRLProof/RL/FiniteHorizonAdaptiveCumulativeUCBVITransitionValueConfidence.lean:211:26: Used `tac1 <;> tac2` where `(tac1; tac2)` would suffice

Note: This linter can be disabled with `set_option linter.unnecessarySeqFocus false`
warning: BanditRLProof/RL/FiniteHorizonAdaptiveCumulativeUCBVITransitionValueConfidence.lean:691:5: unused variable `source`

Note: This linter can be disabled with `set_option linter.unusedVariables false`
warning: BanditRLProof/RL/FiniteHorizonAdaptiveCumulativeUCBVITransitionValueConfidence.lean:922:0: automatically included section variable(s) unused in theorem `BanditRLProof.FiniteHorizonRL.AdaptiveEpisodeBatchSource.aggregateTransitionFunctionalResidual_zero_compensated_hasMGFUpperBoundAt`:
  [Nonempty State]
  [Nonempty Action]
consider restructuring your `variable` declarations so that the variables are not in scope or explicitly omit them:
  omit [Nonempty State] [Nonempty Action] in theorem ...

Note: This linter can be disabled with `set_option linter.unusedSectionVars false`
warning: BanditRLProof/RL/FiniteHorizonAdaptiveCumulativeUCBVITransitionValueConfidence.lean:954:0: automatically included section variable(s) unused in theorem `BanditRLProof.FiniteHorizonRL.AdaptiveEpisodeBatchSource.sum_aggregateTransitionFunctionalResidualIncrement_eq_prefixResidual`:
  [Nonempty State]
  [Nonempty Action]
consider restructuring your `variable` declarations so that the variables are not in scope or explicitly omit them:
  omit [Nonempty State] [Nonempty Action] in theorem ...

Note: This linter can be disabled with `set_option linter.unusedSectionVars false`
⚠ [4203/4351] Replayed BanditRLProof.RL.FiniteHorizonAdaptiveCumulativeUCBVISimultaneousConfidence
warning: BanditRLProof/RL/FiniteHorizonAdaptiveCumulativeUCBVISimultaneousConfidence.lean:147:12: `mul_le_mul_left'` has been deprecated: Use `mul_le_mul_right` instead
warning: BanditRLProof/RL/FiniteHorizonAdaptiveCumulativeUCBVISimultaneousConfidence.lean:260:0: automatically included section variable(s) unused in theorem `BanditRLProof.FiniteHorizonRL.AdaptiveCumulativeHoeffdingUCBVI.AdaptiveEpisodeBatchSource.abs_coordinateResidual_lt_of_not_mem_simultaneousTransitionFailureEvent`:
  [MeasurableSingletonClass State]
  [MeasurableSingletonClass Action]
  [Nonempty State]
consider restructuring your `variable` declarations so that the variables are not in scope or explicitly omit them:
  omit [MeasurableSingletonClass State] [MeasurableSingletonClass Action] [Nonempty State] in theorem ...

Note: This linter can be disabled with `set_option linter.unusedSectionVars false`
warning: BanditRLProof/RL/FiniteHorizonAdaptiveCumulativeUCBVISimultaneousConfidence.lean:287:0: automatically included section variable(s) unused in theorem `BanditRLProof.FiniteHorizonRL.AdaptiveCumulativeHoeffdingUCBVI.AdaptiveEpisodeBatchSource.abs_optimalTailResidual_lt_of_not_mem_simultaneousTransitionFailureEvent`:
  [MeasurableSingletonClass State]
  [MeasurableSingletonClass Action]
  [Nonempty State]
consider restructuring your `variable` declarations so that the variables are not in scope or explicitly omit them:
  omit [MeasurableSingletonClass State] [MeasurableSingletonClass Action] [Nonempty State] in theorem ...

Note: This linter can be disabled with `set_option linter.unusedSectionVars false`
⚠ [4204/4351] Replayed BanditRLProof.RL.FiniteHorizonAdaptiveCumulativeUCBVIOptimalTailAlignment
warning: BanditRLProof/RL/FiniteHorizonAdaptiveCumulativeUCBVIOptimalTailAlignment.lean:71:26: `MeasureTheory.measureReal_univ_eq_one` has been deprecated: Use `MeasureTheory.probReal_univ` instead
warning: BanditRLProof/RL/FiniteHorizonAdaptiveCumulativeUCBVIOptimalTailAlignment.lean:81:26: `MeasureTheory.measureReal_univ_eq_one` has been deprecated: Use `MeasureTheory.probReal_univ` instead
⚠ [4205/4351] Replayed BanditRLProof.RL.FiniteHorizonAdaptiveCumulativeUCBVIOptimism
warning: BanditRLProof/RL/FiniteHorizonAdaptiveCumulativeUCBVIOptimism.lean:32:0: automatically included section variable(s) unused in theorem `BanditRLProof.FiniteHorizonRL.AdaptiveCumulativeHoeffdingUCBVI.optimalQAt_le_horizon`:
  [DecidableEq State]
  [DecidableEq Action]
  [MeasurableSingletonClass Action]
  [Nonempty State]
consider restructuring your `variable` declarations so that the variables are not in scope or explicitly omit them:
  omit [DecidableEq State] [DecidableEq Action] [MeasurableSingletonClass Action] [Nonempty State] in theorem ...

Note: This linter can be disabled with `set_option linter.unusedSectionVars false`
warning: BanditRLProof/RL/FiniteHorizonAdaptiveCumulativeUCBVIOptimism.lean:254:0: automatically included section variable(s) unused in theorem `BanditRLProof.FiniteHorizonRL.AdaptiveCumulativeHoeffdingUCBVI.adaptiveCumulativeAggregateVisitCountAt_le`:
  [Nonempty State]
  [Nonempty Action]
consider restructuring your `variable` declarations so that the variables are not in scope or explicitly omit them:
  omit [Nonempty State] [Nonempty Action] in theorem ...

Note: This linter can be disabled with `set_option linter.unusedSectionVars false`
warning: BanditRLProof/RL/FiniteHorizonAdaptiveCumulativeUCBVIOptimism.lean:282:34: unused variable `hepisodes`

Note: This linter can be disabled with `set_option linter.unusedVariables false`
warning: BanditRLProof/RL/FiniteHorizonAdaptiveCumulativeUCBVIOptimism.lean:283:5: unused variable `hdelta`

Note: This linter can be disabled with `set_option linter.unusedVariables false`
warning: BanditRLProof/RL/FiniteHorizonAdaptiveCumulativeUCBVIOptimism.lean:283:26: unused variable `hdelta_le_one`

Note: This linter can be disabled with `set_option linter.unusedVariables false`
⚠ [4206/4351] Replayed BanditRLProof.RL.FiniteHorizonAdaptiveCumulativeUCBVIRecurrentOptimism
warning: BanditRLProof/RL/FiniteHorizonAdaptiveCumulativeUCBVIRecurrentOptimism.lean:23:0: automatically included section variable(s) unused in theorem `BanditRLProof.FiniteHorizonRL.AdaptiveCumulativeHoeffdingUCBVI.cumulativeSummaryOfSequence_prefixTransitionSummaries_eq`:
  [MeasurableSingletonClass State]
  [MeasurableSingletonClass Action]
consider restructuring your `variable` declarations so that the variables are not in scope or explicitly omit them:
  omit [MeasurableSingletonClass State] [MeasurableSingletonClass Action] in theorem ...

Note: This linter can be disabled with `set_option linter.unusedSectionVars false`
⚠ [4207/4351] Replayed BanditRLProof.RL.FiniteHorizonAdaptiveCumulativeUCBVIEpisodeRegret
warning: BanditRLProof/RL/FiniteHorizonAdaptiveCumulativeUCBVIEpisodeRegret.lean:22:0: automatically included section variable(s) unused in theorem `BanditRLProof.FiniteHorizonRL.MarkovPolicy.valueRemaining_nonneg_of_reward_nonneg`:
  [DecidableEq State]
  [DecidableEq Action]
  [MeasurableSingletonClass State]
  [MeasurableSingletonClass Action]
  [Nonempty State]
  [Nonempty Action]
consider restructuring your `variable` declarations so that the variables are not in scope or explicitly omit them:
  omit [DecidableEq
  State] [DecidableEq
  Action] [MeasurableSingletonClass
  State] [MeasurableSingletonClass Action] [Nonempty State] [Nonempty Action] in theorem ...

Note: This linter can be disabled with `set_option linter.unusedSectionVars false`
warning: BanditRLProof/RL/FiniteHorizonAdaptiveCumulativeUCBVIEpisodeRegret.lean:65:0: automatically included section variable(s) unused in theorem `BanditRLProof.FiniteHorizonRL.AdaptiveCumulativeHoeffdingUCBVI.recurrentSource_policyAt_eq_generatedPolicyTable`:
  [Nonempty State]
consider restructuring your `variable` declarations so that the variables are not in scope or explicitly omit them:
  omit [Nonempty State] in theorem ...

Note: This linter can be disabled with `set_option linter.unusedSectionVars false`
⚠ [4208/4351] Replayed BanditRLProof.RL.FiniteHorizonAdaptiveCumulativeUCBVICoordinateAlignment
warning: BanditRLProof/RL/FiniteHorizonAdaptiveCumulativeUCBVICoordinateAlignment.lean:116:0: automatically included section variable(s) unused in theorem `BanditRLProof.FiniteHorizonRL.AdaptiveCumulativeHoeffdingUCBVI.abs_sum_weight_mul_massError_le_transitionValue_div_thirtyTwo_add`:
  [MeasurableSpace State]
  [DecidableEq State]
  [MeasurableSingletonClass State]
consider restructuring your `variable` declarations so that the variables are not in scope or explicitly omit them:
  omit [MeasurableSpace State] [DecidableEq State] [MeasurableSingletonClass State] in theorem ...

Note: This linter can be disabled with `set_option linter.unusedSectionVars false`
⚠ [4209/4351] Replayed BanditRLProof.RL.FiniteHorizonAdaptiveCumulativeUCBVILocalBellman
warning: BanditRLProof/RL/FiniteHorizonAdaptiveCumulativeUCBVILocalBellman.lean:29:0: automatically included section variable(s) unused in theorem `BanditRLProof.FiniteHorizonRL.MDP.optimalValueAt_eq_of_eq`:
  [DecidableEq State]
  [DecidableEq Action]
  [MeasurableSingletonClass State]
  [MeasurableSingletonClass Action]
  [Nonempty State]
consider restructuring your `variable` declarations so that the variables are not in scope or explicitly omit them:
  omit [DecidableEq
  State] [DecidableEq
  Action] [MeasurableSingletonClass State] [MeasurableSingletonClass Action] [Nonempty State] in theorem ...

Note: This linter can be disabled with `set_option linter.unusedSectionVars false`
warning: BanditRLProof/RL/FiniteHorizonAdaptiveCumulativeUCBVILocalBellman.lean:51:0: automatically included section variable(s) unused in theorem `BanditRLProof.FiniteHorizonRL.AdaptiveCumulativeHoeffdingUCBVI.decisionStageRemaining_succ_eq`:
  [DecidableEq State]
  [DecidableEq Action]
  [MeasurableSingletonClass State]
  [MeasurableSingletonClass Action]
  [Nonempty State]
  [Nonempty Action]
consider restructuring your `variable` declarations so that the variables are not in scope or explicitly omit them:
  omit [DecidableEq
  State] [DecidableEq
  Action] [MeasurableSingletonClass
  State] [MeasurableSingletonClass Action] [Nonempty State] [Nonempty Action] in theorem ...

Note: This linter can be disabled with `set_option linter.unusedSectionVars false`
warning: BanditRLProof/RL/FiniteHorizonAdaptiveCumulativeUCBVILocalBellman.lean:61:0: automatically included section variable(s) unused in theorem `BanditRLProof.FiniteHorizonRL.AdaptiveCumulativeHoeffdingUCBVI.clippedQRemaining_eq_of_eq`:
  [Nonempty State]
consider restructuring your `variable` declarations so that the variables are not in scope or explicitly omit them:
  omit [Nonempty State] in theorem ...

Note: This linter can be disabled with `set_option linter.unusedSectionVars false`
warning: BanditRLProof/RL/FiniteHorizonAdaptiveCumulativeUCBVILocalBellman.lean:93:4: 'change
  clippedQRemaining previousQ summary defaultState bonusScale (mdp.horizon - (stage.val + 1)) _ state action =
    q action' tactic does nothing

Note: This linter can be disabled with `set_option linter.unusedTactic false`
warning: BanditRLProof/RL/FiniteHorizonAdaptiveCumulativeUCBVILocalBellman.lean:117:0: automatically included section variable(s) unused in theorem `BanditRLProof.FiniteHorizonRL.AdaptiveCumulativeHoeffdingUCBVI.clippedQTable_le_horizon`:
  [Nonempty State]
consider restructuring your `variable` declarations so that the variables are not in scope or explicitly omit them:
  omit [Nonempty State] in theorem ...

Note: This linter can be disabled with `set_option linter.unusedSectionVars false`
warning: BanditRLProof/RL/FiniteHorizonAdaptiveCumulativeUCBVILocalBellman.lean:200:8: 'change
  clippedQRemaining previousQ summary defaultState bonusScale (mdp.horizon - (stage.val + 1)) _ state selected =
    _' tactic does nothing

Note: This linter can be disabled with `set_option linter.unusedTactic false`
⚠ [4210/4351] Replayed BanditRLProof.RL.FiniteHorizonAdaptiveCumulativeUCBVIBellmanInnovation
warning: BanditRLProof/RL/FiniteHorizonAdaptiveCumulativeUCBVIBellmanInnovation.lean:49:0: automatically included section variable(s) unused in theorem `BanditRLProof.FiniteHorizonRL.MDP.measurable_sampledCumulativeDeterministicGapInnovationFrom`:
  [DecidableEq State]
  [DecidableEq Action]
consider restructuring your `variable` declarations so that the variables are not in scope or explicitly omit them:
  omit [DecidableEq State] [DecidableEq Action] in theorem ...

Note: This linter can be disabled with `set_option linter.unusedSectionVars false`
info: BanditRLProof/RL/FiniteHorizonAdaptiveCumulativeUCBVIBellmanInnovation.lean:122:31: Try this:
  [apply] ring_nf
  
  The `ring` tactic failed to close the goal. Use `ring_nf` to obtain a normal form.
    
  Note that `ring` works primarily in *commutative* rings. If you have a noncommutative ring, abelian group or module, consider using `noncomm_ring`, `abel` or `module` instead.
warning: BanditRLProof/RL/FiniteHorizonAdaptiveCumulativeUCBVIBellmanInnovation.lean:78:0: automatically included section variable(s) unused in theorem `BanditRLProof.FiniteHorizonRL.MDP.actionStateKernel_deterministicGapInnovation_compensated_hasMGFUpperBoundAt`:
  [DecidableEq State]
  [DecidableEq Action]
consider restructuring your `variable` declarations so that the variables are not in scope or explicitly omit them:
  omit [DecidableEq State] [DecidableEq Action] in theorem ...

Note: This linter can be disabled with `set_option linter.unusedSectionVars false`
warning: BanditRLProof/RL/FiniteHorizonAdaptiveCumulativeUCBVIBellmanInnovation.lean:122:27: Used `tac1 <;> tac2` where `(tac1; tac2)` would suffice

Note: This linter can be disabled with `set_option linter.unnecessarySeqFocus false`
warning: BanditRLProof/RL/FiniteHorizonAdaptiveCumulativeUCBVIBellmanInnovation.lean:240:12: 'push_cast' tactic does nothing

Note: This linter can be disabled with `set_option linter.unusedTactic false`
warning: BanditRLProof/RL/FiniteHorizonAdaptiveCumulativeUCBVIBellmanInnovation.lean:326:0: automatically included section variable(s) unused in theorem `BanditRLProof.FiniteHorizonRL.MDP.abs_sampledCumulativeDeterministicGapInnovationFrom_le`:
  [DecidableEq State]
  [DecidableEq Action]
  [MeasurableSingletonClass Action]
consider restructuring your `variable` declarations so that the variables are not in scope or explicitly omit them:
  omit [DecidableEq State] [DecidableEq Action] [MeasurableSingletonClass Action] in theorem ...

Note: This linter can be disabled with `set_option linter.unusedSectionVars false`
warning: BanditRLProof/RL/FiniteHorizonAdaptiveCumulativeUCBVIBellmanInnovation.lean:400:0: automatically included section variable(s) unused in theorem `BanditRLProof.FiniteHorizonRL.MDP.measurable_sampledCumulativeTransitionGapInnovationFrom`:
  [DecidableEq State]
  [DecidableEq Action]
consider restructuring your `variable` declarations so that the variables are not in scope or explicitly omit them:
  omit [DecidableEq State] [DecidableEq Action] in theorem ...

Note: This linter can be disabled with `set_option linter.unusedSectionVars false`
warning: BanditRLProof/RL/FiniteHorizonAdaptiveCumulativeUCBVIBellmanInnovation.lean:432:0: automatically included section variable(s) unused in theorem `BanditRLProof.FiniteHorizonRL.MDP.abs_sampledCumulativeTransitionGapInnovationFrom_le`:
  [DecidableEq State]
  [DecidableEq Action]
  [MeasurableSingletonClass Action]
consider restructuring your `variable` declarations so that the variables are not in scope or explicitly omit them:
  omit [DecidableEq State] [DecidableEq Action] [MeasurableSingletonClass Action] in theorem ...

Note: This linter can be disabled with `set_option linter.unusedSectionVars false`
info: BanditRLProof/RL/FiniteHorizonAdaptiveCumulativeUCBVIBellmanInnovation.lean:556:35: Try this:
  [apply] ring_nf
  
  The `ring` tactic failed to close the goal. Use `ring_nf` to obtain a normal form.
    
  Note that `ring` works primarily in *commutative* rings. If you have a noncommutative ring, abelian group or module, consider using `noncomm_ring`, `abel` or `module` instead.
warning: BanditRLProof/RL/FiniteHorizonAdaptiveCumulativeUCBVIBellmanInnovation.lean:491:0: automatically included section variable(s) unused in theorem `BanditRLProof.FiniteHorizonRL.MDP.actionStateKernel_transitionGapInnovation_compensated_hasMGFUpperBoundAt`:
  [DecidableEq State]
  [DecidableEq Action]
consider restructuring your `variable` declarations so that the variables are not in scope or explicitly omit them:
  omit [DecidableEq State] [DecidableEq Action] in theorem ...

Note: This linter can be disabled with `set_option linter.unusedSectionVars false`
warning: BanditRLProof/RL/FiniteHorizonAdaptiveCumulativeUCBVIBellmanInnovation.lean:556:31: Used `tac1 <;> tac2` where `(tac1; tac2)` would suffice

Note: This linter can be disabled with `set_option linter.unnecessarySeqFocus false`
warning: BanditRLProof/RL/FiniteHorizonAdaptiveCumulativeUCBVIBellmanInnovation.lean:683:12: 'push_cast' tactic does nothing

Note: This linter can be disabled with `set_option linter.unusedTactic false`
warning: BanditRLProof/RL/FiniteHorizonAdaptiveCumulativeUCBVIBellmanInnovation.lean:788:0: automatically included section variable(s) unused in theorem `BanditRLProof.FiniteHorizonRL.EpisodeBatch.measurable_reconstructedInitialState`:
  [DecidableEq State]
  [DecidableEq Action]
  [MeasurableSingletonClass State]
  [MeasurableSingletonClass Action]
consider restructuring your `variable` declarations so that the variables are not in scope or explicitly omit them:
  omit [DecidableEq
  State] [DecidableEq Action] [MeasurableSingletonClass State] [MeasurableSingletonClass Action] in theorem ...

Note: This linter can be disabled with `set_option linter.unusedSectionVars false`
warning: BanditRLProof/RL/FiniteHorizonAdaptiveCumulativeUCBVIBellmanInnovation.lean:798:0: automatically included section variable(s) unused in theorem `BanditRLProof.FiniteHorizonRL.EpisodeBatch.measurable_reconstructedStepTrace`:
  [DecidableEq State]
  [DecidableEq Action]
  [MeasurableSingletonClass State]
  [MeasurableSingletonClass Action]
consider restructuring your `variable` declarations so that the variables are not in scope or explicitly omit them:
  omit [DecidableEq
  State] [DecidableEq Action] [MeasurableSingletonClass State] [MeasurableSingletonClass Action] in theorem ...

Note: This linter can be disabled with `set_option linter.unusedSectionVars false`
warning: BanditRLProof/RL/FiniteHorizonAdaptiveCumulativeUCBVIBellmanInnovation.lean:833:0: automatically included section variable(s) unused in theorem `BanditRLProof.FiniteHorizonRL.EpisodeBatch.cumulativeDeterministicGapInnovation_episodeBatchOfTrajectories`:
  [DecidableEq State]
  [DecidableEq Action]
  [MeasurableSingletonClass State]
  [MeasurableSingletonClass Action]
consider restructuring your `variable` declarations so that the variables are not in scope or explicitly omit them:
  omit [DecidableEq
  State] [DecidableEq Action] [MeasurableSingletonClass State] [MeasurableSingletonClass Action] in theorem ...

Note: This linter can be disabled with `set_option linter.unusedSectionVars false`
warning: BanditRLProof/RL/FiniteHorizonAdaptiveCumulativeUCBVIBellmanInnovation.lean:883:0: automatically included section variable(s) unused in theorem `BanditRLProof.FiniteHorizonRL.EpisodeBatch.cumulativeTransitionGapInnovation_episodeBatchOfTrajectories`:
  [DecidableEq State]
  [DecidableEq Action]
  [MeasurableSingletonClass State]
  [MeasurableSingletonClass Action]
consider restructuring your `variable` declarations so that the variables are not in scope or explicitly omit them:
  omit [DecidableEq
  State] [DecidableEq Action] [MeasurableSingletonClass State] [MeasurableSingletonClass Action] in theorem ...

Note: This linter can be disabled with `set_option linter.unusedSectionVars false`
⚠ [4211/4351] Replayed BanditRLProof.RL.FiniteHorizonAdaptiveCumulativeUCBVIAdaptiveBellmanMartingale
warning: BanditRLProof/RL/FiniteHorizonAdaptiveCumulativeUCBVIAdaptiveBellmanMartingale.lean:83:0: automatically included section variable(s) unused in theorem `BanditRLProof.FiniteHorizonRL.AdaptiveEpisodeBatchSource.trajectoryMeasure_condDistrib_historyBatchStatistic`:
  [DecidableEq State]
  [DecidableEq Action]
consider restructuring your `variable` declarations so that the variables are not in scope or explicitly omit them:
  omit [DecidableEq State] [DecidableEq Action] in theorem ...

Note: This linter can be disabled with `set_option linter.unusedSectionVars false`
warning: BanditRLProof/RL/FiniteHorizonAdaptiveCumulativeUCBVIAdaptiveBellmanMartingale.lean:228:0: automatically included section variable(s) unused in theorem `BanditRLProof.FiniteHorizonRL.AdaptiveCumulativeHoeffdingUCBVI.bellmanInflation_one_le`:
  [DecidableEq State]
  [DecidableEq Action]
  [MeasurableSingletonClass State]
  [MeasurableSingletonClass Action]
  [Nonempty State]
  [Nonempty Action]
consider restructuring your `variable` declarations so that the variables are not in scope or explicitly omit them:
  omit [DecidableEq
  State] [DecidableEq
  Action] [MeasurableSingletonClass
  State] [MeasurableSingletonClass Action] [Nonempty State] [Nonempty Action] in theorem ...

Note: This linter can be disabled with `set_option linter.unusedSectionVars false`
warning: BanditRLProof/RL/FiniteHorizonAdaptiveCumulativeUCBVIAdaptiveBellmanMartingale.lean:301:0: automatically included section variable(s) unused in theorem `BanditRLProof.FiniteHorizonRL.AdaptiveCumulativeHoeffdingUCBVI.normalizedBellmanChargeWeight_mul_inflation`:
  [DecidableEq State]
  [DecidableEq Action]
  [MeasurableSingletonClass State]
  [MeasurableSingletonClass Action]
  [Nonempty State]
  [Nonempty Action]
consider restructuring your `variable` declarations so that the variables are not in scope or explicitly omit them:
  omit [DecidableEq
  State] [DecidableEq
  Action] [MeasurableSingletonClass
  State] [MeasurableSingletonClass Action] [Nonempty State] [Nonempty Action] in theorem ...

Note: This linter can be disabled with `set_option linter.unusedSectionVars false`
warning: BanditRLProof/RL/FiniteHorizonAdaptiveCumulativeUCBVIAdaptiveBellmanMartingale.lean:392:0: automatically included section variable(s) unused in theorem `BanditRLProof.FiniteHorizonRL.AdaptiveCumulativeHoeffdingUCBVI.measurable_successorBellmanStatisticOfSummaries`:
  [Nonempty State]
consider restructuring your `variable` declarations so that the variables are not in scope or explicitly omit them:
  omit [Nonempty State] in theorem ...

Note: This linter can be disabled with `set_option linter.unusedSectionVars false`
warning: BanditRLProof/RL/FiniteHorizonAdaptiveCumulativeUCBVIAdaptiveBellmanMartingale.lean:594:0: automatically included section variable(s) unused in theorem `BanditRLProof.FiniteHorizonRL.AdaptiveCumulativeHoeffdingUCBVI.measurable_successorBellmanInnovationOfSummaries`:
  [Nonempty State]
consider restructuring your `variable` declarations so that the variables are not in scope or explicitly omit them:
  omit [Nonempty State] in theorem ...

Note: This linter can be disabled with `set_option linter.unusedSectionVars false`
warning: BanditRLProof/RL/FiniteHorizonAdaptiveCumulativeUCBVIAdaptiveBellmanMartingale.lean:717:0: automatically included section variable(s) unused in theorem `BanditRLProof.FiniteHorizonRL.AdaptiveCumulativeHoeffdingUCBVI.recurrentBellmanInnovation_zero_compensated_hasMGFUpperBoundAt`:
  [Nonempty State]
consider restructuring your `variable` declarations so that the variables are not in scope or explicitly omit them:
  omit [Nonempty State] in theorem ...

Note: This linter can be disabled with `set_option linter.unusedSectionVars false`
⚠ [4212/4351] Replayed BanditRLProof.RL.FiniteHorizonAdaptiveCumulativeUCBVIRegretDecomposition
warning: BanditRLProof/RL/FiniteHorizonAdaptiveCumulativeUCBVIRegretDecomposition.lean:162:0: automatically included section variable(s) unused in theorem `BanditRLProof.FiniteHorizonRL.AdaptiveCumulativeHoeffdingUCBVI.normalizedBellmanRemainingWeight_zero`:
  [DecidableEq State]
  [DecidableEq Action]
  [MeasurableSingletonClass State]
  [MeasurableSingletonClass Action]
  [Nonempty State]
  [Nonempty Action]
consider restructuring your `variable` declarations so that the variables are not in scope or explicitly omit them:
  omit [DecidableEq
  State] [DecidableEq
  Action] [MeasurableSingletonClass
  State] [MeasurableSingletonClass Action] [Nonempty State] [Nonempty Action] in theorem ...

Note: This linter can be disabled with `set_option linter.unusedSectionVars false`
warning: BanditRLProof/RL/FiniteHorizonAdaptiveCumulativeUCBVIRegretDecomposition.lean:167:0: automatically included section variable(s) unused in theorem `BanditRLProof.FiniteHorizonRL.AdaptiveCumulativeHoeffdingUCBVI.normalizedBellmanRemainingWeight_succ_eq_chargeWeight`:
  [DecidableEq State]
  [DecidableEq Action]
  [MeasurableSingletonClass State]
  [MeasurableSingletonClass Action]
  [Nonempty State]
  [Nonempty Action]
consider restructuring your `variable` declarations so that the variables are not in scope or explicitly omit them:
  omit [DecidableEq
  State] [DecidableEq
  Action] [MeasurableSingletonClass
  State] [MeasurableSingletonClass Action] [Nonempty State] [Nonempty Action] in theorem ...

Note: This linter can be disabled with `set_option linter.unusedSectionVars false`
warning: BanditRLProof/RL/FiniteHorizonAdaptiveCumulativeUCBVIRegretDecomposition.lean:176:0: automatically included section variable(s) unused in theorem `BanditRLProof.FiniteHorizonRL.AdaptiveCumulativeHoeffdingUCBVI.normalizedBellmanRemainingWeight_eq_stageWeight`:
  [DecidableEq State]
  [DecidableEq Action]
  [MeasurableSingletonClass State]
  [MeasurableSingletonClass Action]
  [Nonempty State]
  [Nonempty Action]
consider restructuring your `variable` declarations so that the variables are not in scope or explicitly omit them:
  omit [DecidableEq
  State] [DecidableEq
  Action] [MeasurableSingletonClass
  State] [MeasurableSingletonClass Action] [Nonempty State] [Nonempty Action] in theorem ...

Note: This linter can be disabled with `set_option linter.unusedSectionVars false`
warning: BanditRLProof/RL/FiniteHorizonAdaptiveCumulativeUCBVIRegretDecomposition.lean:378:29: Used `tac1 <;> tac2` where `(tac1; tac2)` would suffice

Note: This linter can be disabled with `set_option linter.unnecessarySeqFocus false`
warning: BanditRLProof/RL/FiniteHorizonAdaptiveCumulativeUCBVIRegretDecomposition.lean:380:74: Used `tac1 <;> tac2` where `(tac1; tac2)` would suffice

Note: This linter can be disabled with `set_option linter.unnecessarySeqFocus false`
warning: BanditRLProof/RL/FiniteHorizonAdaptiveCumulativeUCBVIRegretDecomposition.lean:454:13: `Fin.coe_castSucc` has been deprecated: Use `Fin.val_castSucc` instead
warning: BanditRLProof/RL/FiniteHorizonAdaptiveCumulativeUCBVIRegretDecomposition.lean:684:0: automatically included section variable(s) unused in theorem `BanditRLProof.FiniteHorizonRL.AdaptiveCumulativeHoeffdingUCBVI.AdaptiveEpisodeBatchSource.recurrentBellmanInnovationProcess_succ_eq_canonical`:
  [Nonempty State]
consider restructuring your `variable` declarations so that the variables are not in scope or explicitly omit them:
  omit [Nonempty State] in theorem ...

Note: This linter can be disabled with `set_option linter.unusedSectionVars false`
⚠ [4213/4351] Replayed BanditRLProof.RL.FiniteHorizonAdaptiveCumulativeUCBVICounting
warning: BanditRLProof/RL/FiniteHorizonAdaptiveCumulativeUCBVICounting.lean:425:22: This simp argument is unused:
  hcap

Hint: Omit it from the simp argument list.
  simp [hlow,̵ ̵h̵c̵a̵p̵]

Note: This linter can be disabled with `set_option linter.unusedSimpArgs false`
warning: BanditRLProof/RL/FiniteHorizonAdaptiveCumulativeUCBVICounting.lean:465:23: This simp argument is unused:
  hcoefficient

Hint: Omit it from the simp argument list.
  simp [hhigh,̵ ̵h̵c̵o̵e̵f̵f̵i̵c̵i̵e̵n̵t̵]

Note: This linter can be disabled with `set_option linter.unusedSimpArgs false`
⚠ [4214/4351] Replayed BanditRLProof.RL.FiniteHorizonAdaptiveCumulativeUCBVIChargeSummation
warning: BanditRLProof/RL/FiniteHorizonAdaptiveCumulativeUCBVIChargeSummation.lean:30:0: automatically included section variable(s) unused in theorem `BanditRLProof.FiniteHorizonRL.AdaptiveCumulativeHoeffdingUCBVI.batchedPrefixCount_generatedBatchAggregateVisitIncrement`:
  [MeasurableSingletonClass State]
  [MeasurableSingletonClass Action]
  [Nonempty State]
  [Nonempty Action]
consider restructuring your `variable` declarations so that the variables are not in scope or explicitly omit them:
  omit [MeasurableSingletonClass
  State] [MeasurableSingletonClass Action] [Nonempty State] [Nonempty Action] in theorem ...

Note: This linter can be disabled with `set_option linter.unusedSectionVars false`
warning: BanditRLProof/RL/FiniteHorizonAdaptiveCumulativeUCBVIChargeSummation.lean:43:0: automatically included section variable(s) unused in theorem `BanditRLProof.FiniteHorizonRL.AdaptiveCumulativeHoeffdingUCBVI.generatedBatchAggregateVisitIncrement_le_horizon`:
  [MeasurableSingletonClass State]
  [MeasurableSingletonClass Action]
  [Nonempty State]
  [Nonempty Action]
consider restructuring your `variable` declarations so that the variables are not in scope or explicitly omit them:
  omit [MeasurableSingletonClass
  State] [MeasurableSingletonClass Action] [Nonempty State] [Nonempty Action] in theorem ...

Note: This linter can be disabled with `set_option linter.unusedSectionVars false`
warning: BanditRLProof/RL/FiniteHorizonAdaptiveCumulativeUCBVIChargeSummation.lean:68:0: automatically included section variable(s) unused in theorem `BanditRLProof.FiniteHorizonRL.AdaptiveCumulativeHoeffdingUCBVI.successorBatchAligned_step`:
  [Nonempty State]
consider restructuring your `variable` declarations so that the variables are not in scope or explicitly omit them:
  omit [Nonempty State] in theorem ...

Note: This linter can be disabled with `set_option linter.unusedSectionVars false`
warning: BanditRLProof/RL/FiniteHorizonAdaptiveCumulativeUCBVIChargeSummation.lean:88:0: automatically included section variable(s) unused in theorem `BanditRLProof.FiniteHorizonRL.AdaptiveCumulativeHoeffdingUCBVI.generatedBatchAggregateVisitIncrement_eq_indicatorSum`:
  [MeasurableSingletonClass State]
  [MeasurableSingletonClass Action]
  [Nonempty State]
  [Nonempty Action]
consider restructuring your `variable` declarations so that the variables are not in scope or explicitly omit them:
  omit [MeasurableSingletonClass
  State] [MeasurableSingletonClass Action] [Nonempty State] [Nonempty Action] in theorem ...

Note: This linter can be disabled with `set_option linter.unusedSectionVars false`
warning: BanditRLProof/RL/FiniteHorizonAdaptiveCumulativeUCBVIChargeSummation.lean:167:0: automatically included section variable(s) unused in theorem `BanditRLProof.FiniteHorizonRL.AdaptiveCumulativeHoeffdingUCBVI.generatedPairLocalCharge_nonneg`:
  [MeasurableSingletonClass State]
  [MeasurableSingletonClass Action]
  [Nonempty Action]
consider restructuring your `variable` declarations so that the variables are not in scope or explicitly omit them:
  omit [MeasurableSingletonClass State] [MeasurableSingletonClass Action] [Nonempty Action] in theorem ...

Note: This linter can be disabled with `set_option linter.unusedSectionVars false`
warning: BanditRLProof/RL/FiniteHorizonAdaptiveCumulativeUCBVIChargeSummation.lean:252:18: This simp argument is unused:
  hne

Hint: Omit it from the simp argument list.
  simp [h̵n̵e̵,̵ ̵Ne.symm hne]

Note: This linter can be disabled with `set_option linter.unusedSimpArgs false`
warning: BanditRLProof/RL/FiniteHorizonAdaptiveCumulativeUCBVIChargeSummation.lean:255:16: This simp argument is unused:
  hne

Hint: Omit it from the simp argument list.
  simp [h̵n̵e̵,̵ ̵Ne.symm hne]

Note: This linter can be disabled with `set_option linter.unusedSimpArgs false`
warning: BanditRLProof/RL/FiniteHorizonAdaptiveCumulativeUCBVIChargeSummation.lean:280:0: automatically included section variable(s) unused in theorem `BanditRLProof.FiniteHorizonRL.AdaptiveCumulativeHoeffdingUCBVI.successorLocalCharge_eq_of_remaining_eq`:
  [Nonempty State]
consider restructuring your `variable` declarations so that the variables are not in scope or explicitly omit them:
  omit [Nonempty State] in theorem ...

Note: This linter can be disabled with `set_option linter.unusedSectionVars false`
warning: BanditRLProof/RL/FiniteHorizonAdaptiveCumulativeUCBVIChargeSummation.lean:591:27: Used `tac1 <;> tac2` where `(tac1; tac2)` would suffice

Note: This linter can be disabled with `set_option linter.unnecessarySeqFocus false`
warning: BanditRLProof/RL/FiniteHorizonAdaptiveCumulativeUCBVIChargeSummation.lean:623:50: Used `tac1 <;> tac2` where `(tac1; tac2)` would suffice

Note: This linter can be disabled with `set_option linter.unnecessarySeqFocus false`
warning: BanditRLProof/RL/FiniteHorizonAdaptiveCumulativeUCBVIChargeSummation.lean:760:0: automatically included section variable(s) unused in theorem `BanditRLProof.FiniteHorizonRL.AdaptiveCumulativeHoeffdingUCBVI.one_le_logFactor`:
  [DecidableEq State]
  [DecidableEq Action]
  [MeasurableSingletonClass State]
  [MeasurableSingletonClass Action]
consider restructuring your `variable` declarations so that the variables are not in scope or explicitly omit them:
  omit [DecidableEq
  State] [DecidableEq Action] [MeasurableSingletonClass State] [MeasurableSingletonClass Action] in theorem ...

Note: This linter can be disabled with `set_option linter.unusedSectionVars false`
warning: BanditRLProof/RL/FiniteHorizonAdaptiveCumulativeUCBVIChargeSummation.lean:923:18: This simp argument is unused:
  Nat.cast_ofNat

Hint: Omit it from the simp argument list.
  simp only [Real.sqrt_one, mul_one, Finset.sum_const, Finset.card_univ, nsmul_eq_mul,
  ̲  ̲ ̲ ̲N̵a̵t̵.̵c̵a̵s̵t̵_̵o̵f̵N̵a̵t̵,̵ ̵one_mul] at hcs

Note: This linter can be disabled with `set_option linter.unusedSimpArgs false`
warning: BanditRLProof/RL/FiniteHorizonAdaptiveCumulativeUCBVIChargeSummation.lean:923:34: This simp argument is unused:
  one_mul

Hint: Omit it from the simp argument list.
  simp only [Real.sqrt_one, mul_one, Finset.sum_const, Finset.card_univ,
  ̵  ̵ ̵ ̵nsmul_eq_mul,
  ̲  ̲ ̲ ̲Nat.cast_ofNat,̵ ̵o̵n̵e̵_̵m̵u̵l̵] at hcs

Note: This linter can be disabled with `set_option linter.unusedSimpArgs false`
warning: BanditRLProof/RL/FiniteHorizonAdaptiveCumulativeUCBVIChargeSummation.lean:930:15: This simp argument is unused:
  Prod.fst

Hint: Omit it from the simp argument list.
  simp only [̵P̵r̵o̵d̵.̵f̵s̵t̵,̵ ̵P̵r̵o̵d̵.̵s̵n̵d̵]̵[̲P̲r̲o̲d̲.̲s̲n̲d̲]̲

Note: This linter can be disabled with `set_option linter.unusedSimpArgs false`
warning: BanditRLProof/RL/FiniteHorizonAdaptiveCumulativeUCBVIChargeSummation.lean:930:25: This simp argument is unused:
  Prod.snd

Hint: Omit it from the simp argument list.
  simp only [Prod.fst,̵ ̵P̵r̵o̵d̵.̵s̵n̵d̵]

Note: This linter can be disabled with `set_option linter.unusedSimpArgs false`
warning: BanditRLProof/RL/FiniteHorizonAdaptiveCumulativeUCBVIChargeSummation.lean:936:13: This simp argument is unused:
  Prod.fst

Hint: Omit it from the simp argument list.
  simp only [̵P̵r̵o̵d̵.̵f̵s̵t̵,̵ ̵P̵r̵o̵d̵.̵s̵n̵d̵]̵[̲P̲r̲o̲d̲.̲s̲n̲d̲]̲ at hcs

Note: This linter can be disabled with `set_option linter.unusedSimpArgs false`
warning: BanditRLProof/RL/FiniteHorizonAdaptiveCumulativeUCBVIChargeSummation.lean:936:23: This simp argument is unused:
  Prod.snd

Hint: Omit it from the simp argument list.
  simp only [Prod.fst,̵ ̵P̵r̵o̵d̵.̵s̵n̵d̵] at hcs

Note: This linter can be disabled with `set_option linter.unusedSimpArgs false`
warning: BanditRLProof/RL/FiniteHorizonAdaptiveCumulativeUCBVIChargeSummation.lean:1000:4: 'norm_num only [Nat.cast_mul]' tactic does nothing

Note: This linter can be disabled with `set_option linter.unusedTactic false`
⚠ [4215/4351] Replayed BanditRLProof.RL.FiniteHorizonAdaptiveCumulativeUCBVIAlignment
warning: BanditRLProof/RL/FiniteHorizonAdaptiveCumulativeUCBVIAlignment.lean:29:0: automatically included section variable(s) unused in theorem `BanditRLProof.FiniteHorizonRL.MDP.measurable_trajectoryStateAt`:
  [DecidableEq State]
  [DecidableEq Action]
  [MeasurableSingletonClass State]
  [MeasurableSingletonClass Action]
consider restructuring your `variable` declarations so that the variables are not in scope or explicitly omit them:
  omit [DecidableEq
  State] [DecidableEq Action] [MeasurableSingletonClass State] [MeasurableSingletonClass Action] in theorem ...

Note: This linter can be disabled with `set_option linter.unusedSectionVars false`
warning: BanditRLProof/RL/FiniteHorizonAdaptiveCumulativeUCBVIAlignment.lean:45:0: automatically included section variable(s) unused in theorem `BanditRLProof.FiniteHorizonRL.DeterministicMarkovPolicyTable.trajectoryMeasure_action_eq_table_ae`:
  [Nonempty State]
  [Nonempty Action]
consider restructuring your `variable` declarations so that the variables are not in scope or explicitly omit them:
  omit [Nonempty State] [Nonempty Action] in theorem ...

Note: This linter can be disabled with `set_option linter.unusedSectionVars false`
warning: BanditRLProof/RL/FiniteHorizonAdaptiveCumulativeUCBVIAlignment.lean:67:6: This simp argument is unused:
  Set.mem_empty_iff_false

Hint: Omit it from the simp argument list.
  simp only [Set.mem_setOf_eq, Set.mem_iUnion, Set.mem_ite_empty_right, S̵e̵t̵.̵m̵e̵m̵_̵e̵m̵p̵t̵y̵_̵i̵f̵f̵_̵f̵a̵l̵s̵e̵,̵ ̵and_false]

Note: This linter can be disabled with `set_option linter.unusedSimpArgs false`
warning: BanditRLProof/RL/FiniteHorizonAdaptiveCumulativeUCBVIAlignment.lean:67:31: This simp argument is unused:
  and_false

Hint: Omit it from the simp argument list.
  simp only [Set.mem_setOf_eq, Set.mem_iUnion, Set.mem_ite_empty_right,
  ̵  ̵ ̵ ̵ ̵ ̵Set.mem_empty_iff_false,̵ ̵a̵n̵d̵_̵f̵a̵l̵s̵e̵]

Note: This linter can be disabled with `set_option linter.unusedSimpArgs false`
warning: BanditRLProof/RL/FiniteHorizonAdaptiveCumulativeUCBVIAlignment.lean:144:8: This simp argument is unused:
  MDP.episodeBatchOfTrajectories

Hint: Omit it from the simp argument list.
  simp [batchMap, EpisodeBatch.reconstructedInitialState, hhorizon, M̵D̵P̵.̵e̵p̵i̵s̵o̵d̵e̵B̵a̵t̵c̵h̵O̵f̵T̵r̵a̵j̵e̵c̵t̵o̵r̵i̵e̵s̵,̵ ̵MDP.episodeStepOfTrajectory,
          MDP.trajectoryStateAt]

Note: This linter can be disabled with `set_option linter.unusedSimpArgs false`
warning: BanditRLProof/RL/FiniteHorizonAdaptiveCumulativeUCBVIAlignment.lean:151:8: This simp argument is unused:
  MDP.episodeBatchOfTrajectories

Hint: Omit it from the simp argument list.
  simp [batchMap, EpisodeBatch.reconstructedStepTrace, M̵D̵P̵.̵e̵p̵i̵s̵o̵d̵e̵B̵a̵t̵c̵h̵O̵f̵T̵r̵a̵j̵e̵c̵t̵o̵r̵i̵e̵s̵,̵ ̵MDP.episodeStepOfTrajectory]

Note: This linter can be disabled with `set_option linter.unusedSimpArgs false`
warning: BanditRLProof/RL/FiniteHorizonAdaptiveCumulativeUCBVIAlignment.lean:155:40: This simp argument is unused:
  MDP.episodeBatchOfTrajectories

Hint: Omit it from the simp argument list.
  simp [batchMap, hinitial, htrace, MDP.episodeB̵a̵t̵c̵h̵O̵f̵T̵r̵a̵j̵e̵c̵t̵o̵r̵i̵e̵s̵,̵
  ̵ ̵ ̵ ̵ ̵ ̵ ̵ ̵ ̵M̵D̵P̵.̵e̵p̵i̵s̵o̵d̵e̵StepOfTrajectory]

Note: This linter can be disabled with `set_option linter.unusedSimpArgs false`
⚠ [4216/4351] Replayed BanditRLProof.RL.FiniteHorizonAdaptiveCumulativeUCBVIProbabilityBudget
warning: BanditRLProof/RL/FiniteHorizonAdaptiveCumulativeUCBVIProbabilityBudget.lean:22:0: automatically included section variable(s) unused in theorem `BanditRLProof.FiniteHorizonRL.AdaptiveCumulativeHoeffdingUCBVI.card_bernsteinCoordinateIndex`:
  [DecidableEq State]
  [DecidableEq Action]
  [MeasurableSingletonClass State]
  [MeasurableSingletonClass Action]
  [Nonempty State]
  [Nonempty Action]
consider restructuring your `variable` declarations so that the variables are not in scope or explicitly omit them:
  omit [DecidableEq
  State] [DecidableEq
  Action] [MeasurableSingletonClass
  State] [MeasurableSingletonClass Action] [Nonempty State] [Nonempty Action] in theorem ...

Note: This linter can be disabled with `set_option linter.unusedSectionVars false`
warning: BanditRLProof/RL/FiniteHorizonAdaptiveCumulativeUCBVIProbabilityBudget.lean:40:0: automatically included section variable(s) unused in theorem `BanditRLProof.FiniteHorizonRL.AdaptiveCumulativeHoeffdingUCBVI.card_optimalTailIndex`:
  [DecidableEq State]
  [DecidableEq Action]
  [MeasurableSingletonClass State]
  [MeasurableSingletonClass Action]
  [Nonempty State]
  [Nonempty Action]
consider restructuring your `variable` declarations so that the variables are not in scope or explicitly omit them:
  omit [DecidableEq
  State] [DecidableEq
  Action] [MeasurableSingletonClass
  State] [MeasurableSingletonClass Action] [Nonempty State] [Nonempty Action] in theorem ...

Note: This linter can be disabled with `set_option linter.unusedSectionVars false`
warning: BanditRLProof/RL/FiniteHorizonAdaptiveCumulativeUCBVIProbabilityBudget.lean:60:0: automatically included section variable(s) unused in theorem `BanditRLProof.FiniteHorizonRL.AdaptiveCumulativeHoeffdingUCBVI.exp_neg_two_mul_logFactor_eq`:
  [DecidableEq State]
  [DecidableEq Action]
  [MeasurableSingletonClass State]
  [MeasurableSingletonClass Action]
consider restructuring your `variable` declarations so that the variables are not in scope or explicitly omit them:
  omit [DecidableEq
  State] [DecidableEq Action] [MeasurableSingletonClass State] [MeasurableSingletonClass Action] in theorem ...

Note: This linter can be disabled with `set_option linter.unusedSectionVars false`
warning: BanditRLProof/RL/FiniteHorizonAdaptiveCumulativeUCBVIProbabilityBudget.lean:105:5: unused variable `hx`

Note: This linter can be disabled with `set_option linter.unusedVariables false`
warning: BanditRLProof/RL/FiniteHorizonAdaptiveCumulativeUCBVIProbabilityBudget.lean:105:19: unused variable `hbudget`

Note: This linter can be disabled with `set_option linter.unusedVariables false`
⚠ [4217/4351] Replayed BanditRLProof.RL.FiniteHorizonAdaptiveCumulativeUCBVIMartingaleTuning
warning: BanditRLProof/RL/FiniteHorizonAdaptiveCumulativeUCBVIMartingaleTuning.lean:35:0: automatically included section variable(s) unused in theorem `BanditRLProof.FiniteHorizonRL.AdaptiveCumulativeHoeffdingUCBVI.bellmanInnovationThreshold_nonneg`:
  [DecidableEq State]
  [DecidableEq Action]
  [MeasurableSingletonClass State]
  [MeasurableSingletonClass Action]
  [Nonempty State]
  [Nonempty Action]
consider restructuring your `variable` declarations so that the variables are not in scope or explicitly omit them:
  omit [DecidableEq
  State] [DecidableEq
  Action] [MeasurableSingletonClass
  State] [MeasurableSingletonClass Action] [Nonempty State] [Nonempty Action] in theorem ...

Note: This linter can be disabled with `set_option linter.unusedSectionVars false`
⚠ [4218/4351] Replayed BanditRLProof.RL.FiniteHorizonAdaptiveCumulativeUCBVITerminal
warning: BanditRLProof/RL/FiniteHorizonAdaptiveCumulativeUCBVITerminal.lean:38:0: automatically included section variable(s) unused in theorem `BanditRLProof.FiniteHorizonRL.AdaptiveCumulativeHoeffdingUCBVI.canonicalRegretBound_nonneg`:
  [DecidableEq State]
  [DecidableEq Action]
  [MeasurableSingletonClass State]
  [MeasurableSingletonClass Action]
consider restructuring your `variable` declarations so that the variables are not in scope or explicitly omit them:
  omit [DecidableEq
  State] [DecidableEq Action] [MeasurableSingletonClass State] [MeasurableSingletonClass Action] in theorem ...

Note: This linter can be disabled with `set_option linter.unusedSectionVars false`
warning: BanditRLProof/RL/FiniteHorizonAdaptiveCumulativeUCBVITerminal.lean:157:8: automatically included section variable(s) unused in theorem `_private.BanditRLProof.RL.FiniteHorizonAdaptiveCumulativeUCBVITerminal.0.BanditRLProof.FiniteHorizonRL.AdaptiveCumulativeHoeffdingUCBVI.sum_shift_recurrentBellmanInnovation_eq`:
  [Nonempty State]
consider restructuring your `variable` declarations so that the variables are not in scope or explicitly omit them:
  omit [Nonempty State] in theorem ...

Note: This linter can be disabled with `set_option linter.unusedSectionVars false`
warning: BanditRLProof/RL/FiniteHorizonAdaptiveCumulativeUCBVITerminal.lean:174:0: automatically included section variable(s) unused in theorem `BanditRLProof.FiniteHorizonRL.AdaptiveCumulativeHoeffdingUCBVI.sqrt_totalSteps_mul_card_eq_paper`:
  [DecidableEq State]
  [DecidableEq Action]
  [MeasurableSingletonClass State]
  [MeasurableSingletonClass Action]
  [Nonempty State]
  [Nonempty Action]
consider restructuring your `variable` declarations so that the variables are not in scope or explicitly omit them:
  omit [DecidableEq
  State] [DecidableEq
  Action] [MeasurableSingletonClass
  State] [MeasurableSingletonClass Action] [Nonempty State] [Nonempty Action] in theorem ...

Note: This linter can be disabled with `set_option linter.unusedSectionVars false`
⚠ [4219/4351] Replayed BanditRLProof.RL.FiniteHorizonAdaptiveCumulativeUCBVIExpectedRegret
warning: BanditRLProof/RL/FiniteHorizonAdaptiveCumulativeUCBVIExpectedRegret.lean:29:0: automatically included section variable(s) unused in theorem `BanditRLProof.FiniteHorizonRL.AdaptiveCumulativeHoeffdingUCBVI.measurable_generatedPolicyTable`:
  [Nonempty State]
consider restructuring your `variable` declarations so that the variables are not in scope or explicitly omit them:
  omit [Nonempty State] in theorem ...

Note: This linter can be disabled with `set_option linter.unusedSectionVars false`
warning: BanditRLProof/RL/FiniteHorizonAdaptiveCumulativeUCBVIExpectedRegret.lean:48:0: automatically included section variable(s) unused in theorem `BanditRLProof.FiniteHorizonRL.AdaptiveCumulativeHoeffdingUCBVI.measurable_generatedEpisodeInitialState`:
  [DecidableEq State]
  [DecidableEq Action]
  [MeasurableSingletonClass State]
  [MeasurableSingletonClass Action]
  [Nonempty State]
  [Nonempty Action]
consider restructuring your `variable` declarations so that the variables are not in scope or explicitly omit them:
  omit [DecidableEq
  State] [DecidableEq
  Action] [MeasurableSingletonClass
  State] [MeasurableSingletonClass Action] [Nonempty State] [Nonempty Action] in theorem ...

Note: This linter can be disabled with `set_option linter.unusedSectionVars false`
ℹ [4321/4791] Replayed BanditRLProof.RL.FiniteHorizonNaturalCausalInverseSqrtThresholdUnboundedHittingAfterIntegrableFiniteStoppingTime
info: BanditRLProof/RL/FiniteHorizonNaturalCausalInverseSqrtThresholdUnboundedHittingAfterIntegrableFiniteStoppingTime.lean:352:45: Try this:
  [apply] ring_nf
  
  The `ring` tactic failed to close the goal. Use `ring_nf` to obtain a normal form.
    
  Note that `ring` works primarily in *commutative* rings. If you have a noncommutative ring, abelian group or module, consider using `noncomm_ring`, `abel` or `module` instead.
ℹ [4322/4791] Replayed BanditRLProof.RL.FiniteHorizonNaturalCausalInverseSqrtThresholdUnboundedHittingAfterSquareIntegrableFiniteStoppingTime
info: BanditRLProof/RL/FiniteHorizonNaturalCausalInverseSqrtThresholdUnboundedHittingAfterSquareIntegrableFiniteStoppingTime.lean:263:45: Try this:
  [apply] ring_nf
  
  The `ring` tactic failed to close the goal. Use `ring_nf` to obtain a normal form.
    
  Note that `ring` works primarily in *commutative* rings. If you have a noncommutative ring, abelian group or module, consider using `noncomm_ring`, `abel` or `module` instead.
⚠ [4323/4791] Replayed BanditRLProof.RL.FiniteHorizonNaturalCausalBoundedStoppingTimeSingleModelEventHighProbabilityAverageRealizedBehaviorRegret
warning: BanditRLProof/RL/FiniteHorizonNaturalCausalBoundedStoppingTimeSingleModelEventHighProbabilityAverageRealizedBehaviorRegret.lean:33:0: automatically included section variable(s) unused in theorem `BanditRLProof.FiniteHorizonRL.HeterogeneousAdaptiveStochasticEpisodeBatchSource.finiteHorizonBadEvent_mono`:
  [DecidableEq State]
  [DecidableEq Action]
  [MeasurableSingletonClass State]
  [MeasurableSingletonClass Action]
  [Nonempty State]
  [Nonempty Action]
consider restructuring your `variable` declarations so that the variables are not in scope or explicitly omit them:
  omit [DecidableEq
  State] [DecidableEq
  Action] [MeasurableSingletonClass
  State] [MeasurableSingletonClass Action] [Nonempty State] [Nonempty Action] in theorem ...

Note: This linter can be disabled with `set_option linter.unusedSectionVars false`
⚠ [4325/4791] Replayed BanditRLProof.RL.FiniteHorizonNaturalCausalBoundedStoppingTimeExplicitExpectedAverageRealizedBehaviorRegret
warning: BanditRLProof/RL/FiniteHorizonNaturalCausalBoundedStoppingTimeExplicitExpectedAverageRealizedBehaviorRegret.lean:170:0: automatically included section variable(s) unused in theorem `BanditRLProof.FiniteHorizonRL.AdaptiveStochasticSampledEmpiricalOptimisticSource.selfConsistentScheduledNaturalCausalRealizedAverageLogarithmicRate_nonneg`:
  [DecidableEq State]
  [DecidableEq Action]
  [MeasurableSingletonClass State]
  [MeasurableSingletonClass Action]
  [Nonempty State]
  [Nonempty Action]
consider restructuring your `variable` declarations so that the variables are not in scope or explicitly omit them:
  omit [DecidableEq
  State] [DecidableEq
  Action] [MeasurableSingletonClass
  State] [MeasurableSingletonClass Action] [Nonempty State] [Nonempty Action] in theorem ...

Note: This linter can be disabled with `set_option linter.unusedSectionVars false`
⚠ [4326/4791] Replayed BanditRLProof.RL.FiniteHorizonNaturalCausalBoundedStoppingTimeExplicitDeterministicMomentExpectedAverageRealizedBehaviorRegret
warning: BanditRLProof/RL/FiniteHorizonNaturalCausalBoundedStoppingTimeExplicitDeterministicMomentExpectedAverageRealizedBehaviorRegret.lean:78:0: automatically included section variable(s) unused in theorem `BanditRLProof.FiniteHorizonRL.AdaptiveStochasticSampledEmpiricalOptimisticSource.selfConsistentScheduledNaturalCausalAverageRealizedBehaviorRegretSecondMomentEnvelope_nonneg`:
  [DecidableEq State]
  [DecidableEq Action]
  [MeasurableSingletonClass State]
  [MeasurableSingletonClass Action]
  [Nonempty State]
  [Nonempty Action]
consider restructuring your `variable` declarations so that the variables are not in scope or explicitly omit them:
  omit [DecidableEq
  State] [DecidableEq
  Action] [MeasurableSingletonClass
  State] [MeasurableSingletonClass Action] [Nonempty State] [Nonempty Action] in theorem ...

Note: This linter can be disabled with `set_option linter.unusedSectionVars false`
⚠ [4327/4791] Replayed BanditRLProof.RL.FiniteHorizonNaturalCausalInverseSqrtThresholdUnboundedHittingAfterIntegrableExpectedUpperBound
warning: BanditRLProof/RL/FiniteHorizonNaturalCausalInverseSqrtThresholdUnboundedHittingAfterIntegrableExpectedUpperBound.lean:43:0: automatically included section variable(s) unused in theorem `BanditRLProof.FiniteHorizonRL.AdaptiveStochasticSampledEmpiricalOptimisticSource.selfConsistentScheduledNaturalCausalAverageRealizedBehaviorRegretUniformSecondMomentEnvelope_nonneg`:
  [DecidableEq State]
  [DecidableEq Action]
  [MeasurableSingletonClass State]
  [MeasurableSingletonClass Action]
  [Nonempty State]
  [Nonempty Action]
consider restructuring your `variable` declarations so that the variables are not in scope or explicitly omit them:
  omit [DecidableEq
  State] [DecidableEq
  Action] [MeasurableSingletonClass
  State] [MeasurableSingletonClass Action] [Nonempty State] [Nonempty Action] in theorem ...

Note: This linter can be disabled with `set_option linter.unusedSectionVars false`
⚠ [8873/8923] Replayed BanditRLProof.ConcentrationDyadicExponential
warning: BanditRLProof/ConcentrationDyadicExponential.lean:49:42: this tactic is never executed

Note: This linter can be disabled with `set_option linter.unreachableTactic false`
warning: BanditRLProof/ConcentrationDyadicExponential.lean:49:42: 'ring' tactic does nothing

Note: This linter can be disabled with `set_option linter.unusedTactic false`
warning: BanditRLProof/ConcentrationDyadicExponential.lean:92:20: Used `tac1 <;> tac2` where `(tac1; tac2)` would suffice

Note: This linter can be disabled with `set_option linter.unnecessarySeqFocus false`
warning: BanditRLProof/ConcentrationDyadicExponential.lean:92:35: Used `tac1 <;> tac2` where `(tac1; tac2)` would suffice

Note: This linter can be disabled with `set_option linter.unnecessarySeqFocus false`
⚠ [8874/8923] Replayed BanditRLProof.Algorithms.MOSSPeeling
info: BanditRLProof/Algorithms/MOSSPeeling.lean:139:68: Try this:
  [apply] ring_nf
  
  The `ring` tactic failed to close the goal. Use `ring_nf` to obtain a normal form.
    
  Note that `ring` works primarily in *commutative* rings. If you have a noncommutative ring, abelian group or module, consider using `noncomm_ring`, `abel` or `module` instead.
warning: BanditRLProof/Algorithms/MOSSPeeling.lean:139:20: Used `tac1 <;> tac2` where `(tac1; tac2)` would suffice

Note: This linter can be disabled with `set_option linter.unnecessarySeqFocus false`
warning: BanditRLProof/Algorithms/MOSSPeeling.lean:139:34: Used `tac1 <;> tac2` where `(tac1; tac2)` would suffice

Note: This linter can be disabled with `set_option linter.unnecessarySeqFocus false`
warning: BanditRLProof/Algorithms/MOSSPeeling.lean:139:46: Used `tac1 <;> tac2` where `(tac1; tac2)` would suffice

Note: This linter can be disabled with `set_option linter.unnecessarySeqFocus false`
warning: BanditRLProof/Algorithms/MOSSPeeling.lean:139:64: Used `tac1 <;> tac2` where `(tac1; tac2)` would suffice

Note: This linter can be disabled with `set_option linter.unnecessarySeqFocus false`
warning: BanditRLProof/Algorithms/MOSSPeeling.lean:146:0: automatically included section variable(s) unused in theorem `BanditRLProof.MOSS.meanBadEvent_subset_scaledBadEvent`:
  [MeasurableSpace Ω]
consider restructuring your `variable` declarations so that the variables are not in scope or explicitly omit them:
  omit [MeasurableSpace Ω] in theorem ...

Note: This linter can be disabled with `set_option linter.unusedSectionVars false`
⚠ [8876/8923] Replayed BanditRLProof.Algorithms.MOSSOptimism
warning: BanditRLProof/Algorithms/MOSSOptimism.lean:19:0: automatically included section variable(s) unused in theorem `BanditRLProof.MOSS.optimismDeficit_nonneg`:
  [MeasurableSpace Ω]
consider restructuring your `variable` declarations so that the variables are not in scope or explicitly omit them:
  omit [MeasurableSpace Ω] in theorem ...

Note: This linter can be disabled with `set_option linter.unusedSectionVars false`
warning: BanditRLProof/Algorithms/MOSSOptimism.lean:25:0: automatically included section variable(s) unused in theorem `BanditRLProof.MOSS.le_optimismDeficit_iff`:
  [MeasurableSpace Ω]
consider restructuring your `variable` declarations so that the variables are not in scope or explicitly omit them:
  omit [MeasurableSpace Ω] in theorem ...

Note: This linter can be disabled with `set_option linter.unusedSectionVars false`
⚠ [8878/8923] Replayed BanditRLProof.Algorithms.MOSSOccupancy
warning: BanditRLProof/Algorithms/MOSSOccupancy.lean:12:18: unused variable `hg`

Note: This linter can be disabled with `set_option linter.unusedVariables false`
warning: BanditRLProof/Algorithms/MOSSOccupancy.lean:56:27: Used `tac1 <;> tac2` where `(tac1; tac2)` would suffice

Note: This linter can be disabled with `set_option linter.unnecessarySeqFocus false`
⚠ [8879/8923] Replayed BanditRLProof.ConcentrationGaussianOccupancy
warning: BanditRLProof/ConcentrationGaussianOccupancy.lean:24:63: Used `tac1 <;> tac2` where `(tac1; tac2)` would suffice

Note: This linter can be disabled with `set_option linter.unnecessarySeqFocus false`
warning: BanditRLProof/ConcentrationGaussianOccupancy.lean:27:68: unused variable `hε`

Note: This linter can be disabled with `set_option linter.unusedVariables false`
info: BanditRLProof/ConcentrationGaussianOccupancy.lean:126:2: Try this:
  [apply] ring_nf
  
  The `ring` tactic failed to close the goal. Use `ring_nf` to obtain a normal form.
    
  Note that `ring` works primarily in *commutative* rings. If you have a noncommutative ring, abelian group or module, consider using `noncomm_ring`, `abel` or `module` instead.
⚠ [8882/8923] Replayed BanditRLProof.Algorithms.MOSSConstants
warning: BanditRLProof/Algorithms/MOSSConstants.lean:35:68: Used `tac1 <;> tac2` where `(tac1; tac2)` would suffice

Note: This linter can be disabled with `set_option linter.unnecessarySeqFocus false`
warning: BanditRLProof/Algorithms/MOSSConstants.lean:40:53: Used `tac1 <;> tac2` where `(tac1; tac2)` would suffice

Note: This linter can be disabled with `set_option linter.unnecessarySeqFocus false`
⚠ [8883/8923] Replayed BanditRLProof.Algorithms.MOSSExpectedOccupancy
warning: BanditRLProof/Algorithms/MOSSExpectedOccupancy.lean:12:0: automatically included section variable(s) unused in theorem `BanditRLProof.MOSS.fixedLogExceedanceCount_eq_fixedRadiusCount`:
  [MeasurableSpace Ω]
consider restructuring your `variable` declarations so that the variables are not in scope or explicitly omit them:
  omit [MeasurableSpace Ω] in theorem ...

Note: This linter can be disabled with `set_option linter.unusedSectionVars false`
warning: BanditRLProof/Algorithms/MOSSExpectedOccupancy.lean:61:29: `MeasureTheory.measureReal_univ_eq_one` has been deprecated: Use `MeasureTheory.probReal_univ` instead
⚠ [8893/8923] Replayed BanditRLProof.Algorithms.MOSSHistoryLaw
warning: BanditRLProof/Algorithms/MOSSHistoryLaw.lean:16:74: This simp argument is unused:
  Function.comp_def

Hint: Omit it from the simp argument list.
  simp [canonicalReward, UCB.rewardFromArmStream, canonicalAction_zero,̵ ̵F̵u̵n̵c̵t̵i̵o̵n̵.̵c̵o̵m̵p̵_̵d̵e̵f̵]

Note: This linter can be disabled with `set_option linter.unusedSimpArgs false`
⚠ [8895/8923] Replayed BanditRLProof.LowerBounds.SubgaussianMinimax
warning: BanditRLProof/LowerBounds/SubgaussianMinimax.lean:119:13: `mul_le_mul_left'` has been deprecated: Use `mul_le_mul_right` instead
⚠ [8899/8923] Replayed BanditRLProof.OnlineLearningFTL
warning: BanditRLProof/OnlineLearningFTL.lean:81:41: unused variable `hT`

Note: This linter can be disabled with `set_option linter.unusedVariables false`
⚠ [8905/8923] Replayed BanditRLProof.OnlineLearningHistory
warning: BanditRLProof/OnlineLearningHistory.lean:42:6: 'ring' tactic does nothing

Note: This linter can be disabled with `set_option linter.unusedTactic false`
warning: BanditRLProof/OnlineLearningHistory.lean:42:6: this tactic is never executed

Note: This linter can be disabled with `set_option linter.unreachableTactic false`
⚠ [8920/8923] Built BanditRLProof.OnlineConvexExtended (10s)
warning: BanditRLProof/OnlineConvexExtended.lean:46:0: automatically included section variable(s) unused in theorem `BanditRL.OnlineConvex.effectiveDomain_indicator`:
  [AddCommGroup E]
  [Module ℝ E]
consider restructuring your `variable` declarations so that the variables are not in scope or explicitly omit them:
  omit [AddCommGroup E] [Module ℝ E] in theorem ...

Note: This linter can be disabled with `set_option linter.unusedSectionVars false`
warning: BanditRLProof/OnlineConvexExtended.lean:66:0: automatically included section variable(s) unused in theorem `BanditRL.OnlineConvex.realEpigraph_toReal`:
  [AddCommGroup E]
  [Module ℝ E]
consider restructuring your `variable` declarations so that the variables are not in scope or explicitly omit them:
  omit [AddCommGroup E] [Module ℝ E] in theorem ...

Note: This linter can be disabled with `set_option linter.unusedSectionVars false`
✔ [8921/8923] Built BanditRLProof (14s)
✖ [8923/8923] Building Tests.OnlineConvexExtendedCanary (16s)
trace: .> LEAN_PATH=E:\ABRL\research\.lake\packages\Cli\.lake\build\lib\lean;E:\ABRL\research\.lake\packages\batteries\.lake\build\lib\lean;E:\ABRL\research\.lake\packages\Qq\.lake\build\lib\lean;E:\ABRL\research\.lake\packages\aesop\.lake\build\lib\lean;E:\ABRL\research\.lake\packages\proofwidgets\.lake\build\lib\lean;E:\ABRL\research\.lake\packages\importGraph\.lake\build\lib\lean;E:\ABRL\research\.lake\packages\LeanSearchClient\.lake\build\lib\lean;E:\ABRL\research\.lake\packages\plausible\.lake\build\lib\lean;E:\ABRL\research\.lake\packages\mathlib\.lake\build\lib\lean;E:\ABRL\worktrees\research-online-book\.lake\build\lib\lean c:\Users\admin\.elan\toolchains\leanprover--lean4---v4.29.1\bin\lean.exe E:\ABRL\worktrees\research-online-book\Tests\OnlineConvexExtendedCanary.lean -o E:\ABRL\worktrees\research-online-book\.lake\build\lib\lean\Tests\OnlineConvexExtendedCanary.olean -i E:\ABRL\worktrees\research-online-book\.lake\build\lib\lean\Tests\OnlineConvexExtendedCanary.ilean -c E:\ABRL\worktrees\research-online-book\.lake\build\ir\Tests\OnlineConvexExtendedCanary.c --setup E:\ABRL\worktrees\research-online-book\.lake\build\ir\Tests\OnlineConvexExtendedCanary.setup.json --json
error: Tests/OnlineConvexExtendedCanary.lean:29:8: typeclass instance problem is stuck
  Preorder ?m.111

Note: Lean will not try to resolve this typeclass instance problem because the type argument to `Preorder` is a metavariable. This argument must be fully determined before Lean will try to resolve the typeclass.

Hint: Adding type annotations and supplying implicit arguments to functions can give Lean more information for typeclass resolution. For example, if you have a variable `x` that you intend to be a `Nat`, but Lean reports it as having an unresolved type like `?m`, replacing `x` with `(x : Nat)` can get typeclass resolution un-stuck.
warning: Tests/OnlineConvexExtendedCanary.lean:27:44: This simp argument is unused:
  if_pos hx

Hint: Omit it from the simp argument list.
  simp only [smul_eq_mul, restrictedLinear, if_pos hx̵,̵ ̵i̵f̵_̵p̵o̵s̵ ̵h̵y, if_pos hz,
  ̵  ̵ ̵ ̵← EReal.coe_mul, ← EReal.coe_add]

Note: This linter can be disabled with `set_option linter.unusedSimpArgs false`
warning: Tests/OnlineConvexExtendedCanary.lean:27:55: This simp argument is unused:
  if_pos hy

Hint: Omit it from the simp argument list.
  simp only [smul_eq_mul, restrictedLinear, if_pos hx, if_pos hy̵,̵ ̵i̵f̵_̵p̵o̵s̵ ̵h̵z,
  ̵  ̵ ̵ ̵← EReal.coe_mul, ← EReal.coe_add]

Note: This linter can be disabled with `set_option linter.unusedSimpArgs false`
warning: Tests/OnlineConvexExtendedCanary.lean:28:4: This simp argument is unused:
  ← EReal.coe_mul

Hint: Omit it from the simp argument list.
  simp only [smul_eq_mul, restrictedLinear, if_pos hx, if_pos hy, if_pos hz, ← E̵R̵e̵a̵l̵.̵c̵o̵e̵_̵m̵u̵l̵,̵ ̵←̵ ̵EReal.coe_add]

Note: Simp arguments with `←` have the additional effect of removing the other direction from the simp set, even if the simp argument itself is unused. If the hint above does not work, try replacing `←` with `-` to only get that effect and silence this warning.

Note: This linter can be disabled with `set_option linter.unusedSimpArgs false`
warning: Tests/OnlineConvexExtendedCanary.lean:28:21: This simp argument is unused:
  ← EReal.coe_add

Hint: Omit it from the simp argument list.
  simp only [smul_eq_mul, restrictedLinear, if_pos hx, if_pos hy, if_pos hz, ← E̵R̵e̵a̵l̵.̵c̵o̵e̵_̵m̵u̵l̵,̵ ̵←̵ ̵E̵R̵e̵a̵l̵.̵c̵o̵e̵_̵a̵d̵d̵]̵E̲R̲e̲a̲l̲.̲c̲o̲e̲_̲m̲u̲l̲]̲

Note: Simp arguments with `←` have the additional effect of removing the other direction from the simp set, even if the simp argument itself is unused. If the hint above does not work, try replacing `←` with `-` to only get that effect and silence this warning.

Note: This linter can be disabled with `set_option linter.unusedSimpArgs false`
error: Tests/OnlineConvexExtendedCanary.lean:34:87: unsolved goals
⊢ ↑2 = 2
error: Tests/OnlineConvexExtendedCanary.lean:40:2: Type mismatch
  (theorem_2_4 restrictedLinear no_bot_linear
        (Eq.mpr (id (congrArg (fun _a => Convex ℝ _a) domain_linear)) (convex_Ici 0))).mp
    convex_linear 0
    (Eq.mpr (id (congrArg (fun _a => 0 ∈ _a) domain_linear))
      (of_eq_true
        (Eq.trans mem_Ici._simp_1
          (eq_true
            (Mathlib.Meta.NormNum.isNat_le_true (Mathlib.Meta.NormNum.isNat_ofNat ℝ Nat.cast_zero)
              (Mathlib.Meta.NormNum.isNat_ofNat ℝ Nat.cast_zero) (Eq.refl true))))))
    2
    (Eq.mpr (id (congrArg (fun _a => 2 ∈ _a) domain_linear))
      (of_eq_true
        (Eq.trans mem_Ici._simp_1
          (eq_true
            (Mathlib.Meta.NormNum.isNat_le_true (Mathlib.Meta.NormNum.isNat_ofNat ℝ Nat.cast_zero)
              (Mathlib.Meta.NormNum.isNat_ofNat ℝ (Eq.refl 2)) (Eq.refl true))))))
    (1 / 2)
    (Mathlib.Meta.NormNum.isNNRat_lt_true
      (Mathlib.Meta.NormNum.IsNat.to_isNNRat (Mathlib.Meta.NormNum.isNat_ofNat ℝ Nat.cast_zero))
      (Mathlib.Meta.NormNum.isNNRat_div
        (Mathlib.Meta.NormNum.isNNRat_mul (Eq.refl HMul.hMul)
          (Mathlib.Meta.NormNum.IsNat.to_isNNRat (Mathlib.Meta.NormNum.isNat_ofNat ℝ Nat.cast_one))
          (Mathlib.Meta.NormNum.isNNRat_inv_pos
            (Mathlib.Meta.NormNum.IsNat.to_isNNRat (Mathlib.Meta.NormNum.isNat_ofNat ℝ (Eq.refl 2))))
          (Eq.refl (Nat.mul 1 1)) (Eq.refl 2)))
      (Eq.refl true))
    (Mathlib.Meta.NormNum.isNNRat_lt_true
      (Mathlib.Meta.NormNum.isNNRat_div
        (Mathlib.Meta.NormNum.isNNRat_mul (Eq.refl HMul.hMul)
          (Mathlib.Meta.NormNum.IsNat.to_isNNRat (Mathlib.Meta.NormNum.isNat_ofNat ℝ Nat.cast_one))
          (Mathlib.Meta.NormNum.isNNRat_inv_pos
            (Mathlib.Meta.NormNum.IsNat.to_isNNRat (Mathlib.Meta.NormNum.isNat_ofNat ℝ (Eq.refl 2))))
          (Eq.refl (Nat.mul 1 1)) (Eq.refl 2)))
      (Mathlib.Meta.NormNum.IsNat.to_isNNRat (Mathlib.Meta.NormNum.isNat_ofNat ℝ Nat.cast_one)) (Eq.refl true))
has type
  restrictedLinear ((1 / 2) • 0 + (1 - 1 / 2) • 2) ≤ ↑(1 / 2) * restrictedLinear 0 + ↑(1 - 1 / 2) * restrictedLinear 2
but is expected to have type
  restrictedLinear (1 / 2 • 0 + (1 - 1 / 2) • 2) ≤ ↑(1 / 2) * restrictedLinear 0 + ↑(1 - 1 / 2) * restrictedLinear 2
info: Tests/OnlineConvexExtendedCanary.lean:57:0: 'BanditRL.OnlineConvex.definition_2_2' depends on axioms: [propext, Classical.choice, Quot.sound]
info: Tests/OnlineConvexExtendedCanary.lean:58:0: 'BanditRL.OnlineConvex.convex_effectiveDomain' depends on axioms: [propext, Classical.choice, Quot.sound]
info: Tests/OnlineConvexExtendedCanary.lean:59:0: 'BanditRL.OnlineConvex.effectiveDomain_indicator' depends on axioms: [propext, Classical.choice, Quot.sound]
info: Tests/OnlineConvexExtendedCanary.lean:60:0: 'BanditRL.OnlineConvex.convex_indicator_iff' depends on axioms: [propext, Classical.choice, Quot.sound]
info: Tests/OnlineConvexExtendedCanary.lean:61:0: 'BanditRL.OnlineConvex.realEpigraph_toReal' depends on axioms: [propext, Classical.choice, Quot.sound]
info: Tests/OnlineConvexExtendedCanary.lean:62:0: 'BanditRL.OnlineConvex.convexExtended_iff_toReal' depends on axioms: [propext, Classical.choice, Quot.sound]
info: Tests/OnlineConvexExtendedCanary.lean:63:0: 'BanditRL.OnlineConvex.theorem_2_4' depends on axioms: [propext, Classical.choice, Quot.sound]
info: Tests/OnlineConvexExtendedCanary.lean:64:0: 'Tests.OnlineConvexExtended.convex_linear' depends on axioms: [propext, sorryAx, Classical.choice, Quot.sound]
info: Tests/OnlineConvexExtendedCanary.lean:65:0: 'Tests.OnlineConvexExtended.nondegenerate' depends on axioms: [propext, sorryAx, Classical.choice, Quot.sound]
error: Lean exited with code 1
Some required targets logged failures:
- Tests.OnlineConvexExtendedCanary
error: build failed
